year,pa_code,pa_area,pa_cropland,pa_pctcrop,vol_deliv_cy,vol_deliv_cy_ag,vol_deliv_cy_mi,vol_deliv_wy,vol_deliv_wy_ag,vol_deliv_wy_mi,vol_maximum,vol_maximum_ag,vol_maximum_mi,swp_deliveries,swp_deliveries_ag,swp_deliveries_mi,swp_maxvol,swp_maxvol_ag,swp_maxvol_mi,swp_basemax,swp_basemax_ag,swp_basemax_mi,cvp_deliveries_cy,cvp_deliveries_cy_ag,cvp_deliveries_cy_mi,cvp_deliveries_wy,cvp_deliveries_wy_ag,cvp_deliveries_wy_mi,cvp_maxvol,cvp_maxvol_ag,cvp_maxvol_mi,loco_maxvol,loco_maxvol_ag,loco_maxvol_mi,loco_deliveries,loco_deliveries_ag,loco_deliveries_mi,rights_avgdivert,rights_avgdivert_ag,rights_avgdivert_mi,pct_allocation,pct_allocation_ag,pct_allocation_mi,swp_pctallo_ag,swp_pctallo_mi,cvp_pctallo_ag,cvp_pctallo_mi
1993,101,9718.836972180001,962.2090606689453,.099004544,138904.7495342996,135632.2495028581,3272.50003759563,138904.7495342996,135632.2495028581,3272.50003759563,138904.7495342996,135632.2495028581,3272.50003759563,0,0,0,0,0,0,0,0,0,0,0,0,0,0,0,0,0,0,0,0,0,0,0,0,138904.7495342996,135632.2495028581,3272.50003144145,1,1,1,,,,
1994,101,9718.836972180001,962.2090606689453,.099004544,138904.7495342996,135632.2495028581,3272.50003759563,138904.7495342996,135632.2495028581,3272.50003759563,138904.7495342996,135632.2495028581,3272.50003759563,0,0,0,0,0,0,0,0,0,0,0,0,0,0,0,0,0,0,0,0,0,0,0,0,138904.7495342996,135632.2495028581,3272.50003144145,1,1,1,,,,
1995,101,9718.836972180001,962.2090606689453,.099004544,138904.7495342996,135632.2495028581,3272.50003759563,138904.7495342996,135632.2495028581,3272.50003759563,138904.7495342996,135632.2495028581,3272.50003759563,0,0,0,0,0,0,0,0,0,0,0,0,0,0,0,0,0,0,0,0,0,0,0,0,138904.7495342996,135632.2495028581,3272.50003144145,1,1,1,,,,
1996,101,9718.836972180001,962.2090606689453,.099004544,138904.7495342996,135632.2495028581,3272.50003759563,138904.7495342996,135632.2495028581,3272.50003759563,138904.7495342996,135632.2495028581,3272.50003759563,0,0,0,0,0,0,0,0,0,0,0,0,0,0,0,0,0,0,0,0,0,0,0,0,138904.7495342996,135632.2495028581,3272.50003144145,1,1,1,,,,
1997,101,9718.836972180001,962.2090606689453,.099004544,138904.7495342996,135632.2495028581,3272.50003759563,138904.7495342996,135632.2495028581,3272.50003759563,138904.7495342996,135632.2495028581,3272.50003759563,0,0,0,0,0,0,0,0,0,0,0,0,0,0,0,0,0,0,0,0,0,0,0,0,138904.7495342996,135632.2495028581,3272.50003144145,1,1,1,,,,
1998,101,9718.836972180001,962.2090606689453,.099004544,138904.7495342996,135632.2495028581,3272.50003759563,138904.7495342996,135632.2495028581,3272.50003759563,138904.7495342996,135632.2495028581,3272.50003759563,0,0,0,0,0,0,0,0,0,0,0,0,0,0,0,0,0,0,0,0,0,0,0,0,138904.7495342996,135632.2495028581,3272.50003144145,1,1,1,,,,
1999,101,9718.836972180001,962.2090606689453,.099004544,138904.7495342996,135632.2495028581,3272.50003759563,138904.7495342996,135632.2495028581,3272.50003759563,138904.7495342996,135632.2495028581,3272.50003759563,0,0,0,0,0,0,0,0,0,0,0,0,0,0,0,0,0,0,0,0,0,0,0,0,138904.7495342996,135632.2495028581,3272.50003144145,1,1,1,,,,
2000,101,9718.836972180001,962.2090606689453,.099004544,138904.7495342996,135632.2495028581,3272.50003759563,138904.7495342996,135632.2495028581,3272.50003759563,138904.7495342996,135632.2495028581,3272.50003759563,0,0,0,0,0,0,0,0,0,0,0,0,0,0,0,0,0,0,0,0,0,0,0,0,138904.7495342996,135632.2495028581,3272.50003144145,1,1,1,,,,
2001,101,9718.836972180001,962.2090606689453,.099004544,138904.7495342996,135632.2495028581,3272.50003759563,138904.7495342996,135632.2495028581,3272.50003759563,138904.7495342996,135632.2495028581,3272.50003759563,0,0,0,0,0,0,0,0,0,0,0,0,0,0,0,0,0,0,0,0,0,0,0,0,138904.7495342996,135632.2495028581,3272.50003144145,1,1,1,,,,
2002,101,9718.836972180001,962.2090606689453,.099004544,138904.7495342996,135632.2495028581,3272.50003759563,138904.7495342996,135632.2495028581,3272.50003759563,138904.7495342996,135632.2495028581,3272.50003759563,0,0,0,0,0,0,0,0,0,0,0,0,0,0,0,0,0,0,0,0,0,0,0,0,138904.7495342996,135632.2495028581,3272.50003144145,1,1,1,,,,
2003,101,9718.836972180001,962.2090606689453,.099004544,138904.7495342996,135632.2495028581,3272.50003759563,138904.7495342996,135632.2495028581,3272.50003759563,138904.7495342996,135632.2495028581,3272.50003759563,0,0,0,0,0,0,0,0,0,0,0,0,0,0,0,0,0,0,0,0,0,0,0,0,138904.7495342996,135632.2495028581,3272.50003144145,1,1,1,,,,
2004,101,9718.836972180001,962.2090606689453,.099004544,138904.7495342996,135632.2495028581,3272.50003759563,138904.7495342996,135632.2495028581,3272.50003759563,138904.7495342996,135632.2495028581,3272.50003759563,0,0,0,0,0,0,0,0,0,0,0,0,0,0,0,0,0,0,0,0,0,0,0,0,138904.7495342996,135632.2495028581,3272.50003144145,1,1,1,,,,
2005,101,9718.836972180001,962.2090606689453,.099004544,138904.7495342996,135632.2495028581,3272.50003759563,138904.7495342996,135632.2495028581,3272.50003759563,138904.7495342996,135632.2495028581,3272.50003759563,0,0,0,0,0,0,0,0,0,0,0,0,0,0,0,0,0,0,0,0,0,0,0,0,138904.7495342996,135632.2495028581,3272.50003144145,1,1,1,,,,
2006,101,9718.836972180001,962.2090606689453,.099004544,138904.7495342996,135632.2495028581,3272.50003759563,138904.7495342996,135632.2495028581,3272.50003759563,138904.7495342996,135632.2495028581,3272.50003759563,0,0,0,0,0,0,0,0,0,0,0,0,0,0,0,0,0,0,0,0,0,0,0,0,138904.7495342996,135632.2495028581,3272.50003144145,1,1,1,,,,
2007,101,9718.836972180001,962.2090606689453,.099004544,138904.7495342996,135632.2495028581,3272.50003759563,138904.7495342996,135632.2495028581,3272.50003759563,138904.7495342996,135632.2495028581,3272.50003759563,0,0,0,0,0,0,0,0,0,0,0,0,0,0,0,0,0,0,0,0,0,0,0,0,138904.7495342996,135632.2495028581,3272.50003144145,1,1,1,,,,
2008,101,9718.836972180001,962.2090606689453,.099004544,138904.7495342996,135632.2495028581,3272.50003759563,138904.7495342996,135632.2495028581,3272.50003759563,138904.7495342996,135632.2495028581,3272.50003759563,0,0,0,0,0,0,0,0,0,0,0,0,0,0,0,0,0,0,0,0,0,0,0,0,138904.7495342996,135632.2495028581,3272.50003144145,1,1,1,,,,
2009,101,9718.836972180001,962.2090606689453,.099004544,138904.7495342996,135632.2495028581,3272.50003759563,138904.7495342996,135632.2495028581,3272.50003759563,138904.7495342996,135632.2495028581,3272.50003759563,0,0,0,0,0,0,0,0,0,0,0,0,0,0,0,0,0,0,0,0,0,0,0,0,138904.7495342996,135632.2495028581,3272.50003144145,1,1,1,,,,
2010,101,9718.836972180001,962.2090606689453,.099004544,138904.7495342996,135632.2495028581,3272.50003759563,138904.7495342996,135632.2495028581,3272.50003759563,138904.7495342996,135632.2495028581,3272.50003759563,0,0,0,0,0,0,0,0,0,0,0,0,0,0,0,0,0,0,0,0,0,0,0,0,138904.7495342996,135632.2495028581,3272.50003144145,1,1,1,,,,
2011,101,9718.836972180001,962.2090606689453,.099004544,138904.7495342996,135632.2495028581,3272.50003759563,138904.7495342996,135632.2495028581,3272.50003759563,138904.7495342996,135632.2495028581,3272.50003759563,0,0,0,0,0,0,0,0,0,0,0,0,0,0,0,0,0,0,0,0,0,0,0,0,138904.7495342996,135632.2495028581,3272.50003144145,1,1,1,,,,
2012,101,9718.836972180001,962.2090606689453,.099004544,138904.7495342996,135632.2495028581,3272.50003759563,138904.7495342996,135632.2495028581,3272.50003759563,138904.7495342996,135632.2495028581,3272.50003759563,0,0,0,0,0,0,0,0,0,0,0,0,0,0,0,0,0,0,0,0,0,0,0,0,138904.7495342996,135632.2495028581,3272.50003144145,1,1,1,,,,
2013,101,9718.836972180001,962.2090606689453,.099004544,138904.7495342996,135632.2495028581,3272.50003759563,138904.7495342996,135632.2495028581,3272.50003759563,138904.7495342996,135632.2495028581,3272.50003759563,0,0,0,0,0,0,0,0,0,0,0,0,0,0,0,0,0,0,0,0,0,0,0,0,138904.7495342996,135632.2495028581,3272.50003144145,1,1,1,,,,
2014,101,9718.836972180001,962.2090606689453,.099004544,138904.7495342996,135632.2495028581,3272.50003759563,138904.7495342996,135632.2495028581,3272.50003759563,138904.7495342996,135632.2495028581,3272.50003759563,0,0,0,0,0,0,0,0,0,0,0,0,0,0,0,0,0,0,0,0,0,0,0,0,138904.7495342996,135632.2495028581,3272.50003144145,1,1,1,,,,
2015,101,9718.836972180001,962.2090606689453,.099004544,138904.7495342996,135632.2495028581,3272.50003759563,138904.7495342996,135632.2495028581,3272.50003759563,138904.7495342996,135632.2495028581,3272.50003759563,0,0,0,0,0,0,0,0,0,0,0,0,0,0,0,0,0,0,0,0,0,0,0,0,138904.7495342996,135632.2495028581,3272.50003144145,1,1,1,,,,
2016,101,9718.836972180001,962.2090606689453,.099004544,138904.7495342996,135632.2495028581,3272.50003759563,138904.7495342996,135632.2495028581,3272.50003759563,138904.7495342996,135632.2495028581,3272.50003759563,0,0,0,0,0,0,0,0,0,0,0,0,0,0,0,0,0,0,0,0,0,0,0,0,138904.7495342996,135632.2495028581,3272.50003144145,1,1,1,,,,
2017,101,9718.836972180001,962.2090606689453,.099004544,138904.7495342996,135632.2495028581,3272.50003759563,138904.7495342996,135632.2495028581,3272.50003759563,138904.7495342996,135632.2495028581,3272.50003759563,0,0,0,0,0,0,0,0,0,0,0,0,0,0,0,0,0,0,0,0,0,0,0,0,138904.7495342996,135632.2495028581,3272.50003144145,1,1,1,,,,
2018,101,9718.836972180001,962.2090606689453,.099004544,138904.7495342996,135632.2495028581,3272.50003759563,138904.7495342996,135632.2495028581,3272.50003759563,138904.7495342996,135632.2495028581,3272.50003759563,0,0,0,0,0,0,0,0,0,0,0,0,0,0,0,0,0,0,0,0,0,0,0,0,138904.7495342996,135632.2495028581,3272.50003144145,1,1,1,,,,
2019,101,9718.836972180001,962.2090606689453,.099004544,138904.7495342996,135632.2495028581,3272.50003759563,138904.7495342996,135632.2495028581,3272.50003759563,138904.7495342996,135632.2495028581,3272.50003759563,0,0,0,0,0,0,0,0,0,0,0,0,0,0,0,0,0,0,0,0,0,0,0,0,138904.7495342996,135632.2495028581,3272.50003144145,1,1,1,,,,
2020,101,9718.836972180001,962.2090606689453,.099004544,138904.7495342996,135632.2495028581,3272.50003759563,138904.7495342996,135632.2495028581,3272.50003759563,138904.7495342996,135632.2495028581,3272.50003759563,0,0,0,0,0,0,0,0,0,0,0,0,0,0,0,0,0,0,0,0,0,0,0,0,138904.7495342996,135632.2495028581,3272.50003144145,1,1,1,,,,
2021,101,9718.836972180001,962.2090606689453,.099004544,138904.7495342996,135632.2495028581,3272.50003759563,138904.7495342996,135632.2495028581,3272.50003759563,138904.7495342996,135632.2495028581,3272.50003759563,0,0,0,0,0,0,0,0,0,0,0,0,0,0,0,0,0,0,0,0,0,0,0,0,138904.7495342996,135632.2495028581,3272.50003144145,1,1,1,,,,
2022,101,9718.836972180001,962.2090606689453,.099004544,138904.7495342996,135632.2495028581,3272.50003759563,138904.7495342996,135632.2495028581,3272.50003759563,138904.7495342996,135632.2495028581,3272.50003759563,0,0,0,0,0,0,0,0,0,0,0,0,0,0,0,0,0,0,0,0,0,0,0,0,138904.7495342996,135632.2495028581,3272.50003144145,1,1,1,,,,
2023,101,9718.836972180001,962.2090606689453,.099004544,138904.7495342996,135632.2495028581,3272.50003759563,138904.7495342996,135632.2495028581,3272.50003759563,138904.7495342996,135632.2495028581,3272.50003759563,0,0,0,0,0,0,0,0,0,0,0,0,0,0,0,0,0,0,0,0,0,0,0,0,138904.7495342996,135632.2495028581,3272.50003144145,1,1,1,,,,
2024,101,9718.836972180001,962.2090606689453,.099004544,138904.7495342996,135632.2495028581,3272.50003759563,138904.7495342996,135632.2495028581,3272.50003759563,138904.7495342996,135632.2495028581,3272.50003759563,0,0,0,0,0,0,0,0,0,0,0,0,0,0,0,0,0,0,0,0,0,0,0,0,138904.7495342996,135632.2495028581,3272.50003144145,1,1,1,,,,
1993,102,18452.698128067,34.49140158388764,.0018691793,69147.75085293502,54195.25082086027,14952.50006903708,69147.75085293502,54195.25082086027,14952.50006903708,69147.75085293502,54195.25082086027,14952.50006903708,0,0,0,0,0,0,0,0,0,0,0,0,0,0,0,0,0,0,0,0,0,0,0,0,69147.75085293502,54195.25082086027,14952.50006051362,1,1,1,,,,
1994,102,18452.698128067,34.49140158388764,.0018691793,69147.75085293502,54195.25082086027,14952.50006903708,69147.75085293502,54195.25082086027,14952.50006903708,69147.75085293502,54195.25082086027,14952.50006903708,0,0,0,0,0,0,0,0,0,0,0,0,0,0,0,0,0,0,0,0,0,0,0,0,69147.75085293502,54195.25082086027,14952.50006051362,1,1,1,,,,
1995,102,18452.698128067,34.49140158388764,.0018691793,69147.75085293502,54195.25082086027,14952.50006903708,69147.75085293502,54195.25082086027,14952.50006903708,69147.75085293502,54195.25082086027,14952.50006903708,0,0,0,0,0,0,0,0,0,0,0,0,0,0,0,0,0,0,0,0,0,0,0,0,69147.75085293502,54195.25082086027,14952.50006051362,1,1,1,,,,
1996,102,18452.698128067,34.49140158388764,.0018691793,69147.75085293502,54195.25082086027,14952.50006903708,69147.75085293502,54195.25082086027,14952.50006903708,69147.75085293502,54195.25082086027,14952.50006903708,0,0,0,0,0,0,0,0,0,0,0,0,0,0,0,0,0,0,0,0,0,0,0,0,69147.75085293502,54195.25082086027,14952.50006051362,1,1,1,,,,
1997,102,18452.698128067,34.49140158388764,.0018691793,69147.75085293502,54195.25082086027,14952.50006903708,69147.75085293502,54195.25082086027,14952.50006903708,69147.75085293502,54195.25082086027,14952.50006903708,0,0,0,0,0,0,0,0,0,0,0,0,0,0,0,0,0,0,0,0,0,0,0,0,69147.75085293502,54195.25082086027,14952.50006051362,1,1,1,,,,
1998,102,18452.698128067,34.49140158388764,.0018691793,69147.75085293502,54195.25082086027,14952.50006903708,69147.75085293502,54195.25082086027,14952.50006903708,69147.75085293502,54195.25082086027,14952.50006903708,0,0,0,0,0,0,0,0,0,0,0,0,0,0,0,0,0,0,0,0,0,0,0,0,69147.75085293502,54195.25082086027,14952.50006051362,1,1,1,,,,
1999,102,18452.698128067,34.49140158388764,.0018691793,69147.75085293502,54195.25082086027,14952.50006903708,69147.75085293502,54195.25082086027,14952.50006903708,69147.75085293502,54195.25082086027,14952.50006903708,0,0,0,0,0,0,0,0,0,0,0,0,0,0,0,0,0,0,0,0,0,0,0,0,69147.75085293502,54195.25082086027,14952.50006051362,1,1,1,,,,
2000,102,18452.698128067,34.49140158388764,.0018691793,69147.75085293502,54195.25082086027,14952.50006903708,69147.75085293502,54195.25082086027,14952.50006903708,69147.75085293502,54195.25082086027,14952.50006903708,0,0,0,0,0,0,0,0,0,0,0,0,0,0,0,0,0,0,0,0,0,0,0,0,69147.75085293502,54195.25082086027,14952.50006051362,1,1,1,,,,
2001,102,18452.698128067,34.49140158388764,.0018691793,69147.75085293502,54195.25082086027,14952.50006903708,69147.75085293502,54195.25082086027,14952.50006903708,69147.75085293502,54195.25082086027,14952.50006903708,0,0,0,0,0,0,0,0,0,0,0,0,0,0,0,0,0,0,0,0,0,0,0,0,69147.75085293502,54195.25082086027,14952.50006051362,1,1,1,,,,
2002,102,18452.698128067,34.49140158388764,.0018691793,69147.75085293502,54195.25082086027,14952.50006903708,69147.75085293502,54195.25082086027,14952.50006903708,69147.75085293502,54195.25082086027,14952.50006903708,0,0,0,0,0,0,0,0,0,0,0,0,0,0,0,0,0,0,0,0,0,0,0,0,69147.75085293502,54195.25082086027,14952.50006051362,1,1,1,,,,
2003,102,18452.698128067,34.49140158388764,.0018691793,69147.75085293502,54195.25082086027,14952.50006903708,69147.75085293502,54195.25082086027,14952.50006903708,69147.75085293502,54195.25082086027,14952.50006903708,0,0,0,0,0,0,0,0,0,0,0,0,0,0,0,0,0,0,0,0,0,0,0,0,69147.75085293502,54195.25082086027,14952.50006051362,1,1,1,,,,
2004,102,18452.698128067,34.49140158388764,.0018691793,69147.75085293502,54195.25082086027,14952.50006903708,69147.75085293502,54195.25082086027,14952.50006903708,69147.75085293502,54195.25082086027,14952.50006903708,0,0,0,0,0,0,0,0,0,0,0,0,0,0,0,0,0,0,0,0,0,0,0,0,69147.75085293502,54195.25082086027,14952.50006051362,1,1,1,,,,
2005,102,18452.698128067,34.49140158388764,.0018691793,69147.75085293502,54195.25082086027,14952.50006903708,69147.75085293502,54195.25082086027,14952.50006903708,69147.75085293502,54195.25082086027,14952.50006903708,0,0,0,0,0,0,0,0,0,0,0,0,0,0,0,0,0,0,0,0,0,0,0,0,69147.75085293502,54195.25082086027,14952.50006051362,1,1,1,,,,
2006,102,18452.698128067,34.49140158388764,.0018691793,69147.75085293502,54195.25082086027,14952.50006903708,69147.75085293502,54195.25082086027,14952.50006903708,69147.75085293502,54195.25082086027,14952.50006903708,0,0,0,0,0,0,0,0,0,0,0,0,0,0,0,0,0,0,0,0,0,0,0,0,69147.75085293502,54195.25082086027,14952.50006051362,1,1,1,,,,
2007,102,18452.698128067,34.49140158388764,.0018691793,69147.75085293502,54195.25082086027,14952.50006903708,69147.75085293502,54195.25082086027,14952.50006903708,69147.75085293502,54195.25082086027,14952.50006903708,0,0,0,0,0,0,0,0,0,0,0,0,0,0,0,0,0,0,0,0,0,0,0,0,69147.75085293502,54195.25082086027,14952.50006051362,1,1,1,,,,
2008,102,18452.698128067,34.49140158388764,.0018691793,69147.75085293502,54195.25082086027,14952.50006903708,69147.75085293502,54195.25082086027,14952.50006903708,69147.75085293502,54195.25082086027,14952.50006903708,0,0,0,0,0,0,0,0,0,0,0,0,0,0,0,0,0,0,0,0,0,0,0,0,69147.75085293502,54195.25082086027,14952.50006051362,1,1,1,,,,
2009,102,18452.698128067,34.49140158388764,.0018691793,69147.75085293502,54195.25082086027,14952.50006903708,69147.75085293502,54195.25082086027,14952.50006903708,69147.75085293502,54195.25082086027,14952.50006903708,0,0,0,0,0,0,0,0,0,0,0,0,0,0,0,0,0,0,0,0,0,0,0,0,69147.75085293502,54195.25082086027,14952.50006051362,1,1,1,,,,
2010,102,18452.698128067,34.49140158388764,.0018691793,69147.75085293502,54195.25082086027,14952.50006903708,69147.75085293502,54195.25082086027,14952.50006903708,69147.75085293502,54195.25082086027,14952.50006903708,0,0,0,0,0,0,0,0,0,0,0,0,0,0,0,0,0,0,0,0,0,0,0,0,69147.75085293502,54195.25082086027,14952.50006051362,1,1,1,,,,
2011,102,18452.698128067,34.49140158388764,.0018691793,69147.75085293502,54195.25082086027,14952.50006903708,69147.75085293502,54195.25082086027,14952.50006903708,69147.75085293502,54195.25082086027,14952.50006903708,0,0,0,0,0,0,0,0,0,0,0,0,0,0,0,0,0,0,0,0,0,0,0,0,69147.75085293502,54195.25082086027,14952.50006051362,1,1,1,,,,
2012,102,18452.698128067,34.49140158388764,.0018691793,69147.75085293502,54195.25082086027,14952.50006903708,69147.75085293502,54195.25082086027,14952.50006903708,69147.75085293502,54195.25082086027,14952.50006903708,0,0,0,0,0,0,0,0,0,0,0,0,0,0,0,0,0,0,0,0,0,0,0,0,69147.75085293502,54195.25082086027,14952.50006051362,1,1,1,,,,
2013,102,18452.698128067,34.49140158388764,.0018691793,69147.75085293502,54195.25082086027,14952.50006903708,69147.75085293502,54195.25082086027,14952.50006903708,69147.75085293502,54195.25082086027,14952.50006903708,0,0,0,0,0,0,0,0,0,0,0,0,0,0,0,0,0,0,0,0,0,0,0,0,69147.75085293502,54195.25082086027,14952.50006051362,1,1,1,,,,
2014,102,18452.698128067,34.49140158388764,.0018691793,69147.75085293502,54195.25082086027,14952.50006903708,69147.75085293502,54195.25082086027,14952.50006903708,69147.75085293502,54195.25082086027,14952.50006903708,0,0,0,0,0,0,0,0,0,0,0,0,0,0,0,0,0,0,0,0,0,0,0,0,69147.75085293502,54195.25082086027,14952.50006051362,1,1,1,,,,
2015,102,18452.698128067,34.49140158388764,.0018691793,69147.75085293502,54195.25082086027,14952.50006903708,69147.75085293502,54195.25082086027,14952.50006903708,69147.75085293502,54195.25082086027,14952.50006903708,0,0,0,0,0,0,0,0,0,0,0,0,0,0,0,0,0,0,0,0,0,0,0,0,69147.75085293502,54195.25082086027,14952.50006051362,1,1,1,,,,
2016,102,18452.698128067,34.49140158388764,.0018691793,69147.75085293502,54195.25082086027,14952.50006903708,69147.75085293502,54195.25082086027,14952.50006903708,69147.75085293502,54195.25082086027,14952.50006903708,0,0,0,0,0,0,0,0,0,0,0,0,0,0,0,0,0,0,0,0,0,0,0,0,69147.75085293502,54195.25082086027,14952.50006051362,1,1,1,,,,
2017,102,18452.698128067,34.49140158388764,.0018691793,69147.75085293502,54195.25082086027,14952.50006903708,69147.75085293502,54195.25082086027,14952.50006903708,69147.75085293502,54195.25082086027,14952.50006903708,0,0,0,0,0,0,0,0,0,0,0,0,0,0,0,0,0,0,0,0,0,0,0,0,69147.75085293502,54195.25082086027,14952.50006051362,1,1,1,,,,
2018,102,18452.698128067,34.49140158388764,.0018691793,69147.75085293502,54195.25082086027,14952.50006903708,69147.75085293502,54195.25082086027,14952.50006903708,69147.75085293502,54195.25082086027,14952.50006903708,0,0,0,0,0,0,0,0,0,0,0,0,0,0,0,0,0,0,0,0,0,0,0,0,69147.75085293502,54195.25082086027,14952.50006051362,1,1,1,,,,
2019,102,18452.698128067,34.49140158388764,.0018691793,69147.75085293502,54195.25082086027,14952.50006903708,69147.75085293502,54195.25082086027,14952.50006903708,69147.75085293502,54195.25082086027,14952.50006903708,0,0,0,0,0,0,0,0,0,0,0,0,0,0,0,0,0,0,0,0,0,0,0,0,69147.75085293502,54195.25082086027,14952.50006051362,1,1,1,,,,
2020,102,18452.698128067,34.49140158388764,.0018691793,69147.75085293502,54195.25082086027,14952.50006903708,69147.75085293502,54195.25082086027,14952.50006903708,69147.75085293502,54195.25082086027,14952.50006903708,0,0,0,0,0,0,0,0,0,0,0,0,0,0,0,0,0,0,0,0,0,0,0,0,69147.75085293502,54195.25082086027,14952.50006051362,1,1,1,,,,
2021,102,18452.698128067,34.49140158388764,.0018691793,69147.75085293502,54195.25082086027,14952.50006903708,69147.75085293502,54195.25082086027,14952.50006903708,69147.75085293502,54195.25082086027,14952.50006903708,0,0,0,0,0,0,0,0,0,0,0,0,0,0,0,0,0,0,0,0,0,0,0,0,69147.75085293502,54195.25082086027,14952.50006051362,1,1,1,,,,
2022,102,18452.698128067,34.49140158388764,.0018691793,69147.75085293502,54195.25082086027,14952.50006903708,69147.75085293502,54195.25082086027,14952.50006903708,69147.75085293502,54195.25082086027,14952.50006903708,0,0,0,0,0,0,0,0,0,0,0,0,0,0,0,0,0,0,0,0,0,0,0,0,69147.75085293502,54195.25082086027,14952.50006051362,1,1,1,,,,
2023,102,18452.698128067,34.49140158388764,.0018691793,69147.75085293502,54195.25082086027,14952.50006903708,69147.75085293502,54195.25082086027,14952.50006903708,69147.75085293502,54195.25082086027,14952.50006903708,0,0,0,0,0,0,0,0,0,0,0,0,0,0,0,0,0,0,0,0,0,0,0,0,69147.75085293502,54195.25082086027,14952.50006051362,1,1,1,,,,
2024,102,18452.698128067,34.49140158388764,.0018691793,69147.75085293502,54195.25082086027,14952.50006903708,69147.75085293502,54195.25082086027,14952.50006903708,69147.75085293502,54195.25082086027,14952.50006903708,0,0,0,0,0,0,0,0,0,0,0,0,0,0,0,0,0,0,0,0,0,0,0,0,69147.75085293502,54195.25082086027,14952.50006051362,1,1,1,,,,
1993,103,17867.8572470758,6.781500053824857,.00037953627,41431.3006234616,13082.89986602962,28348.4007506147,41431.3006234616,13082.89986602962,28348.4007506147,41431.3006234616,13082.89986602962,28348.4007506147,0,0,0,0,0,0,0,0,0,0,0,0,0,0,0,0,0,0,0,0,0,0,0,0,41431.3006234616,13082.89986602962,28348.40075599402,1,1,1,,,,
1994,103,17867.8572470758,6.781500053824857,.00037953627,41431.3006234616,13082.89986602962,28348.4007506147,41431.3006234616,13082.89986602962,28348.4007506147,41431.3006234616,13082.89986602962,28348.4007506147,0,0,0,0,0,0,0,0,0,0,0,0,0,0,0,0,0,0,0,0,0,0,0,0,41431.3006234616,13082.89986602962,28348.40075599402,1,1,1,,,,
1995,103,17867.8572470758,6.781500053824857,.00037953627,41431.3006234616,13082.89986602962,28348.4007506147,41431.3006234616,13082.89986602962,28348.4007506147,41431.3006234616,13082.89986602962,28348.4007506147,0,0,0,0,0,0,0,0,0,0,0,0,0,0,0,0,0,0,0,0,0,0,0,0,41431.3006234616,13082.89986602962,28348.40075599402,1,1,1,,,,
1996,103,17867.8572470758,6.781500053824857,.00037953627,41431.3006234616,13082.89986602962,28348.4007506147,41431.3006234616,13082.89986602962,28348.4007506147,41431.3006234616,13082.89986602962,28348.4007506147,0,0,0,0,0,0,0,0,0,0,0,0,0,0,0,0,0,0,0,0,0,0,0,0,41431.3006234616,13082.89986602962,28348.40075599402,1,1,1,,,,
1997,103,17867.8572470758,6.781500053824857,.00037953627,41431.3006234616,13082.89986602962,28348.4007506147,41431.3006234616,13082.89986602962,28348.4007506147,41431.3006234616,13082.89986602962,28348.4007506147,0,0,0,0,0,0,0,0,0,0,0,0,0,0,0,0,0,0,0,0,0,0,0,0,41431.3006234616,13082.89986602962,28348.40075599402,1,1,1,,,,
1998,103,17867.8572470758,6.781500053824857,.00037953627,41431.3006234616,13082.89986602962,28348.4007506147,41431.3006234616,13082.89986602962,28348.4007506147,41431.3006234616,13082.89986602962,28348.4007506147,0,0,0,0,0,0,0,0,0,0,0,0,0,0,0,0,0,0,0,0,0,0,0,0,41431.3006234616,13082.89986602962,28348.40075599402,1,1,1,,,,
1999,103,17867.8572470758,6.781500053824857,.00037953627,41431.3006234616,13082.89986602962,28348.4007506147,41431.3006234616,13082.89986602962,28348.4007506147,41431.3006234616,13082.89986602962,28348.4007506147,0,0,0,0,0,0,0,0,0,0,0,0,0,0,0,0,0,0,0,0,0,0,0,0,41431.3006234616,13082.89986602962,28348.40075599402,1,1,1,,,,
2000,103,17867.8572470758,6.781500053824857,.00037953627,41431.3006234616,13082.89986602962,28348.4007506147,41431.3006234616,13082.89986602962,28348.4007506147,41431.3006234616,13082.89986602962,28348.4007506147,0,0,0,0,0,0,0,0,0,0,0,0,0,0,0,0,0,0,0,0,0,0,0,0,41431.3006234616,13082.89986602962,28348.40075599402,1,1,1,,,,
2001,103,17867.8572470758,6.781500053824857,.00037953627,41431.3006234616,13082.89986602962,28348.4007506147,41431.3006234616,13082.89986602962,28348.4007506147,41431.3006234616,13082.89986602962,28348.4007506147,0,0,0,0,0,0,0,0,0,0,0,0,0,0,0,0,0,0,0,0,0,0,0,0,41431.3006234616,13082.89986602962,28348.40075599402,1,1,1,,,,
2002,103,17867.8572470758,6.781500053824857,.00037953627,41431.3006234616,13082.89986602962,28348.4007506147,41431.3006234616,13082.89986602962,28348.4007506147,41431.3006234616,13082.89986602962,28348.4007506147,0,0,0,0,0,0,0,0,0,0,0,0,0,0,0,0,0,0,0,0,0,0,0,0,41431.3006234616,13082.89986602962,28348.40075599402,1,1,1,,,,
2003,103,17867.8572470758,6.781500053824857,.00037953627,41431.3006234616,13082.89986602962,28348.4007506147,41431.3006234616,13082.89986602962,28348.4007506147,41431.3006234616,13082.89986602962,28348.4007506147,0,0,0,0,0,0,0,0,0,0,0,0,0,0,0,0,0,0,0,0,0,0,0,0,41431.3006234616,13082.89986602962,28348.40075599402,1,1,1,,,,
2004,103,17867.8572470758,6.781500053824857,.00037953627,41431.3006234616,13082.89986602962,28348.4007506147,41431.3006234616,13082.89986602962,28348.4007506147,41431.3006234616,13082.89986602962,28348.4007506147,0,0,0,0,0,0,0,0,0,0,0,0,0,0,0,0,0,0,0,0,0,0,0,0,41431.3006234616,13082.89986602962,28348.40075599402,1,1,1,,,,
2005,103,17867.8572470758,6.781500053824857,.00037953627,41431.3006234616,13082.89986602962,28348.4007506147,41431.3006234616,13082.89986602962,28348.4007506147,41431.3006234616,13082.89986602962,28348.4007506147,0,0,0,0,0,0,0,0,0,0,0,0,0,0,0,0,0,0,0,0,0,0,0,0,41431.3006234616,13082.89986602962,28348.40075599402,1,1,1,,,,
2006,103,17867.8572470758,6.781500053824857,.00037953627,41431.3006234616,13082.89986602962,28348.4007506147,41431.3006234616,13082.89986602962,28348.4007506147,41431.3006234616,13082.89986602962,28348.4007506147,0,0,0,0,0,0,0,0,0,0,0,0,0,0,0,0,0,0,0,0,0,0,0,0,41431.3006234616,13082.89986602962,28348.40075599402,1,1,1,,,,
2007,103,17867.8572470758,6.781500053824857,.00037953627,41431.3006234616,13082.89986602962,28348.4007506147,41431.3006234616,13082.89986602962,28348.4007506147,41431.3006234616,13082.89986602962,28348.4007506147,0,0,0,0,0,0,0,0,0,0,0,0,0,0,0,0,0,0,0,0,0,0,0,0,41431.3006234616,13082.89986602962,28348.40075599402,1,1,1,,,,
2008,103,17867.8572470758,6.781500053824857,.00037953627,41431.3006234616,13082.89986602962,28348.4007506147,41431.3006234616,13082.89986602962,28348.4007506147,41431.3006234616,13082.89986602962,28348.4007506147,0,0,0,0,0,0,0,0,0,0,0,0,0,0,0,0,0,0,0,0,0,0,0,0,41431.3006234616,13082.89986602962,28348.40075599402,1,1,1,,,,
2009,103,17867.8572470758,6.781500053824857,.00037953627,41431.3006234616,13082.89986602962,28348.4007506147,41431.3006234616,13082.89986602962,28348.4007506147,41431.3006234616,13082.89986602962,28348.4007506147,0,0,0,0,0,0,0,0,0,0,0,0,0,0,0,0,0,0,0,0,0,0,0,0,41431.3006234616,13082.89986602962,28348.40075599402,1,1,1,,,,
2010,103,17867.8572470758,6.781500053824857,.00037953627,41431.3006234616,13082.89986602962,28348.4007506147,41431.3006234616,13082.89986602962,28348.4007506147,41431.3006234616,13082.89986602962,28348.4007506147,0,0,0,0,0,0,0,0,0,0,0,0,0,0,0,0,0,0,0,0,0,0,0,0,41431.3006234616,13082.89986602962,28348.40075599402,1,1,1,,,,
2011,103,17867.8572470758,6.781500053824857,.00037953627,41431.3006234616,13082.89986602962,28348.4007506147,41431.3006234616,13082.89986602962,28348.4007506147,41431.3006234616,13082.89986602962,28348.4007506147,0,0,0,0,0,0,0,0,0,0,0,0,0,0,0,0,0,0,0,0,0,0,0,0,41431.3006234616,13082.89986602962,28348.40075599402,1,1,1,,,,
2012,103,17867.8572470758,6.781500053824857,.00037953627,41431.3006234616,13082.89986602962,28348.4007506147,41431.3006234616,13082.89986602962,28348.4007506147,41431.3006234616,13082.89986602962,28348.4007506147,0,0,0,0,0,0,0,0,0,0,0,0,0,0,0,0,0,0,0,0,0,0,0,0,41431.3006234616,13082.89986602962,28348.40075599402,1,1,1,,,,
2013,103,17867.8572470758,6.781500053824857,.00037953627,41431.3006234616,13082.89986602962,28348.4007506147,41431.3006234616,13082.89986602962,28348.4007506147,41431.3006234616,13082.89986602962,28348.4007506147,0,0,0,0,0,0,0,0,0,0,0,0,0,0,0,0,0,0,0,0,0,0,0,0,41431.3006234616,13082.89986602962,28348.40075599402,1,1,1,,,,
2014,103,17867.8572470758,6.781500053824857,.00037953627,41431.3006234616,13082.89986602962,28348.4007506147,41431.3006234616,13082.89986602962,28348.4007506147,41431.3006234616,13082.89986602962,28348.4007506147,0,0,0,0,0,0,0,0,0,0,0,0,0,0,0,0,0,0,0,0,0,0,0,0,41431.3006234616,13082.89986602962,28348.40075599402,1,1,1,,,,
2015,103,17867.8572470758,6.781500053824857,.00037953627,41431.3006234616,13082.89986602962,28348.4007506147,41431.3006234616,13082.89986602962,28348.4007506147,41431.3006234616,13082.89986602962,28348.4007506147,0,0,0,0,0,0,0,0,0,0,0,0,0,0,0,0,0,0,0,0,0,0,0,0,41431.3006234616,13082.89986602962,28348.40075599402,1,1,1,,,,
2016,103,17867.8572470758,6.781500053824857,.00037953627,41431.3006234616,13082.89986602962,28348.4007506147,41431.3006234616,13082.89986602962,28348.4007506147,41431.3006234616,13082.89986602962,28348.4007506147,0,0,0,0,0,0,0,0,0,0,0,0,0,0,0,0,0,0,0,0,0,0,0,0,41431.3006234616,13082.89986602962,28348.40075599402,1,1,1,,,,
2017,103,17867.8572470758,6.781500053824857,.00037953627,41431.3006234616,13082.89986602962,28348.4007506147,41431.3006234616,13082.89986602962,28348.4007506147,41431.3006234616,13082.89986602962,28348.4007506147,0,0,0,0,0,0,0,0,0,0,0,0,0,0,0,0,0,0,0,0,0,0,0,0,41431.3006234616,13082.89986602962,28348.40075599402,1,1,1,,,,
2018,103,17867.8572470758,6.781500053824857,.00037953627,41431.3006234616,13082.89986602962,28348.4007506147,41431.3006234616,13082.89986602962,28348.4007506147,41431.3006234616,13082.89986602962,28348.4007506147,0,0,0,0,0,0,0,0,0,0,0,0,0,0,0,0,0,0,0,0,0,0,0,0,41431.3006234616,13082.89986602962,28348.40075599402,1,1,1,,,,
2019,103,17867.8572470758,6.781500053824857,.00037953627,41431.3006234616,13082.89986602962,28348.4007506147,41431.3006234616,13082.89986602962,28348.4007506147,41431.3006234616,13082.89986602962,28348.4007506147,0,0,0,0,0,0,0,0,0,0,0,0,0,0,0,0,0,0,0,0,0,0,0,0,41431.3006234616,13082.89986602962,28348.40075599402,1,1,1,,,,
2020,103,17867.8572470758,6.781500053824857,.00037953627,41431.3006234616,13082.89986602962,28348.4007506147,41431.3006234616,13082.89986602962,28348.4007506147,41431.3006234616,13082.89986602962,28348.4007506147,0,0,0,0,0,0,0,0,0,0,0,0,0,0,0,0,0,0,0,0,0,0,0,0,41431.3006234616,13082.89986602962,28348.40075599402,1,1,1,,,,
2021,103,17867.8572470758,6.781500053824857,.00037953627,41431.3006234616,13082.89986602962,28348.4007506147,41431.3006234616,13082.89986602962,28348.4007506147,41431.3006234616,13082.89986602962,28348.4007506147,0,0,0,0,0,0,0,0,0,0,0,0,0,0,0,0,0,0,0,0,0,0,0,0,41431.3006234616,13082.89986602962,28348.40075599402,1,1,1,,,,
2022,103,17867.8572470758,6.781500053824857,.00037953627,41431.3006234616,13082.89986602962,28348.4007506147,41431.3006234616,13082.89986602962,28348.4007506147,41431.3006234616,13082.89986602962,28348.4007506147,0,0,0,0,0,0,0,0,0,0,0,0,0,0,0,0,0,0,0,0,0,0,0,0,41431.3006234616,13082.89986602962,28348.40075599402,1,1,1,,,,
2023,103,17867.8572470758,6.781500053824857,.00037953627,41431.3006234616,13082.89986602962,28348.4007506147,41431.3006234616,13082.89986602962,28348.4007506147,41431.3006234616,13082.89986602962,28348.4007506147,0,0,0,0,0,0,0,0,0,0,0,0,0,0,0,0,0,0,0,0,0,0,0,0,41431.3006234616,13082.89986602962,28348.40075599402,1,1,1,,,,
2024,103,17867.8572470758,6.781500053824857,.00037953627,41431.3006234616,13082.89986602962,28348.4007506147,41431.3006234616,13082.89986602962,28348.4007506147,41431.3006234616,13082.89986602962,28348.4007506147,0,0,0,0,0,0,0,0,0,0,0,0,0,0,0,0,0,0,0,0,0,0,0,0,41431.3006234616,13082.89986602962,28348.40075599402,1,1,1,,,,
1993,104,4220.333768319283,294.3641140758991,.069749013,82083.0868996568,58417.56960894912,23665.5162451975,82083.0868996568,58417.56960894912,23665.5162451975,82083.4252586849,58417.56960894912,23665.85460422561,1.08135774731636,0,1.08135774731636,1.736800491809845,0,1.736800491809845,1.419716775417328,0,1.419716775417328,0,0,0,0,0,0,0,0,0,0,0,0,0,0,0,82082.00560789369,58417.56960894912,23664.43603836559,1,1,1,,1,,
1994,104,4220.333768319283,294.3641140758991,.069749013,82083.39498232678,58417.56960894912,23665.82432786748,82083.39498232678,58417.56960894912,23665.82432786748,82083.4252586849,58417.56960894912,23665.85460422561,1.389440417289734,0,1.389440417289734,1.868748307228088,0,1.868748307228088,1.419716775417328,0,1.419716775417328,0,0,0,0,0,0,0,0,0,0,0,0,0,0,0,82082.00560789369,58417.56960894912,23664.43603836559,.99999136,1,.99997002,,.5,,
1995,104,4220.333768319283,294.3641140758991,.069749013,82083.0656243749,58417.56960894912,23665.4949699156,82083.0656243749,58417.56960894912,23665.4949699156,82083.4252586849,58417.56960894912,23665.85460422561,1.060082465410233,0,1.060082465410233,2.000695943832397,0,2.000695943832397,1.419716775417328,0,1.419716775417328,0,0,0,0,0,0,0,0,0,0,0,0,0,0,0,82082.00560789369,58417.56960894912,23664.43603836559,1,1,1,,1,,
1996,104,4220.333768319283,294.3641140758991,.069749013,82083.00650360063,58417.56960894912,23665.43584914133,82083.00650360063,58417.56960894912,23665.43584914133,82083.4252586849,58417.56960894912,23665.85460422561,1.000961691141129,0,1.000961691141129,2.132643759250641,0,2.132643759250641,1.419716775417328,0,1.419716775417328,0,0,0,0,0,0,0,0,0,0,0,0,0,0,0,82082.00560789369,58417.56960894912,23664.43603836559,1,1,1,,1,,
1997,104,4220.333768319283,294.3641140758991,.069749013,82082.89358090237,58417.56960894912,23665.32292644307,82082.89358090237,58417.56960894912,23665.32292644307,82083.4252586849,58417.56960894912,23665.85460422561,.8880389928817749,0,.8880389928817749,2.263568639755249,0,2.263568639755249,1.419716775417328,0,1.419716775417328,0,0,0,0,0,0,0,0,0,0,0,0,0,0,0,82082.00560789369,58417.56960894912,23664.43603836559,1,1,1,,1,,
1998,104,4220.333768319283,294.3641140758991,.069749013,82083.10183330253,58417.56960894912,23665.53117884323,82083.10183330253,58417.56960894912,23665.53117884323,82083.4252586849,58417.56960894912,23665.85460422561,1.096291393041611,0,1.096291393041611,2.395516335964203,0,2.395516335964203,1.419716775417328,0,1.419716775417328,0,0,0,0,0,0,0,0,0,0,0,0,0,0,0,82082.00560789369,58417.56960894912,23664.43603836559,1,1,1,,1,,
1999,104,4220.333768319283,294.3641140758991,.069749013,82083.09058197215,58417.56960894912,23665.51992751285,82083.09058197215,58417.56960894912,23665.51992751285,82083.4252586849,58417.56960894912,23665.85460422561,1.085040062665939,0,1.085040062665939,3.242436766624451,0,3.242436766624451,1.419716775417328,0,1.419716775417328,0,0,0,0,0,0,0,0,0,0,0,0,0,0,0,82082.00560789369,58417.56960894912,23664.43603836559,1,1,1,,1,,
2000,104,4220.333768319283,294.3641140758991,.069749013,82083.01980068162,58417.56960894912,23665.44914622232,82083.01980068162,58417.56960894912,23665.44914622232,82083.4252586849,58417.56960894912,23665.85460422561,1.014258772134781,0,1.014258772134781,3.33960747718811,0,3.33960747718811,1.419716775417328,0,1.419716775417328,0,0,0,0,0,0,0,0,0,0,0,0,0,0,0,82082.00560789369,58417.56960894912,23664.43603836559,.99999827,1,.99999398,,.89999998,,
2001,104,4220.333768319283,294.3641140758991,.069749013,82083.9172498472,58417.56960894912,23666.34659538791,82083.9172498472,58417.56960894912,23666.34659538791,82083.4252586849,58417.56960894912,23665.85460422561,1.911707937717438,0,1.911707937717438,4.239716291427612,0,4.239716291427612,1.419716775417328,0,1.419716775417328,0,0,0,0,0,0,0,0,0,0,0,0,0,0,0,82082.00560789369,58417.56960894912,23664.43603836559,.99998945,1,.9999634,,.38999999,,
2002,104,4220.333768319283,294.3641140758991,.069749013,82083.41196160391,58417.56960894912,23665.84130714461,82083.41196160391,58417.56960894912,23665.84130714461,82083.4252586849,58417.56960894912,23665.85460422561,1.406419694423676,0,1.406419694423676,4.316429972648621,0,4.316429972648621,1.419716775417328,0,1.419716775417328,0,0,0,0,0,0,0,0,0,0,0,0,0,0,0,82082.00560789369,58417.56960894912,23664.43603836559,.99999481,1,.999982,,.69999999,,
2003,104,4220.333768319283,294.3641140758991,.069749013,82083.56968520954,58417.56960894912,23665.99903075024,82083.56968520954,58417.56960894912,23665.99903075024,82083.4252586849,58417.56960894912,23665.85460422561,1.564143300056458,0,1.564143300056458,4.393143653869629,0,4.393143653869629,1.419716775417328,0,1.419716775417328,0,0,0,0,0,0,0,0,0,0,0,0,0,0,0,82082.00560789369,58417.56960894912,23664.43603836559,.99999827,1,.99999398,,.89999998,,
2004,104,4220.333768319283,294.3641140758991,.069749013,82083.66951541975,58417.56960894912,23666.09886096045,82083.66951541975,58417.56960894912,23666.09886096045,82083.4252586849,58417.56960894912,23665.85460422561,1.66397351026535,0,1.66397351026535,4.469857692718506,0,4.469857692718506,1.419716775417328,0,1.419716775417328,0,0,0,0,0,0,0,0,0,0,0,0,0,0,0,82082.00560789369,58417.56960894912,23664.43603836559,.99999392,1,.99997902,,.64999998,,
2005,104,4220.333768319283,294.3641140758991,.069749013,82083.57439028099,58417.56960894912,23666.00373582169,82083.57439028099,58417.56960894912,23666.00373582169,82083.4252586849,58417.56960894912,23665.85460422561,1.568848371505737,0,1.568848371505737,4.546571373939514,0,4.546571373939514,1.419716775417328,0,1.419716775417328,0,0,0,0,0,0,0,0,0,0,0,0,0,0,0,82082.00560789369,58417.56960894912,23664.43603836559,.99999827,1,.99999398,,.89999998,,
2006,104,4220.333768319283,294.3641140758991,.069749013,82083.59893869236,58417.56960894912,23666.02828423306,82083.59893869236,58417.56960894912,23666.02828423306,82083.4252586849,58417.56960894912,23665.85460422561,1.593396782875061,0,1.593396782875061,4.613056540489197,0,4.613056540489197,1.419716775417328,0,1.419716775417328,0,0,0,0,0,0,0,0,0,0,0,0,0,0,0,82082.00560789369,58417.56960894912,23664.43603836559,1,1,1,,1,,
2007,104,4220.333768319283,294.3641140758991,.069749013,82084.24701695517,58417.56960894912,23666.67636249587,82084.24701695517,58417.56960894912,23666.67636249587,82083.4252586849,58417.56960894912,23665.85460422561,2.241475045681,0,2.241475045681,4.679542064666748,0,4.679542064666748,1.419716775417328,0,1.419716775417328,0,0,0,0,0,0,0,0,0,0,0,0,0,0,0,82082.00560789369,58417.56960894912,23664.43603836559,.99999309,1,.99997598,,.60000002,,
2008,104,4220.333768319283,294.3641140758991,.069749013,82084.72468828037,58417.56960894912,23667.15403382108,82084.72468828037,58417.56960894912,23667.15403382108,82083.4252586849,58417.56960894912,23665.85460422561,2.719146370887756,0,2.719146370887756,4.746027231216431,0,4.746027231216431,1.419716775417328,0,1.419716775417328,0,0,0,0,0,0,0,0,0,0,0,0,0,0,0,82082.00560789369,58417.56960894912,23664.43603836559,.99998873,1,.99996102,,.34999999,,
2009,104,4220.333768319283,294.3641140758991,.069749013,82084.23617475107,58417.56960894912,23666.66552029178,82084.23617475107,58417.56960894912,23666.66552029178,82083.4252586849,58417.56960894912,23665.85460422561,2.230632841587067,0,2.230632841587067,4.812512516975403,0,4.812512516975403,1.419716775417328,0,1.419716775417328,0,0,0,0,0,0,0,0,0,0,0,0,0,0,0,82082.00560789369,58417.56960894912,23664.43603836559,.99998963,1,.999964,,.40000001,,
2010,104,4220.333768319283,294.3641140758991,.069749013,82084.54568933323,58417.56960894912,23666.97503487393,82084.54568933323,58417.56960894912,23666.97503487393,82083.4252586849,58417.56960894912,23665.85460422561,2.540147423744202,0,2.540147423744202,5.937648296356201,0,5.937648296356201,1.419716775417328,0,1.419716775417328,0,0,0,0,0,0,0,0,0,0,0,0,0,0,0,82082.00560789369,58417.56960894912,23664.43603836559,.99999136,1,.99997002,,.5,,
2011,104,4220.333768319283,294.3641140758991,.069749013,82084.32004849985,58417.56960894912,23666.74939404055,82084.32004849985,58417.56960894912,23666.74939404055,82083.4252586849,58417.56960894912,23665.85460422561,2.314506590366364,0,2.314506590366364,5.937648296356201,0,5.937648296356201,1.419716775417328,0,1.419716775417328,0,0,0,0,0,0,0,0,0,0,0,0,0,0,0,82082.00560789369,58417.56960894912,23664.43603836559,.99999654,1,.99998802,,.80000001,,
2012,104,4220.333768319283,294.3641140758991,.069749013,82084.03221832588,58417.56960894912,23666.46156386659,82084.03221832588,58417.56960894912,23666.46156386659,82083.4252586849,58417.56960894912,23665.85460422561,2.026676416397095,0,2.026676416397095,5.937648296356201,0,5.937648296356201,1.419716775417328,0,1.419716775417328,0,0,0,0,0,0,0,0,0,0,0,0,0,0,0,82082.00560789369,58417.56960894912,23664.43603836559,.99999392,1,.99997902,,.64999998,,
2013,104,4220.333768319283,294.3641140758991,.069749013,82084.57044230774,58417.56960894912,23666.99978784844,82084.57044230774,58417.56960894912,23666.99978784844,82083.4252586849,58417.56960894912,23665.85460422561,2.564900398254395,0,2.564900398254395,5.937648296356201,0,5.937648296356201,1.419716775417328,0,1.419716775417328,0,0,0,0,0,0,0,0,0,0,0,0,0,0,0,82082.00560789369,58417.56960894912,23664.43603836559,.99998873,1,.99996102,,.34999999,,
2014,104,4220.333768319283,294.3641140758991,.069749013,82084.90307329968,58417.56960894912,23667.33241884038,82084.90307329968,58417.56960894912,23667.33241884038,82083.4252586849,58417.56960894912,23665.85460422561,2.897531390190125,0,2.897531390190125,5.937648296356201,0,5.937648296356201,1.419716775417328,0,1.419716775417328,0,0,0,0,0,0,0,0,0,0,0,0,0,0,0,82082.00560789369,58417.56960894912,23664.43603836559,.99998355,1,.99994302,,.050000001,,
2015,104,4220.333768319283,294.3641140758991,.069749013,82084.29652290419,58417.56960894912,23666.72586844489,82084.29652290419,58417.56960894912,23666.72586844489,82083.4252586849,58417.56960894912,23665.85460422561,2.290980994701385,0,2.290980994701385,5.937648296356201,0,5.937648296356201,1.419716775417328,0,1.419716775417328,0,0,0,0,0,0,0,0,0,0,0,0,0,0,0,82082.00560789369,58417.56960894912,23664.43603836559,.99998617,1,.99995202,,.2,,
2016,104,4220.333768319283,294.3641140758991,.069749013,82083.84524123743,58417.56960894912,23666.27458677813,82083.84524123743,58417.56960894912,23666.27458677813,82083.4252586849,58417.56960894912,23665.85460422561,1.839699327945709,0,1.839699327945709,5.937648296356201,0,5.937648296356201,1.419716775417328,0,1.419716775417328,0,0,0,0,0,0,0,0,0,0,0,0,0,0,0,82082.00560789369,58417.56960894912,23664.43603836559,.99999309,1,.99997598,,.60000002,,
2017,104,4220.333768319283,294.3641140758991,.069749013,82083.68813138083,58417.56960894912,23666.11747692153,82083.68813138083,58417.56960894912,23666.11747692153,82083.4252586849,58417.56960894912,23665.85460422561,1.682589471340179,0,1.682589471340179,5.937648296356201,0,5.937648296356201,1.419716775417328,0,1.419716775417328,0,0,0,0,0,0,0,0,0,0,0,0,0,0,0,82082.00560789369,58417.56960894912,23664.43603836559,.99999738,1,.999991,,.85000002,,
2018,104,4220.333768319283,294.3641140758991,.069749013,82084.39533023909,58417.56960894912,23666.82467577979,82084.39533023909,58417.56960894912,23666.82467577979,82083.4252586849,58417.56960894912,23665.85460422561,2.389788329601288,0,2.389788329601288,5.937648296356201,0,5.937648296356201,1.419716775417328,0,1.419716775417328,0,0,0,0,0,0,0,0,0,0,0,0,0,0,0,82082.00560789369,58417.56960894912,23664.43603836559,.99998873,1,.99996102,,.34999999,,
2019,104,4220.333768319283,294.3641140758991,.069749013,82084.31411598995,58417.56960894912,23666.74346153066,82084.31411598995,58417.56960894912,23666.74346153066,82083.4252586849,58417.56960894912,23665.85460422561,2.308574080467224,0,2.308574080467224,5.937648296356201,0,5.937648296356201,1.419716775417328,0,1.419716775417328,0,0,0,0,0,0,0,0,0,0,0,0,0,0,0,82082.00560789369,58417.56960894912,23664.43603836559,.99999565,1,.99998498,,.75,,
2020,104,4220.333768319283,294.3641140758991,.069749013,82084.47859029844,58417.56960894912,23666.90793583915,82084.47859029844,58417.56960894912,23666.90793583915,82083.4252586849,58417.56960894912,23665.85460422561,2.473048388957977,0,2.473048388957977,5.937648296356201,0,5.937648296356201,1.419716775417328,0,1.419716775417328,0,0,0,0,0,0,0,0,0,0,0,0,0,0,0,82082.00560789369,58417.56960894912,23664.43603836559,.99998617,1,.99995202,,.2,,
2021,104,4220.333768319283,294.3641140758991,.069749013,82084.66863595322,58417.56960894912,23667.09798149392,82084.66863595322,58417.56960894912,23667.09798149392,82083.4252586849,58417.56960894912,23665.85460422561,2.663094043731689,0,2.663094043731689,5.937648296356201,0,5.937648296356201,1.419716775417328,0,1.419716775417328,0,0,0,0,0,0,0,0,0,0,0,0,0,0,0,82082.00560789369,58417.56960894912,23664.43603836559,.99998355,1,.99994302,,.050000001,,
2022,104,4220.333768319283,294.3641140758991,.069749013,82084.15577863529,58417.56960894912,23666.585124176,82084.15577863529,58417.56960894912,23666.585124176,82083.4252586849,58417.56960894912,23665.85460422561,2.15023672580719,0,2.15023672580719,5.937648296356201,0,5.937648296356201,1.419716775417328,0,1.419716775417328,0,0,0,0,0,0,0,0,0,0,0,0,0,0,0,82082.00560789369,58417.56960894912,23664.43603836559,.99998355,1,.99994302,,.050000001,,
2023,104,4220.333768319283,294.3641140758991,.069749013,82083.24114554003,58417.56960894912,23665.67049108073,82083.24114554003,58417.56960894912,23665.67049108073,82083.4252586849,58417.56960894912,23665.85460422561,1.235603630542755,0,1.235603630542755,5.937648296356201,0,5.937648296356201,1.419716775417328,0,1.419716775417328,0,0,0,0,0,0,0,0,0,0,0,0,0,0,0,82082.00560789369,58417.56960894912,23664.43603836559,1,1,1,,1,,
2024,104,4220.333768319283,294.3641140758991,.069749013,82084.27361105755,58417.56960894912,23666.70295659825,82084.27361105755,58417.56960894912,23666.70295659825,82083.4252586849,58417.56960894912,23665.85460422561,2.26806914806366,0,2.26806914806366,5.937648296356201,0,5.937648296356201,1.419716775417328,0,1.419716775417328,0,0,0,0,0,0,0,0,0,0,0,0,0,0,0,82082.00560789369,58417.56960894912,23664.43603836559,.99998963,1,.999964,,.40000001,,
1993,201,4367.1896400302,399.8267508000135,.091552414,225577.9162506051,104269.3680865765,121308.5444872342,225577.9162506051,104269.3680865765,121308.5444872342,222998.2620336302,104269.3680865765,118728.8918574117,15740.80176731944,0,15740.80176731944,16133.76018805429,0,16133.76018805429,13139.94779841602,0,13139.94779841602,0,0,0,0,0,0,21.20133924484253,0,21.20133924484253,0,0,0,0,0,0,209837.1188012846,104269.3680865765,105567.7457638718,1,1,1,,1,,1
1994,201,4367.1896400302,399.8267508000135,.091552414,224663.991416458,104269.3680865765,120394.6227048449,224663.991416458,104269.3680865765,120394.6227048449,222998.2620336302,104269.3680865765,118728.8918574117,14826.87998493016,0,14826.87998493016,17343.9666085206,0,17343.9666085206,13139.94779841602,0,13139.94779841602,0,0,0,0,0,0,21.20133924484253,0,21.20133924484253,0,0,0,0,0,0,209837.1188012846,104269.3680865765,105567.7457638718,.98544884,1,.94461942,,.5,,.75
1995,201,4367.1896400302,399.8267508000135,.091552414,222065.0981741883,104269.3680865765,117795.7275096886,222065.0981741883,104269.3680865765,117795.7275096886,222998.2620336302,104269.3680865765,118728.8918574117,12227.98478977382,0,12227.98478977382,20415.81509456784,0,20415.81509456784,13139.94779841602,0,13139.94779841602,0,0,0,0,0,0,21.20133924484253,0,21.20133924484253,0,0,0,0,0,0,209837.1188012846,104269.3680865765,105567.7457638718,.99999541,1,.99999106,,1,,.94999999
1996,201,4367.1896400302,399.8267508000135,.091552414,225725.9760456048,104269.3680865765,121456.6062353589,225725.9760456048,104269.3680865765,121456.6062353589,222998.2620336302,104269.3680865765,118728.8918574117,15888.8635154441,0,15888.8635154441,22331.85789740831,0,22331.85789740831,13139.94779841602,0,13139.94779841602,0,0,0,0,0,0,21.20133924484253,0,21.20133924484253,0,0,0,0,0,0,209837.1188012846,104269.3680865765,105567.7457638718,1,1,1,,1,,1
1997,201,4367.1896400302,399.8267508000135,.091552414,226984.155373577,104269.3680865765,122714.7876385264,226984.155373577,104269.3680865765,122714.7876385264,222998.2620336302,104269.3680865765,118728.8918574117,17147.04491861165,0,17147.04491861165,22877.63074459881,0,22877.63074459881,13139.94779841602,0,13139.94779841602,0,0,0,0,0,0,21.20133924484253,0,21.20133924484253,0,0,0,0,0,0,209837.1188012846,104269.3680865765,105567.7457638718,.99999541,1,.99999106,,1,,.94999999
1998,201,4367.1896400302,399.8267508000135,.091552414,225876.0355417542,104269.3680865765,121606.6658535786,225876.0355417542,104269.3680865765,121606.6658535786,222998.2620336302,104269.3680865765,118728.8918574117,16038.92313366383,0,16038.92313366383,23430.52885626256,0,23430.52885626256,13139.94779841602,0,13139.94779841602,0,0,0,0,0,0,21.20133924484253,0,21.20133924484253,0,0,0,0,0,0,209837.1188012846,104269.3680865765,105567.7457638718,1,1,1,,1,,1
1999,201,4367.1896400302,399.8267508000135,.091552414,228046.1923710667,104269.3680865765,123776.824636016,228046.1923710667,104269.3680865765,123776.824636016,222998.2620336302,104269.3680865765,118728.8918574117,18209.08191610128,0,18209.08191610128,25879.77766275406,0,25879.77766275406,13139.94779841602,0,13139.94779841602,0,0,0,0,0,0,21.20133924484253,0,21.20133924484253,0,0,0,0,0,0,209837.1188012846,104269.3680865765,105567.7457638718,.99999541,1,.99999106,,1,,.94999999
2000,201,4367.1896400302,399.8267508000135,.091552414,228856.3316055126,104269.3680865765,124586.9628938995,228856.3316055126,104269.3680865765,124586.9628938995,222998.2620336302,104269.3680865765,118728.8918574117,19019.22017398477,0,19019.22017398477,26336.02322747558,0,26336.02322747558,13139.94779841602,0,13139.94779841602,0,0,0,0,0,0,21.20133924484253,0,21.20133924484253,0,0,0,0,0,0,209837.1188012846,104269.3680865765,105567.7457638718,.99709433,1,.98893279,,.89999998,,1
2001,201,4367.1896400302,399.8267508000135,.091552414,230165.1273791604,104269.3680865765,125895.7567144223,230165.1273791604,104269.3680865765,125895.7567144223,222998.2620336302,104269.3680865765,118728.8918574117,20328.01399450749,0,20328.01399450749,31465.58701357991,0,31465.58701357991,13139.94779841602,0,13139.94779841602,0,0,0,0,0,0,21.20133924484253,0,21.20133924484253,0,0,0,0,0,0,209837.1188012846,104269.3680865765,105567.7457638718,.98226184,1,.93246335,,.38999999,,.85000002
2002,201,4367.1896400302,399.8267508000135,.091552414,230578.047666464,104269.3680865765,126308.6789548509,230578.047666464,104269.3680865765,126308.6789548509,222998.2620336302,104269.3680865765,118728.8918574117,20740.93623493612,0,20740.93623493612,31871.98651762307,0,31871.98651762307,13139.94779841602,0,13139.94779841602,0,0,0,0,0,0,21.20133924484253,0,21.20133924484253,0,0,0,0,0,0,209837.1188012846,104269.3680865765,105567.7457638718,.99128312,1,.96679842,,.69999999,,1
2003,201,4367.1896400302,399.8267508000135,.091552414,228963.137886513,104269.3680865765,124693.7691748999,228963.137886513,104269.3680865765,124693.7691748999,222998.2620336302,104269.3680865765,118728.8918574117,19126.02645498514,0,19126.02645498514,32278.3852904439,0,32278.3852904439,13139.94779841602,0,13139.94779841602,0,0,0,0,0,0,21.20133924484253,0,21.20133924484253,0,0,0,0,0,0,209837.1188012846,104269.3680865765,105567.7457638718,.99709433,1,.98893279,,.89999998,,1
2004,201,4367.1896400302,399.8267508000135,.091552414,233220.7454102673,104269.3680865765,128951.3747455291,233220.7454102673,104269.3680865765,128951.3747455291,222998.2620336302,104269.3680865765,118728.8918574117,23383.63202561438,0,23383.63202561438,32680.37169808149,0,32680.37169808149,13139.94779841602,0,13139.94779841602,0,0,0,0,0,0,21.20133924484253,0,21.20133924484253,0,0,0,0,0,0,209837.1188012846,104269.3680865765,105567.7457638718,.98983026,1,.96126485,,.64999998,,1
2005,201,4367.1896400302,399.8267508000135,.091552414,230681.9739134945,104269.3680865765,126412.6052018814,230681.9739134945,104269.3680865765,126412.6052018814,222998.2620336302,104269.3680865765,118728.8918574117,20844.86248196661,0,20844.86248196661,32905.90027648211,0,32905.90027648211,13139.94779841602,0,13139.94779841602,0,0,0,0,0,0,21.20133924484253,0,21.20133924484253,0,0,0,0,0,0,209837.1188012846,104269.3680865765,105567.7457638718,.99709433,1,.98893279,,.89999998,,1
2006,201,4367.1896400302,399.8267508000135,.091552414,229731.1244824864,104269.3680865765,125461.7538177483,229731.1244824864,104269.3680865765,125461.7538177483,222998.2620336302,104269.3680865765,118728.8918574117,19894.01109783351,0,19894.01109783351,33104.29985699058,0,33104.29985699058,13139.94779841602,0,13139.94779841602,0,0,0,0,0,0,21.20133924484253,0,21.20133924484253,0,0,0,0,0,0,209837.1188012846,104269.3680865765,105567.7457638718,1,1,1,,1,,1
2007,201,4367.1896400302,399.8267508000135,.091552414,236648.5233843289,104269.3680865765,132379.1556497552,236648.5233843289,104269.3680865765,132379.1556497552,222998.2620336302,104269.3680865765,118728.8918574117,26811.41292984039,0,26811.41292984039,33302.69882643223,0,33302.69882643223,13139.94779841602,0,13139.94779841602,0,0,0,0,0,0,21.20133924484253,0,21.20133924484253,0,0,0,0,0,0,209837.1188012846,104269.3680865765,105567.7457638718,.98837745,1,.95573127,,.60000002,,1
2008,201,4367.1896400302,399.8267508000135,.091552414,235277.4120542221,104269.3680865765,131008.0423660465,235277.4120542221,104269.3680865765,131008.0423660465,222998.2620336302,104269.3680865765,118728.8918574117,25440.29964613169,0,25440.29964613169,33501.09840741754,0,33501.09840741754,13139.94779841602,0,13139.94779841602,0,0,0,0,0,0,21.20133924484253,0,21.20133924484253,0,0,0,0,0,0,209837.1188012846,104269.3680865765,105567.7457638718,.98109037,1,.92801863,,.34999999,,.75
2009,201,4367.1896400302,399.8267508000135,.091552414,229407.0117852725,104269.3680865765,125137.6430736594,229407.0117852725,104269.3680865765,125137.6430736594,222998.2620336302,104269.3680865765,118728.8918574117,19569.90035374463,0,19569.90035374463,33699.49713277817,0,33699.49713277817,13139.94779841602,0,13139.94779841602,0,0,0,0,0,0,21.20133924484253,0,21.20133924484253,0,0,0,0,0,0,209837.1188012846,104269.3680865765,105567.7457638718,.98254937,1,.93356389,,.40000001,,.81511557
2010,201,4367.1896400302,399.8267508000135,.091552414,230168.838068895,104269.3680865765,125899.4674041569,230168.838068895,104269.3680865765,125899.4674041569,222998.2620336302,104269.3680865765,118728.8918574117,20331.72468424216,0,20331.72468424216,36705.79677656293,0,36705.79677656293,13139.94779841602,0,13139.94779841602,0,0,0,0,0,0,21.20133924484253,0,21.20133924484253,0,0,0,0,0,0,209837.1188012846,104269.3680865765,105567.7457638718,.98547184,1,.94466406,,.5,,1
2011,201,4367.1896400302,399.8267508000135,.091552414,228325.8849037625,104269.3680865765,124056.5142390244,228325.8849037625,104269.3680865765,124056.5142390244,222998.2620336302,104269.3680865765,118728.8918574117,18488.77151910961,0,18488.77151910961,36727.854203403,0,36727.854203403,13139.94779841602,0,13139.94779841602,0,0,0,0,0,0,21.20133924484253,0,21.20133924484253,0,0,0,0,0,0,209837.1188012846,104269.3680865765,105567.7457638718,.99418873,1,.97786564,,.80000001,,1
2012,201,4367.1896400302,399.8267508000135,.091552414,228158.8911730088,104269.3680865765,123889.5224613957,228158.8911730088,104269.3680865765,123889.5224613957,222998.2620336302,104269.3680865765,118728.8918574117,18321.77974148095,0,18321.77974148095,36749.91163024306,0,36749.91163024306,13139.94779841602,0,13139.94779841602,0,0,0,0,0,0,21.20133924484253,0,21.20133924484253,0,0,0,0,0,0,209837.1188012846,104269.3680865765,105567.7457638718,.98983026,1,.96126485,,.64999998,,1
2013,201,4367.1896400302,399.8267508000135,.091552414,232463.6053898074,104269.3680865765,128194.2366781943,232463.6053898074,104269.3680865765,128194.2366781943,222998.2620336302,104269.3680865765,118728.8918574117,22626.49395827949,0,22626.49395827949,36771.96930146217,0,36771.96930146217,13139.94779841602,0,13139.94779841602,0,0,0,0,0,0,21.20133924484253,0,21.20133924484253,0,0,0,0,0,0,209837.1188012846,104269.3680865765,105567.7457638718,.98109037,1,.92801863,,.34999999,,.75
2014,201,4367.1896400302,399.8267508000135,.091552414,226203.6843572967,104269.3680865765,121934.3151576407,226203.6843572967,104269.3680865765,121934.3151576407,222998.2620336302,104269.3680865765,118728.8918574117,16366.57243772596,0,16366.57243772596,36794.02672830224,0,36794.02672830224,13139.94779841602,0,13139.94779841602,0,0,0,0,0,0,21.20133924484253,0,21.20133924484253,0,0,0,0,0,0,209837.1188012846,104269.3680865765,105567.7457638718,.97235048,1,.89477247,,.050000001,,.5
2015,201,4367.1896400302,399.8267508000135,.091552414,226428.7564243488,104269.3680865765,122159.3857596107,226428.7564243488,104269.3680865765,122159.3857596107,222998.2620336302,104269.3680865765,118728.8918574117,16591.64303969592,0,16591.64303969592,36816.08220225573,0,36816.08220225573,13139.94779841602,0,13139.94779841602,0,0,0,0,0,0,21.20133924484253,0,21.20133924484253,0,0,0,0,0,0,209837.1188012846,104269.3680865765,105567.7457638718,.97668594,1,.91132855,,.2,,.25
2016,201,4367.1896400302,399.8267508000135,.091552414,225129.8995116986,104269.3680865765,120860.5288469605,225129.8995116986,104269.3680865765,120860.5288469605,222998.2620336302,104269.3680865765,118728.8918574117,15292.78612704575,0,15292.78612704575,36816.08220225573,0,36816.08220225573,13139.94779841602,0,13139.94779841602,0,0,0,0,0,0,21.20133924484253,0,21.20133924484253,0,0,0,0,0,0,209837.1188012846,104269.3680865765,105567.7457638718,.98837745,1,.95573127,,.60000002,,1
2017,201,4367.1896400302,399.8267508000135,.091552414,226768.9358724169,104269.3680865765,122499.5652076788,226768.9358724169,104269.3680865765,122499.5652076788,222998.2620336302,104269.3680865765,118728.8918574117,16931.82248776406,0,16931.82248776406,36816.08220225573,0,36816.08220225573,13139.94779841602,0,13139.94779841602,0,0,0,0,0,0,21.20133924484253,0,21.20133924484253,0,0,0,0,0,0,209837.1188012846,104269.3680865765,105567.7457638718,.99564153,1,.98339921,,.85000002,,1
2018,201,4367.1896400302,399.8267508000135,.091552414,231647.5542545877,104269.3680865765,127378.1855429746,231647.5542545877,104269.3680865765,127378.1855429746,222998.2620336302,104269.3680865765,118728.8918574117,21810.44282305986,0,21810.44282305986,36816.08220225573,0,36816.08220225573,13139.94779841602,0,13139.94779841602,0,0,0,0,0,0,21.20133924484253,0,21.20133924484253,0,0,0,0,0,0,209837.1188012846,104269.3680865765,105567.7457638718,.98111337,1,.92806327,,.34999999,,1
2019,201,4367.1896400302,399.8267508000135,.091552414,229848.4312641881,104269.3680865765,125579.0596228875,229848.4312641881,104269.3680865765,125579.0596228875,222998.2620336302,104269.3680865765,118728.8918574117,20011.31690297276,0,20011.31690297276,36816.08220225573,0,36816.08220225573,13139.94779841602,0,13139.94779841602,0,0,0,0,0,0,21.20133924484253,0,21.20133924484253,0,0,0,0,0,0,209837.1188012846,104269.3680865765,105567.7457638718,.99273592,1,.97233206,,.75,,1
2020,201,4367.1896400302,399.8267508000135,.091552414,233011.8439118974,104269.3680865765,128742.4732471593,233011.8439118974,104269.3680865765,128742.4732471593,222998.2620336302,104269.3680865765,118728.8918574117,23174.73052724451,0,23174.73052724451,36816.08220225573,0,36816.08220225573,13139.94779841602,0,13139.94779841602,0,0,0,0,0,0,21.20133924484253,0,21.20133924484253,0,0,0,0,0,0,209837.1188012846,104269.3680865765,105567.7457638718,.9767319,1,.91141784,,.2,,.75
2021,201,4367.1896400302,399.8267508000135,.091552414,230093.4890028946,104269.3680865765,125824.1191926487,230093.4890028946,104269.3680865765,125824.1191926487,222998.2620336302,104269.3680865765,118728.8918574117,20256.37647273391,0,20256.37647273391,36816.08220225573,0,36816.08220225573,13139.94779841602,0,13139.94779841602,0,0,0,0,0,0,21.20133924484253,0,21.20133924484253,0,0,0,0,0,0,209837.1188012846,104269.3680865765,105567.7457638718,.97232747,1,.89472783,,.050000001,,.25
2022,201,4367.1896400302,399.8267508000135,.091552414,226669.090370208,104269.3680865765,122399.7197054699,226669.090370208,104269.3680865765,122399.7197054699,222998.2620336302,104269.3680865765,118728.8918574117,16831.97698555514,0,16831.97698555514,36816.08220225573,0,36816.08220225573,13139.94779841602,0,13139.94779841602,0,0,0,0,0,0,21.20133924484253,0,21.20133924484253,0,0,0,0,0,0,209837.1188012846,104269.3680865765,105567.7457638718,.97233039,1,.89473373,,.050000001,,.28311679
2023,201,4367.1896400302,399.8267508000135,.091552414,226084.9624507204,104269.3680865765,121815.5916639119,226084.9624507204,104269.3680865765,121815.5916639119,222998.2620336302,104269.3680865765,118728.8918574117,16247.84894399717,0,16247.84894399717,36816.08220225573,0,36816.08220225573,13139.94779841602,0,13139.94779841602,0,0,0,0,0,0,21.20133924484253,0,21.20133924484253,0,0,0,0,0,0,209837.1188012846,104269.3680865765,105567.7457638718,1,1,1,,1,,1
2024,201,4367.1896400302,399.8267508000135,.091552414,226590.3231309503,104269.3680865765,122320.9544193372,226590.3231309503,104269.3680865765,122320.9544193372,222998.2620336302,104269.3680865765,118728.8918574117,16753.21169942245,0,16753.21169942245,36816.08220225573,0,36816.08220225573,13139.94779841602,0,13139.94779841602,0,0,0,0,0,0,21.20133924484253,0,21.20133924484253,0,0,0,0,0,0,209837.1188012846,104269.3680865765,105567.7457638718,.98256618,1,.93359691,,.40000001,,1
1993,202,7293.634925407609,40.80410755693447,.0055944817,1038816.809050506,58520.15164880455,980296.6438744571,1043840.28267437,58742.50117246807,985097.7667845916,1365188.617299533,63018.69110898674,1302169.905571779,82498.5122128129,0,82498.5122128129,142985.3905893266,0,142985.3905893266,129236.3060385063,0,129236.3060385063,46639.20676514506,2063.597925692797,44575.60704562068,51662.67452924326,2285.948182672262,49376.72800223902,326273.2045623809,6562.137998998165,319711.0641996413,0,0,0,0,0,0,909679.0963548459,56456.55274562538,853222.5277248286,.98161548,.96577179,.9821099,,1,.6712938,.92713428
1994,202,7293.634925407609,40.80410755693447,.0055944817,1046039.563565394,58915.3656117171,987124.1800704058,1049159.470719172,59053.38772909343,990106.0666019302,1365188.617299533,63018.69110898674,1302169.905571779,80792.54725589976,0,80792.54725589976,146668.429585658,0,146668.429585658,129236.3060385063,0,129236.3060385063,55567.9174490422,2458.812374025583,53109.10526947677,58687.82362589985,2596.834491312504,56090.9878943935,326273.2045623809,6562.137998998165,319711.0641996413,0,0,0,0,0,0,909679.0963548459,56456.55274562538,853222.5277248286,.8973859,.94658494,.88899612,,.5,.48703504,.75
1995,202,7293.634925407609,40.80410755693447,.0055944817,1040937.803281439,59466.948647663,981470.8432044964,1040826.840905545,59462.06740395725,981364.7582347225,1365188.617299533,63018.69110898674,1302169.905571779,63221.70539965481,0,63221.70539965481,148317.9894481525,0,148317.9894481525,129236.3060385063,0,129236.3060385063,68037.00683267415,3010.395659804344,65026.61025960743,67926.04152720422,3005.514410346746,64920.5262665078,326273.2045623809,6562.137998998165,319711.0641996413,0,0,0,0,0,0,909679.0963548459,56456.55274562538,853222.5277248286,.99174535,.99821633,.99130195,,1,.98287058,.96457314
1996,202,7293.634925407609,40.80410755693447,.0055944817,1072473.615268311,59250.15297667682,1013223.447771972,1073158.516168466,59280.61947290599,1013877.882954812,1365188.617299533,63018.69110898674,1302169.905571779,99656.44359704107,0,99656.44359704107,149967.4743121192,0,149967.4743121192,129236.3060385063,0,129236.3060385063,63138.07866864651,2793.599986881018,60344.47858243436,63822.98152293265,2824.065996795893,60998.91376532614,326273.2045623809,6562.137998998165,319711.0641996413,0,0,0,0,0,0,909679.0963548459,56456.55274562538,853222.5277248286,.99948007,.9965772,1,,1,.96712935,1
1997,202,7293.634925407609,40.80410755693447,.0055944817,1082192.954810059,58988.58433632553,1023204.355535766,1080509.341747439,58914.18757729232,1021595.136096498,1365188.617299533,63018.69110898674,1302169.905571779,115287.87787579,0,115287.87787579,151616.8743442222,0,151616.8743442222,129236.3060385063,0,129236.3060385063,57225.97904977947,2532.031346544623,54693.94816122204,55542.36794189364,2457.634099245071,53084.73165277392,326273.2045623809,6562.137998998165,319711.0641996413,0,0,0,0,0,0,909679.0963548459,56456.55274562538,853222.5277248286,.98806846,.99137068,.98772389,,1,.91712934,.94999999
1998,202,7293.634925407609,40.80410755693447,.0055944817,1038293.417592993,58637.46976499259,979655.9290288445,1040377.640804937,58729.7090383023,981647.9151649829,1365188.617299533,63018.69110898674,1302169.905571779,79323.90633951128,0,79323.90633951128,151616.8875118718,0,151616.8875118718,129236.3060385063,0,129236.3060385063,49290.40848683938,2180.916774213314,47109.49319171533,51374.63462769613,2273.155801489949,49101.47932707891,326273.2045623809,6562.137998998165,319711.0641996413,0,0,0,0,0,0,909679.0963548459,56456.55274562538,853222.5277248286,1,1,1,,1,1,1
1999,202,7293.634925407609,40.80410755693447,.0055944817,1122027.522908634,59697.88361613452,1062329.627341082,1118649.592502853,59548.41554372013,1059101.163932448,1365188.617299533,63018.69110898674,1302169.905571779,139092.9984731153,0,139092.9984731153,151616.9006795511,0,151616.9006795511,129236.3060385063,0,129236.3060385063,73255.43046094477,3241.330138027668,70014.10034562647,69877.50103130937,3091.862309753895,66785.63693657517,326273.2045623809,6562.137998998165,319711.0641996413,0,0,0,0,0,0,909679.0963548459,56456.55274562538,853222.5277248286,.9859888,.97767943,.98772389,,1,.78564686,.94999999
2000,202,7293.634925407609,40.80410755693447,.0055944817,1124345.947541526,58989.42606632411,1065356.506395971,1129439.115532359,59214.8062055558,1070224.294093912,1365188.617299533,63018.69110898674,1302169.905571779,157424.9802169204,0,157424.9802169204,169760.1370509788,0,169760.1370509788,129236.3060385063,0,129236.3060385063,57241.87335021049,2532.873076573014,54709.00058657676,62335.0354795903,2758.252971678972,59576.78437714279,326273.2045623809,6562.137998998165,319711.0641996413,0,0,0,0,0,0,909679.0963548459,56456.55274562538,853222.5277248286,.98280716,.9760403,.98291928,,.89999998,.76990563,.97085369
2001,202,7293.634925407609,40.80410755693447,.0055944817,1106209.427578112,60628.85884158313,1045580.55498076,1104819.592490157,60567.2542168349,1044252.323265379,1365188.617299533,63018.69110898674,1302169.905571779,102236.2655084208,0,102236.2655084208,178007.2390193865,0,178007.2390193865,129236.3060385063,0,129236.3060385063,94294.06223204732,4172.305607706308,90121.7550907433,92904.23104938865,4110.700740635395,88793.52728161216,326273.2045623809,6562.137998998165,319711.0641996413,0,0,0,0,0,0,909679.0963548459,56456.55274562538,853222.5277248286,.90729851,.95973623,.89690632,,.38999999,.61333156,.82668298
2002,202,7293.634925407609,40.80410755693447,.0055944817,1110154.040590039,60180.62375323474,1049973.401002025,1102591.926702147,59846.00453285873,1042745.909966459,1365188.617299533,63018.69110898674,1302169.905571779,116310.922541637,0,116310.922541637,178007.2521870658,0,178007.2521870658,129236.3060385063,0,129236.3060385063,84164.02016644925,3724.07075959444,80439.94993691891,76601.91409290582,3389.451298952103,73212.46280945092,326273.2045623809,6562.137998998165,319711.0641996413,0,0,0,0,0,0,909679.0963548459,56456.55274562538,853222.5277248286,.96940547,.9794631,.96664792,,.69999999,.80277628,.98542684
2003,202,7293.634925407609,40.80410755693447,.0055944817,1128532.192414096,59406.18576042354,1069125.991886294,1135562.532503491,59717.24046163261,1075845.275764218,1365188.617299533,63018.69110898674,1302169.905571779,152190.7494095936,0,152190.7494095936,178337.1388796195,0,178337.1388796195,129236.3060385063,0,129236.3060385063,66662.3490293771,2949.632278591394,63712.71786101162,73692.68228360265,3260.686981707811,70431.99685593694,326273.2045623809,6562.137998998165,319711.0641996413,0,0,0,0,0,0,909679.0963548459,56456.55274562538,853222.5277248286,.98912114,.9828859,.99007529,,.89999998,.83564693,1
2004,202,7293.634925407609,40.80410755693447,.0055944817,1102698.994494697,59966.68956904113,1042732.290775901,1099669.858211612,59832.70696549118,1039837.137631854,1365188.617299533,63018.69110898674,1302169.905571779,113688.8672101498,0,113688.8672101498,180167.146282129,0,180167.146282129,129236.3060385063,0,129236.3060385063,79331.03038005531,3510.136575460434,75820.89406757057,76301.89409732074,3376.154221773148,72925.74092292041,326273.2045623809,6562.137998998165,319711.0641996413,0,0,0,0,0,0,909679.0963548459,56456.55274562538,853222.5277248286,.96526581,.9794631,.96168554,,.64999998,.80277628,.98542684
2005,202,7293.634925407609,40.80410755693447,.0055944817,1141239.935688457,58927.82144145668,1082312.095962351,1138033.002909413,58785.9279550761,1079247.063070392,1365188.617299533,63018.69110898674,1302169.905571779,175711.6676038578,0,175711.6676038578,180167.1477133855,0,180167.1477133855,129236.3060385063,0,129236.3060385063,55849.17215612531,2471.267965346575,53377.90374258161,52642.24523786455,2329.374724045396,50312.87085250765,326273.2045623809,6562.137998998165,319711.0641996413,0,0,0,0,0,0,909679.0963548459,56456.55274562538,853222.5277248286,.99016094,.98973155,.99007529,,.89999998,.90138817,1
2006,202,7293.634925407609,40.80410755693447,.0055944817,1129866.165833404,58237.03727726638,1071629.112873351,1137357.694494238,58568.45870630443,1078789.220151281,1365188.617299533,63018.69110898674,1302169.905571779,179948.86067155,0,179948.86067155,180167.1491446421,0,180167.1491446421,129236.3060385063,0,129236.3060385063,40238.20923275128,1780.484532609582,38457.72367853299,47729.73887184635,2111.905715569854,45617.833887849,326273.2045623809,6562.137998998165,319711.0641996413,0,0,0,0,0,0,909679.0963548459,56456.55274562538,853222.5277248286,1,1,1,,1,1,1
2007,202,7293.634925407609,40.80410755693447,.0055944817,1103389.207859984,60092.25584892929,1043296.93389163,1096577.051183751,59790.79549066722,1036786.242692387,1365188.617299533,63018.69110898674,1302169.905571779,111543.2913019881,0,111543.2913019881,180167.1505758986,0,180167.1505758986,129236.3060385063,0,129236.3060385063,82166.81867320836,3635.702857285738,78531.11406715214,75354.66590304673,3334.24250087142,72020.42286773026,326273.2045623809,6562.137998998165,319711.0641996413,0,0,0,0,0,0,909679.0963548459,56456.55274562538,853222.5277248286,.94849819,.96577179,.94241112,,.60000002,.6712938,.92713428
2008,202,7293.634925407609,40.80410755693447,.0055944817,1080070.423175251,59603.28731255233,1020467.124273082,1084129.345158717,59782.88460020721,1024346.443651682,1365188.617299533,63018.69110898674,1302169.905571779,99274.80408189073,0,99274.80408189073,180167.1520072445,0,180167.1520072445,129236.3060385063,0,129236.3060385063,71116.5251147449,3146.734563082457,67969.79166957736,75175.43928575516,3326.331612348557,71849.10714101791,326273.2045623809,6562.137998998165,319711.0641996413,0,0,0,0,0,0,909679.0963548459,56456.55274562538,853222.5277248286,.88548678,.9500078,.87410909,,.34999999,.51990563,.75
2009,202,7293.634925407609,40.80410755693447,.0055944817,1066412.479876345,58972.5944108218,1007439.872319391,1063145.51965872,58828.00758974254,1004317.493880292,1365188.617299533,63018.69110898674,1302169.905571779,99871.04130998254,0,99871.04130998254,180167.1534385011,0,180167.1534385011,129236.3060385063,0,129236.3060385063,56862.3406810388,2516.04117693007,54346.2985810861,53595.37265079468,2371.454596191645,51223.92014139146,326273.2045623809,6562.137998998165,319711.0641996413,0,0,0,0,0,0,909679.0963548459,56456.55274562538,853222.5277248286,.90295035,.92947084,.89387059,,.40000001,.32268193,.81027639
2010,202,7293.634925407609,40.80410755693447,.0055944817,1100988.492406687,58773.97755090892,1042214.502896493,1097924.703370696,58638.31149499118,1039286.372935286,1365188.617299533,63018.69110898674,1302169.905571779,138937.1506817788,0,138937.1506817788,180167.1548697576,0,180167.1548697576,129236.3060385063,0,129236.3060385063,52372.24677401036,2317.424071937799,50054.82173996419,49308.45383158699,2181.758504226804,47126.69666138664,326273.2045623809,6562.137998998165,319711.0641996413,0,0,0,0,0,0,909679.0963548459,56456.55274562538,853222.5277248286,.93969893,.962349,.93248641,,.5,.63842314,.92713428
2011,202,7293.634925407609,40.80410755693447,.0055944817,1131555.831234818,58636.6280348748,1072919.186502686,1144091.194964891,59191.40984635055,1084899.76827704,1365188.617299533,63018.69110898674,1302169.905571779,172605.0882033631,0,172605.0882033631,180167.1563010141,0,180167.1563010141,129236.3060385063,0,129236.3060385063,49271.64710434899,2180.075289279222,47091.57368430123,61807.0157167688,2734.856608599424,59072.15936396271,326273.2045623809,6562.137998998165,319711.0641996413,0,0,0,0,0,0,909679.0963548459,56456.55274562538,853222.5277248286,.98136169,.98630875,.98015064,,.80000001,.86851752,1
2012,202,7293.634925407609,40.80410755693447,.0055944817,1107747.733378148,60259.7336037606,1047487.986839375,1095517.019890433,59718.5866407603,1035798.419275275,1365188.617299533,63018.69110898674,1302169.905571779,112114.5089908913,0,112114.5089908913,180167.1577322707,0,180167.1577322707,129236.3060385063,0,129236.3060385063,85954.12943677604,3803.180859982967,82150.94835023582,73723.41985441744,3262.033406794071,70461.3846924454,326273.2045623809,6562.137998998165,319711.0641996413,0,0,0,0,0,0,909679.0963548459,56456.55274562538,853222.5277248286,.95159805,.9589262,.94737345,,.64999998,.60555255,.92713428
2013,202,7293.634925407609,40.80410755693447,.0055944817,1100991.028975597,59554.81210283935,1041436.205275035,1107310.362790173,59834.39042548835,1047475.960409572,1365188.617299533,63018.69110898674,1302169.905571779,121291.1320045739,0,121291.1320045739,180167.1591635272,0,180167.1591635272,129236.3060385063,0,129236.3060385063,70020.8049441278,3098.258378744125,66922.54572400451,76340.13387696445,3377.837435752153,72962.29890553653,326273.2045623809,6562.137998998165,319711.0641996413,0,0,0,0,0,0,909679.0963548459,56456.55274562538,853222.5277248286,.88077009,.93631649,.87053108,,.34999999,.38842317,.73542684
2014,202,7293.634925407609,40.80410755693447,.0055944817,1059839.885078659,58379.77249376476,1001460.100118255,1052823.842158606,58069.39137034118,994754.43561331,1365188.617299533,63018.69110898674,1302169.905571779,106695.4575847089,0,106695.4575847089,180167.1605948433,0,180167.1605948433,129236.3060385063,0,129236.3060385063,43465.32960949838,1923.219503939152,41542.11205874383,36449.28864313662,1612.838256582618,34836.4514606148,326273.2045623809,6562.137998998165,319711.0641996413,0,0,0,0,0,0,909679.0963548459,56456.55274562538,853222.5277248286,.80203086,.91370678,.78295457,,.050000001,.1712938,.5
2015,202,7293.634925407609,40.80410755693447,.0055944817,1054165.021757795,57831.05094473064,996333.9576445203,1054625.508942021,57851.41766493022,996774.0777041893,1365188.617299533,63018.69110898674,1302169.905571779,113420.1660556197,0,113420.1660556197,180167.1620260999,0,180167.1620260999,129236.3060385063,0,129236.3060385063,31065.7636766471,1374.497706949711,29691.26550817862,31526.24646610394,1394.864308893681,30131.38166135922,326273.2045623809,6562.137998998165,319711.0641996413,0,0,0,0,0,0,909679.0963548459,56456.55274562538,853222.5277248286,.75999117,.90478837,.73646116,,.2,.085646898,.25
2016,202,7293.634925407609,40.80410755693447,.0055944817,1123490.2459793,59356.02611415088,1064134.202451086,1127380.473739123,59528.21696810424,1067852.238447985,1365188.617299533,63018.69110898674,1302169.905571779,148280.6030927002,0,148280.6030927002,180167.1620260999,0,180167.1620260999,129236.3060385063,0,129236.3060385063,65530.54207653552,2899.473122507334,62631.06888336688,69420.76788157225,3071.663980215788,66349.10585612059,326273.2045623809,6562.137998998165,319711.0641996413,0,0,0,0,0,0,909679.0963548459,56456.55274562538,853222.5277248286,.93327069,.93496644,.92809904,,.60000002,.37545821,.86884171
2017,202,7293.634925407609,40.80410755693447,.0055944817,1120865.726318171,58423.03113178909,1062442.683440363,1116275.208288526,58220.03746955097,1058055.15690585,1365188.617299533,63018.69110898674,1302169.905571779,166741.9068457782,0,166741.9068457782,180167.1620260999,0,180167.1620260999,129236.3060385063,0,129236.3060385063,44444.73038012162,1966.477649912238,42478.25197893754,39854.20649089664,1763.48423756659,38090.72251453251,326273.2045623809,6562.137998998165,319711.0641996413,0,0,0,0,0,0,909679.0963548459,56456.55274562538,853222.5277248286,.98758101,1,.98511297,,.85000002,1,1
2018,202,7293.634925407609,40.80410755693447,.0055944817,1115159.111478781,59441.70067612827,1055717.393979391,1116169.959998703,59486.30549328029,1056683.640704116,1365188.617299533,63018.69110898674,1302169.905571779,138016.6044346169,0,138016.6044346169,180167.1620260999,0,180167.1620260999,129236.3060385063,0,129236.3060385063,67463.40915817767,2985.147688239813,64478.26004547626,68474.25963164866,3029.752503454685,65444.50676967204,326273.2045623809,6562.137998998165,319711.0641996413,0,0,0,0,0,0,909679.0963548459,56456.55274562538,853222.5277248286,.92779988,.96577179,.91759938,,.34999999,.6712938,.92713428
2019,202,7293.634925407609,40.80410755693447,.0055944817,1091612.96313489,58307.05821816623,1033305.890004626,1090414.49493145,58254.0380615443,1032160.442347145,1365188.617299533,63018.69110898674,1302169.905571779,140113.1899581179,0,140113.1899581179,180167.1620260999,0,180167.1620260999,129236.3060385063,0,129236.3060385063,41820.67627298832,1850.505470633507,39970.16957199574,40622.21002079174,1797.484827667475,38824.72484232113,326273.2045623809,6562.137998998165,319711.0641996413,0,0,0,0,0,0,909679.0963548459,56456.55274562538,853222.5277248286,.97670215,.9828859,.97518826,,.75,.83564693,1
2020,202,7293.634925407609,40.80410755693447,.0055944817,1049781.409538483,58857.96865288913,990923.4278541412,1057208.436783081,59186.52859501541,998021.8894497063,1365188.617299533,63018.69110898674,1302169.905571779,85830.42335674539,0,85830.42335674539,180167.1620260999,0,180167.1620260999,129236.3060385063,0,129236.3060385063,54271.89024975151,2401.41542083025,51870.47304537147,61698.91261108965,2729.975361049175,58968.93757065386,326273.2045623809,6562.137998998165,319711.0641996413,0,0,0,0,0,0,909679.0963548459,56456.55274562538,853222.5277248286,.8683511,.93631649,.85564405,,.2,.38842317,.73542684
2021,202,7293.634925407609,40.80410755693447,.0055944817,1070103.468520468,58910.65251259506,1011192.804213217,1066070.819896048,58732.23422066867,1007338.57058399,1365188.617299533,63018.69110898674,1302169.905571779,104961.5241564959,0,104961.5241564959,180167.1620260999,0,180167.1620260999,129236.3060385063,0,129236.3060385063,55462.8513630107,2454.099520936608,53008.75153476745,51430.20273721963,2275.680745512247,49154.52181137353,326273.2045623809,6562.137998998165,319711.0641996413,0,0,0,0,0,0,909679.0963548459,56456.55274562538,853222.5277248286,.74757218,.90478837,.72157413,,.050000001,.085646898,.25
2022,202,7293.634925407609,40.80410755693447,.0055944817,1082862.090622237,58410.74344663322,1024451.335990584,1077354.36886037,58167.18546514213,1019187.16612958,1365188.617299533,63018.69110898674,1302169.905571779,129016.4937152714,0,129016.4937152714,180167.1620260999,0,180167.1620260999,129236.3060385063,0,129236.3060385063,44166.50780978054,1954.190331935883,42212.3186346516,38658.77432919666,1710.631866976619,36948.14291430637,326273.2045623809,6562.137998998165,319711.0641996413,0,0,0,0,0,0,909679.0963548459,56456.55274562538,853222.5277248286,.74746364,.9076423,.72283196,,.050000001,.1130539,.25512299
2023,202,7293.634925407609,40.80410755693447,.0055944817,1090365.409086263,58101.20404569805,1032264.189044377,1090365.409086263,58101.20404569805,1032264.189044377,1365188.617299533,63018.69110898674,1302169.905571779,143514.9309572205,0,143514.9309572205,180167.1620260999,0,180167.1620260999,129236.3060385063,0,129236.3060385063,37171.3802466467,1644.650569498539,35526.7295646742,37171.3802466467,1644.650569498539,35526.7295646742,326273.2045623809,6562.137998998165,319711.0641996413,0,0,0,0,0,0,909679.0963548459,56456.55274562538,853222.5277248286,1,1,1,,1,1,1
2024,202,7293.634925407609,40.80410755693447,.0055944817,1062363.730727939,58121.06534020603,1004242.647515429,1067955.778039878,58368.66381959617,1009587.099582961,1365188.617299533,63018.69110898674,1302169.905571779,115064.7425809577,0,115064.7425809577,180167.1620260999,0,180167.1620260999,129236.3060385063,0,129236.3060385063,37619.88928981125,1664.512353330851,35955.3773893863,43211.94441424683,1912.110459789634,41299.83238660172,326273.2045623809,6562.137998998165,319711.0641996413,0,0,0,0,0,0,909679.0963548459,56456.55274562538,853222.5277248286,.93193954,.96577179,.92256176,,.40000001,.6712938,.92713428
1993,301,13511.81437896525,1092.385675042868,.080846705,524693.1807891498,469845.1878619418,54847.99076612246,531529.3619266974,474809.8335005268,56719.52675437948,567809.2232808119,483402.7564647533,84406.46811496298,17555.13838553429,0,17555.13838553429,27719.7547252588,0,27719.7547252588,26022.64956463501,0,26022.64956463501,67238.04765594703,46002.40136742592,21235.64640945893,74074.23270528784,50967.05180947483,23107.18093269339,101886.5796611627,59559.97009271383,42326.61114385928,0,0,0,0,0,0,439899.9918944929,423842.785954807,16057.20710744523,.92829186,.93839508,.87463456,,1,.5,.75
1994,301,13511.81437896525,1092.385675042868,.080846705,522307.190922644,467378.9706267342,54928.21787968654,519833.8246851554,463799.9492200837,56033.87907049713,567809.2232808119,483402.7564647533,84406.46811496298,16155.02663220465,0,16155.02663220465,28285.45629386231,0,28285.45629386231,26022.64956463501,0,26022.64956463501,66252.1744722389,43536.1883494854,22715.98579364646,63778.81115633157,39957.16555774212,23821.64503288177,101886.5796611627,59559.97009271383,42326.61114385928,0,0,0,0,0,0,439899.9918944929,423842.785954807,16057.20710744523,.8790465,.91991359,.72048378,,.5,.35000002,.75
1995,301,13511.81437896525,1092.385675042868,.080846705,531776.9216920277,478321.388867639,53455.53025763393,534706.937169322,481067.2695925459,53639.66922609623,567809.2232808119,483402.7564647533,84406.46811496298,8133.659225799143,0,8133.659225799143,28285.45629386231,0,28285.45629386231,26022.64956463501,0,26022.64956463501,83743.26697392673,54478.60364329815,29264.66383565874,86673.28723175194,57224.48579566181,29448.801843771,101886.5796611627,59559.97009271383,42326.61114385928,0,0,0,0,0,0,439899.9918944929,423842.785954807,16057.20710744523,1,1,1,,1,1,1
1996,301,13511.81437896525,1092.385675042868,.080846705,547557.6263287954,478886.1831405386,68671.44137091115,549214.3979882465,480059.7140810713,69154.68375458733,567809.2232808119,483402.7564647533,84406.46811496298,25414.15117499768,0,25414.15117499768,28285.45629386231,0,28285.45629386231,26022.64956463501,0,26022.64956463501,82243.48043429242,55043.39855977893,27200.08227168904,83900.25891430305,56216.93486769497,27683.32465417312,101886.5796611627,59559.97009271383,42326.61114385928,0,0,0,0,0,0,439899.9918944929,423842.785954807,16057.20710744523,.99562597,.9938395,1,,1,.95000005,1
1997,301,13511.81437896525,1092.385675042868,.080846705,558534.1710970856,488799.7531889901,69734.41859223769,551680.5718964192,483106.1518080458,68574.4190491067,567809.2232808119,483402.7564647533,84406.46811496298,27040.84270831943,0,27040.84270831943,28285.17798129003,0,28285.17798129003,26022.64956463501,0,26022.64956463501,91593.33305417077,64956.96703855693,26636.36895142571,84739.7363016756,59263.36667202413,25476.36893488483,101886.5796611627,59559.97009271383,42326.61114385928,0,0,0,0,0,0,439899.9918944929,423842.785954807,16057.20710744523,.98565835,.987679,.97492695,,1,.90000004,.94999999
1998,301,13511.81437896525,1092.385675042868,.080846705,514981.2248953662,460446.8671919331,54534.35637207399,520195.0310072045,464778.6275750622,55416.40110097481,567809.2232808119,483402.7564647533,84406.46811496298,17935.62603755109,0,17935.62603755109,28285.17798129003,0,28285.17798129003,26022.64956463501,0,26022.64956463501,57145.60705077159,36604.08306597173,20541.52436372149,62359.41023515751,40935.84485726058,21423.56617816379,101886.5796611627,59559.97009271383,42326.61114385928,0,0,0,0,0,0,439899.9918944929,423842.785954807,16057.20710744523,1,1,1,,1,1,1
1999,301,13511.81437896525,1092.385675042868,.080846705,545807.520471408,475809.4538545832,69998.06725441571,541692.0318907865,473073.9226298556,68618.10580660333,567809.2232808119,483402.7564647533,84406.46811496298,23461.11917562224,0,23461.11917562224,28285.45629386231,0,28285.45629386231,26022.64956463501,0,26022.64956463501,82446.40948781837,51966.66932472587,30479.74064258206,78330.91653308016,49231.13699358702,29099.77969845873,101886.5796611627,59559.97009271383,42326.61114385928,0,0,0,0,0,0,439899.9918944929,423842.785954807,16057.20710744523,.9681623,.96303707,.97492695,,1,.70000005,.94999999
2000,301,13511.81437896525,1092.385675042868,.080846705,541997.8775175998,472558.9118248448,69438.96629988802,547600.3331777729,476075.529518865,71524.80824000169,567809.2232808119,483402.7564647533,84406.46811496298,28847.45200291555,0,28847.45200291555,28285.45629386231,0,28285.45629386231,26022.64956463501,0,26022.64956463501,73250.43612693371,48716.12713517249,24534.30881534638,78852.89622085787,52232.7469445765,26620.1483128617,101886.5796611627,59559.97009271383,42326.61114385928,0,0,0,0,0,0,439899.9918944929,423842.785954807,16057.20710744523,.95097005,.95687658,.91902369,,.89999998,.64999998,.89999998
2001,301,13511.81437896525,1092.385675042868,.080846705,552936.3243279754,476708.4767933115,76227.8463755025,551134.8007435031,475383.0785393938,75751.72497334109,567809.2232808119,483402.7564647533,84406.46811496298,22040.36773647275,0,22040.36773647275,28285.45629386231,0,28285.45629386231,26022.64956463501,0,26022.64956463501,90995.966723875,52865.69321316481,38130.27268301028,89194.44994786252,51540.30061382055,37654.15033402909,101886.5796611627,59559.97009271383,42326.61114385928,0,0,0,0,0,0,439899.9918944929,423842.785954807,16057.20710744523,.88558412,.937163,.69659984,,.38999999,.49000004,.76999998
2002,301,13511.81437896525,1092.385675042868,.080846705,544183.1478674153,475698.7091608271,68484.44233329254,540060.7798824138,474431.3277324662,65629.45542230221,567809.2232808119,483402.7564647533,84406.46811496298,17589.42770400271,0,17589.42770400271,28285.45629386231,0,28285.45629386231,26022.64956463501,0,26022.64956463501,86693.73471648278,51855.92881011963,34837.80575878204,82571.3696850999,50588.54847359657,31982.82127414781,101886.5796611627,59559.97009271383,42326.61114385928,0,0,0,0,0,0,439899.9918944929,423842.785954807,16057.20710744523,.94648838,.96303707,.88243645,,.69999999,.70000005,.94999999
2003,301,13511.81437896525,1092.385675042868,.080846705,547397.988133845,472346.1492054686,75051.84003773812,554512.3770951747,476534.0947584137,77978.28523140095,567809.2232808119,483402.7564647533,84406.46811496298,30825.43540215027,0,30825.43540215027,28285.45629386231,0,28285.45629386231,26022.64956463501,0,26022.64956463501,76672.56582626901,48503.36753214896,28169.19820556245,83786.95622442823,52691.31263414025,31095.64239417177,101886.5796611627,59559.97009271383,42326.61114385928,0,0,0,0,0,0,439899.9918944929,423842.785954807,16057.20710744523,.97090524,.96919757,.9691698,,.89999998,.75,1
2004,301,13511.81437896525,1092.385675042868,.080846705,546176.7730994024,479773.6439465508,66403.13052393732,539047.3265708,474028.6278242096,65018.69559135886,567809.2232808119,483402.7564647533,84406.46811496298,16817.80802896339,0,16817.80802896339,28285.45629386231,0,28285.45629386231,26022.64956463501,0,26022.64956463501,89458.97765983411,55930.86376708746,33528.11508853504,82329.5271849273,50185.84554761648,32143.68014165146,101886.5796611627,59559.97009271383,42326.61114385928,0,0,0,0,0,0,439899.9918944929,423842.785954807,16057.20710744523,.94287604,.96303707,.86702132,,.64999998,.70000005,.94999999
2005,301,13511.81437896525,1092.385675042868,.080846705,531929.1804670041,455684.5127415918,76244.66549017851,530059.605725527,455019.4125350975,75040.1938977579,567809.2232808119,483402.7564647533,84406.46811496298,36275.4026357308,0,36275.4026357308,28285.45629386231,0,28285.45629386231,26022.64956463501,0,26022.64956463501,55753.78573546245,31841.73120110342,23912.05495981698,53884.20905215548,31176.62520108232,22707.58432855106,101886.5796611627,59559.97009271383,42326.61114385928,0,0,0,0,0,0,439899.9918944929,423842.785954807,16057.20710744523,.9796533,.98151851,.9691698,,.89999998,.85000002,1
2006,301,13511.81437896525,1092.385675042868,.080846705,525800.3869893183,455052.2997862585,70748.09193990051,529405.3691658104,455942.8787302189,73462.48819701991,567809.2232808119,483402.7564647533,84406.46811496298,36264.37124591228,0,36264.37124591228,28285.45629386231,0,28285.45629386231,26022.64956463501,0,26022.64956463501,49636.02996437715,31209.51445379807,18426.51471558723,53241.00433599728,32100.09336864017,21140.91099386627,101886.5796611627,59559.97009271383,42326.61114385928,0,0,0,0,0,0,439899.9918944929,423842.785954807,16057.20710744523,1,1,1,,1,1,1
2007,301,13511.81437896525,1092.385675042868,.080846705,533251.7838733618,461959.0805662274,71292.70122502491,528834.1105837018,460153.5428279974,68680.566811686,567809.2232808119,483402.7564647533,84406.46811496298,21321.91876374558,0,21321.91876374558,28285.45629386231,0,28285.45629386231,26022.64956463501,0,26022.64956463501,72029.87052000806,38116.29618122801,33913.57455299913,67612.19531733691,36310.75631055236,31301.44015497863,101886.5796611627,59559.97009271383,42326.61114385928,0,0,0,0,0,0,439899.9918944929,423842.785954807,16057.20710744523,.89939326,.93839508,.75131392,,.60000002,.5,.75
2008,301,13511.81437896525,1092.385675042868,.080846705,522094.8148957554,459554.0461904146,62540.76516196388,524739.9989493524,460639.4482716657,64100.5523730216,567809.2232808119,483402.7564647533,84406.46811496298,16733.50691259932,0,16733.50691259932,28285.45629386231,0,28285.45629386231,26022.64956463501,0,26022.64956463501,65461.31386719621,35711.26568880677,29750.04885910428,68106.50775997038,36796.66871601343,31309.83852801914,101886.5796611627,59559.97009271383,42326.61114385928,0,0,0,0,0,0,439899.9918944929,423842.785954807,16057.20710744523,.87258357,.92607409,.6742385,,.34999999,.39999998,.75
2009,301,13511.81437896525,1092.385675042868,.080846705,505244.5300859796,444890.7416605093,60353.78971109779,503023.0212978459,443936.3291327097,59086.69008517252,567809.2232808119,483402.7564647533,84406.46811496298,21599.39592969231,0,21599.39592969231,28285.45629386231,0,28285.45629386231,26022.64956463501,0,26022.64956463501,43745.14591627249,21047.95925225317,22697.18587124773,41523.63519039178,20093.54574094713,21430.08771111989,101886.5796611627,59559.97009271383,42326.61114385928,0,0,0,0,0,0,439899.9918944929,423842.785954807,16057.20710744523,.83317101,.88911116,.61443436,,.40000001,.099999994,.60000002
2010,301,13511.81437896525,1092.385675042868,.080846705,514789.7879062113,446798.3636424877,67991.42500311925,516461.0027397609,449181.0239862539,67279.97906362997,567809.2232808119,483402.7564647533,84406.46811496298,30511.46040272992,0,30511.46040272992,28285.45629386231,0,28285.45629386231,26022.64956463501,0,26022.64956463501,44378.33437576654,22955.57609899342,21422.75813862445,46049.55264385497,25338.24159283936,20711.31221463239,101886.5796611627,59559.97009271383,42326.61114385928,0,0,0,0,0,0,439899.9918944929,423842.785954807,16057.20710744523,.88779455,.93223459,.72048378,,.5,.45000002,.75
2011,301,13511.81437896525,1092.385675042868,.080846705,527863.7208977176,453914.709819708,73949.013708899,535428.5118657441,456739.9278614856,78688.58368108203,567809.2232808119,483402.7564647533,84406.46811496298,36505.35339654516,0,36505.35339654516,28285.45629386231,0,28285.45629386231,26022.64956463501,0,26022.64956463501,51458.37927900927,30071.92525935173,21386.45290499108,59023.16684900472,32897.14443768561,26126.02188836286,101886.5796611627,59559.97009271383,42326.61114385928,0,0,0,0,0,0,439899.9918944929,423842.785954807,16057.20710744523,.96805459,.97535807,.93833971,,.80000001,.79999995,1
2012,301,13511.81437896525,1092.385675042868,.080846705,528749.0232515391,459744.6006208993,69004.42478555624,521463.4388970789,457071.7481975891,64391.69335806554,567809.2232808119,483402.7564647533,84406.46811496298,18044.24615206756,0,18044.24615206756,28285.45629386231,0,28285.45629386231,26022.64956463501,0,26022.64956463501,70804.78934550282,35901.81813207269,34902.97168526051,63519.2045252621,33228.96576049924,30290.23978471754,101886.5796611627,59559.97009271383,42326.61114385928,0,0,0,0,0,0,439899.9918944929,423842.785954807,16057.20710744523,.89425755,.92607409,.766729,,.64999998,.39999998,.75
2013,301,13511.81437896525,1092.385675042868,.080846705,522459.2837629984,453913.5264096595,68545.75448307718,523573.0022869105,452980.942648802,70592.05562340788,567809.2232808119,483402.7564647533,84406.46811496298,23935.74268543907,0,23935.74268543907,28285.45629386231,0,28285.45629386231,26022.64956463501,0,26022.64956463501,58623.54554181682,30070.74108889699,28552.80439030515,59737.26941533521,29138.16296410561,30599.10600637033,101886.5796611627,59559.97009271383,42326.61114385928,0,0,0,0,0,0,439899.9918944929,423842.785954807,16057.20710744523,.84949392,.90143216,.64916545,,.34999999,.19999999,.69999999
2014,301,13511.81437896525,1092.385675042868,.080846705,494530.5966497555,441778.5626253225,52752.03465174216,489526.9071635272,439524.9464974739,50001.96490418195,567809.2232808119,483402.7564647533,84406.46811496298,19077.20590923913,0,19077.20590923913,28285.45629386231,0,28285.45629386231,26022.64956463501,0,26022.64956463501,35553.401551253,17935.78003180027,17617.62132028381,30549.71349684737,15682.16208791733,14867.55157367728,101886.5796611627,59559.97009271383,42326.61114385928,0,0,0,0,0,0,439899.9918944929,423842.785954807,16057.20710744523,.7879495,.87679017,.45638263,,.050000001,0,.5
2015,301,13511.81437896525,1092.385675042868,.080846705,485595.7316966361,433902.285764847,51693.44694430067,485298.0400486927,433503.9191695787,51794.11829462679,567809.2232808119,483402.7564647533,84406.46811496298,23444.99266865943,0,23444.99266865943,28285.45629386231,0,28285.45629386231,26022.64956463501,0,26022.64956463501,22250.750539336,10059.50239080936,12191.24808226118,21953.05426637022,9661.135573253036,12291.91869241683,101886.5796611627,59559.97009271383,42326.61114385928,0,0,0,0,0,0,439899.9918944929,423842.785954807,16057.20710744523,.77081853,.87679017,.37726244,,.2,0,.25
2016,301,13511.81437896525,1092.385675042868,.080846705,519315.3848131052,446956.3068836071,72359.07423834638,524967.3431097388,450718.1176824905,74249.22270060408,567809.2232808119,483402.7564647533,84406.46811496298,30311.49166627042,0,30311.49166627042,28285.45629386231,0,28285.45629386231,26022.64956463501,0,26022.64956463501,49103.9029677915,23113.52620144188,25990.37611260587,54755.8593347844,26875.3360516727,27880.52361558641,101886.5796611627,59559.97009271383,42326.61114385928,0,0,0,0,0,0,439899.9918944929,423842.785954807,16057.20710744523,.83765268,.88295066,.6510216,,.60000002,.049999997,.55000001
2017,301,13511.81437896525,1092.385675042868,.080846705,534609.4809840627,461731.3047231771,72878.17527514392,534125.1420919267,462693.3004116155,71431.84518250126,567809.2232808119,483402.7564647533,84406.46811496298,35965.94330543187,0,35965.94330543187,28285.45629386231,0,28285.45629386231,26022.64956463501,0,26022.64956463501,58743.54505827067,37888.52123241127,20855.02453329203,58259.20908522747,38850.51598641276,19408.69445455215,101886.5796611627,59559.97009271383,42326.61114385928,0,0,0,0,0,0,439899.9918944929,423842.785954807,16057.20710744523,.98916304,1,.95375478,,.85000002,1,1
2018,301,13511.81437896525,1092.385675042868,.080846705,539306.2903570444,460229.6331777908,79076.65789081388,537751.9737222699,458567.0313712694,79184.94207097791,567809.2232808119,483402.7564647533,84406.46811496298,34433.16665538773,0,34433.16665538773,28285.45629386231,0,28285.45629386231,26022.64956463501,0,26022.64956463501,64973.13549117603,36386.85259956121,28586.28331200637,63418.8154286576,34724.24697388709,28694.56653003223,101886.5796611627,59559.97009271383,42326.61114385928,0,0,0,0,0,0,439899.9918944929,423842.785954807,16057.20710744523,.88133162,.93839508,.6742385,,.34999999,.5,.75
2019,301,13511.81437896525,1092.385675042868,.080846705,516392.9519061627,452092.2768618204,64300.67256228565,516395.9755989097,452456.2988778688,63939.67656165808,567809.2232808119,483402.7564647533,84406.46811496298,29695.13601857936,0,29695.13601857936,28285.45629386231,0,28285.45629386231,26022.64956463501,0,26022.64956463501,46797.82375408881,28249.49443840981,18548.32911516898,46800.8488984772,28613.51530103385,18187.33360905135,101886.5796611627,59559.97009271383,42326.61114385928,0,0,0,0,0,0,439899.9918944929,423842.785954807,16057.20710744523,.96006829,.96919757,.92292458,,.75,.75,1
2020,301,13511.81437896525,1092.385675042868,.080846705,506328.0681581996,451451.3681068756,54876.69761277879,510535.5750891341,452884.8074001409,57650.7695205843,567809.2232808119,483402.7564647533,84406.46811496298,16064.27153891884,0,16064.27153891884,28285.45629386231,0,28285.45629386231,26022.64956463501,0,26022.64956463501,50363.80449052485,27608.58459237218,22755.21914859446,54571.31582266632,29042.02485090494,25529.29105580393,101886.5796611627,59559.97009271383,42326.61114385928,0,0,0,0,0,0,439899.9918944929,423842.785954807,16057.20710744523,.8386569,.90143216,.60292017,,.2,.19999999,.69999999
2021,301,13511.81437896525,1092.385675042868,.080846705,506086.6134981563,443973.6827454902,62112.9346682442,500565.1488696297,440369.1013350822,60196.04528384632,567809.2232808119,483402.7564647533,84406.46811496298,23975.34073838126,0,23975.34073838126,28285.45629386231,0,28285.45629386231,26022.64956463501,0,26022.64956463501,42211.28744229522,20130.90068997443,22080.38649427739,36689.81744398618,16526.31931552291,20163.49808560753,101886.5796611627,59559.97009271383,42326.61114385928,0,0,0,0,0,0,439899.9918944929,423842.785954807,16057.20710744523,.75998157,.87679017,.3310172,,.050000001,0,.25
2022,301,13511.81437896525,1092.385675042868,.080846705,505712.3739249532,437664.5936048366,68047.77984001604,501373.6771987454,435537.1533651687,65836.52496920912,567809.2232808119,483402.7564647533,84406.46811496298,34728.48683199938,0,34728.48683199938,28285.45629386231,0,28285.45629386231,26022.64956463501,0,26022.64956463501,31083.89542436065,13821.80919742584,17262.08703727485,26745.19870275738,11694.36821942031,15050.82997577371,101886.5796611627,59559.97009271383,42326.61114385928,0,0,0,0,0,0,439899.9918944929,423842.785954807,16057.20710744523,.76893133,.87679017,.37113413,,.050000001,0,.33000001
2023,301,13511.81437896525,1092.385675042868,.080846705,510373.2547486159,446364.1330384351,64009.12231585334,513659.2563351217,449233.1341432668,64426.12232301488,567809.2232808119,483402.7564647533,84406.46811496298,31841.97778692236,0,31841.97778692236,28285.45629386231,0,28285.45629386231,26022.64956463501,0,26022.64956463501,38631.28724676181,22521.34940204024,16109.93687072207,41917.28593314403,25390.34856805205,16526.93687788361,101886.5796611627,59559.97009271383,42326.61114385928,0,0,0,0,0,0,439899.9918944929,423842.785954807,16057.20710744523,1,1,1,,1,1,1
2024,301,13511.81437896525,1092.385675042868,.080846705,499177.0206816164,444294.2726930715,54882.7493777206,504450.3616598986,447212.6741839983,57237.68564532248,567809.2232808119,483402.7564647533,84406.46811496298,22861.46071099024,0,22861.46071099024,28285.45629386231,0,28285.45629386231,26022.64956463501,0,26022.64956463501,36415.56932948305,20451.4876934588,15964.08199353291,41688.90784780697,23369.88976091146,18319.01800750212,101886.5796611627,59559.97009271383,42326.61114385928,0,0,0,0,0,0,439899.9918944929,423842.785954807,16057.20710744523,.88494396,.93839508,.68965364,,.40000001,.5,.75
1993,302,15754.11046502803,888.0090991386678,.05636682,55083.51201316714,34682.18529316038,20401.32672341168,55083.51201316714,34682.18529316038,20401.32672341168,124917.1900648624,34682.18529316038,90235.00433248281,78.82714080810547,0,78.82714080810547,69912.50465069711,0,69912.50465069711,69912.50465069711,0,69912.50465069711,0,0,0,0,0,0,0,0,0,0,0,0,0,0,0,55004.68500205874,34682.18529316038,20322.49970896542,1,1,1,,1,,
1994,302,15754.11046502803,888.0090991386678,.05636682,55058.21623298526,34682.18529316038,20376.03094322979,55058.21623298526,34682.18529316038,20376.03094322979,124917.1900648624,34682.18529316038,90235.00433248281,53.53126907348633,0,53.53126907348633,69912.50465069711,0,69912.50465069711,69912.50465069711,0,69912.50465069711,0,0,0,0,0,0,0,0,0,0,0,0,0,0,0,55004.68500205874,34682.18529316038,20322.49970896542,.71992987,1,.61260873,,.5,,
1995,302,15754.11046502803,888.0090991386678,.05636682,55087.8731200397,34682.18529316038,20405.68783028424,55087.8731200397,34682.18529316038,20405.68783028424,124917.1900648624,34682.18529316038,90235.00433248281,83.18820190429688,0,83.18820190429688,69912.50465069711,0,69912.50465069711,69912.50465069711,0,69912.50465069711,0,0,0,0,0,0,0,0,0,0,0,0,0,0,0,55004.68500205874,34682.18529316038,20322.49970896542,1,1,1,,1,,
1996,302,15754.11046502803,888.0090991386678,.05636682,55185.39529159287,34682.18529316038,20503.2098864775,55185.39529159287,34682.18529316038,20503.2098864775,124917.1900648624,34682.18529316038,90235.00433248281,180.7102886151406,0,180.7102886151406,69912.50465069711,0,69912.50465069711,69912.50465069711,0,69912.50465069711,0,0,0,0,0,0,0,0,0,0,0,0,0,0,0,55004.68500205874,34682.18529316038,20322.49970896542,1,1,1,,1,,
1997,302,15754.11046502803,888.0090991386678,.05636682,63685.36748542311,34682.18529316038,29003.18245504471,63685.36748542311,34682.18529316038,29003.18245504471,124917.1900648624,34682.18529316038,90235.00433248281,8680.682811405975,0,8680.682811405975,45120.56041067094,0,45120.56041067094,69912.50465069711,0,69912.50465069711,0,0,0,0,0,0,0,0,0,0,0,0,0,0,0,55004.68500205874,34682.18529316038,20322.49970896542,1,1,1,,1,,
1998,302,15754.11046502803,888.0090991386678,.05636682,77175.54992889054,34682.18529316038,42493.36379222758,77175.54992889054,34682.18529316038,42493.36379222758,124917.1900648624,34682.18529316038,90235.00433248281,22170.86406466551,0,22170.86406466551,45120.56041067094,0,45120.56041067094,69912.50465069711,0,69912.50465069711,0,0,0,0,0,0,0,0,0,0,0,0,0,0,0,55004.68500205874,34682.18529316038,20322.49970896542,1,1,1,,1,,
1999,302,15754.11046502803,888.0090991386678,.05636682,78871.31193991937,34682.18529316038,44189.12603207119,78871.31193991937,34682.18529316038,44189.12603207119,124917.1900648624,34682.18529316038,90235.00433248281,23866.62643420883,0,23866.62643420883,69912.50465069711,0,69912.50465069711,69912.50465069711,0,69912.50465069711,0,0,0,0,0,0,0,0,0,0,0,0,0,0,0,55004.68500205874,34682.18529316038,20322.49970896542,1,1,1,,1,,
2000,302,15754.11046502803,888.0090991386678,.05636682,81628.69509700313,34682.18529316038,46946.50889171287,81628.69509700313,34682.18529316038,46946.50889171287,124917.1900648624,34682.18529316038,90235.00433248281,26624.00915079936,0,26624.00915079936,69912.50465069711,0,69912.50465069711,69912.50465069711,0,69912.50465069711,0,0,0,0,0,0,0,0,0,0,0,0,0,0,0,55004.68500205874,34682.18529316038,20322.49970896542,.943986,1,.92252171,,.89999998,,
2001,302,15754.11046502803,888.0090991386678,.05636682,78123.18235347793,34682.18529316038,43440.99651454017,78123.18235347793,34682.18529316038,43440.99651454017,124917.1900648624,34682.18529316038,90235.00433248281,23118.49686613306,0,23118.49686613306,69912.50465069711,0,69912.50465069711,69912.50465069711,0,69912.50465069711,0,0,0,0,0,0,0,0,0,0,0,0,0,0,0,55004.68500205874,34682.18529316038,20322.49970896542,.65831447,1,.52738267,,.38999999,,
2002,302,15754.11046502803,888.0090991386678,.05636682,86889.11186781526,34682.18529316038,52206.92602884769,86889.11186781526,34682.18529316038,52206.92602884769,124917.1900648624,34682.18529316038,90235.00433248281,31884.42645721138,0,31884.42645721138,69912.50465069711,0,69912.50465069711,69912.50465069711,0,69912.50465069711,0,0,0,0,0,0,0,0,0,0,0,0,0,0,0,55004.68500205874,34682.18529316038,20322.49970896542,.83195794,1,.76756525,,.69999999,,
2003,302,15754.11046502803,888.0090991386678,.05636682,86337.72273422219,34682.18529316038,51655.53658984788,86337.72273422219,34682.18529316038,51655.53658984788,124917.1900648624,34682.18529316038,90235.00433248281,31333.03674593754,0,31333.03674593754,69912.50465069711,0,69912.50465069711,69912.50465069711,0,69912.50465069711,0,0,0,0,0,0,0,0,0,0,0,0,0,0,0,55004.68500205874,34682.18529316038,20322.49970896542,.943986,1,.92252171,,.89999998,,
2004,302,15754.11046502803,888.0090991386678,.05636682,88843.34334151819,34682.18529316038,54161.15720489994,88843.34334151819,34682.18529316038,54161.15720489994,124917.1900648624,34682.18529316038,90235.00433248281,33838.65748496726,0,33838.65748496726,69912.50465069711,0,69912.50465069711,69912.50465069711,0,69912.50465069711,0,0,0,0,0,0,0,0,0,0,0,0,0,0,0,55004.68500205874,34682.18529316038,20322.49970896542,.80395091,1,.72882611,,.64999998,,
2005,302,15754.11046502803,888.0090991386678,.05636682,82530.8613162227,34682.18529316038,47848.67541605607,82530.8613162227,34682.18529316038,47848.67541605607,124917.1900648624,34682.18529316038,90235.00433248281,27526.17567323521,0,27526.17567323521,69912.50465069711,0,69912.50465069711,69912.50465069711,0,69912.50465069711,0,0,0,0,0,0,0,0,0,0,0,0,0,0,0,55004.68500205874,34682.18529316038,20322.49970896542,.943986,1,.92252171,,.89999998,,
2006,302,15754.11046502803,888.0090991386678,.05636682,82438.53631687537,34682.18529316038,47756.35026425496,82438.53631687537,34682.18529316038,47756.35026425496,124917.1900648624,34682.18529316038,90235.00433248281,27433.85067783669,0,27433.85067783669,69912.50465069711,0,69912.50465069711,69912.50465069711,0,69912.50465069711,0,0,0,0,0,0,0,0,0,0,0,0,0,0,0,55004.68500205874,34682.18529316038,20322.49970896542,1,1,1,,1,,
2007,302,15754.11046502803,888.0090991386678,.05636682,86470.1955792699,34682.18529316038,51788.00958755054,86470.1955792699,34682.18529316038,51788.00958755054,124917.1900648624,34682.18529316038,90235.00433248281,31465.50984472968,0,31465.50984472968,69912.50465069711,0,69912.50465069711,69912.50465069711,0,69912.50465069711,0,0,0,0,0,0,0,0,0,0,0,0,0,0,0,55004.68500205874,34682.18529316038,20322.49970896542,.77594393,1,.69008702,,.60000002,,
2008,302,15754.11046502803,888.0090991386678,.05636682,76725.48742178455,34682.18529316038,42043.30144550279,76725.48742178455,34682.18529316038,42043.30144550279,124917.1900648624,34682.18529316038,90235.00433248281,21720.80168933049,0,21720.80168933049,69912.50465069711,0,69912.50465069711,69912.50465069711,0,69912.50465069711,0,0,0,0,0,0,0,0,0,0,0,0,0,0,0,55004.68500205874,34682.18529316038,20322.49970896542,.63590884,1,.49639136,,.34999999,,
2009,302,15754.11046502803,888.0090991386678,.05636682,74159.70775773004,34682.18529316038,39477.52262807265,74159.70775773004,34682.18529316038,39477.52262807265,124917.1900648624,34682.18529316038,90235.00433248281,19155.02281265333,0,19155.02281265333,69912.50465069711,0,69912.50465069711,69912.50465069711,0,69912.50465069711,0,0,0,0,0,0,0,0,0,0,0,0,0,0,0,55004.68500205874,34682.18529316038,20322.49970896542,.66391587,1,.5351305,,.40000001,,
2010,302,15754.11046502803,888.0090991386678,.05636682,76443.10151486471,34682.18529316038,41760.91540102288,76443.10151486471,34682.18529316038,41760.91540102288,124917.1900648624,34682.18529316038,90235.00433248281,21438.41574069485,0,21438.41574069485,69912.50465069711,0,69912.50465069711,69912.50465069711,0,69912.50465069711,0,0,0,0,0,0,0,0,0,0,0,0,0,0,0,55004.68500205874,34682.18529316038,20322.49970896542,.71992987,1,.61260873,,.5,,
2011,302,15754.11046502803,888.0090991386678,.05636682,91691.24604739435,34682.18529316038,57009.05978120305,91691.24604739435,34682.18529316038,57009.05978120305,124917.1900648624,34682.18529316038,90235.00433248281,36686.56018143333,0,36686.56018143333,69912.50465069711,0,69912.50465069711,69912.50465069711,0,69912.50465069711,0,0,0,0,0,0,0,0,0,0,0,0,0,0,0,55004.68500205874,34682.18529316038,20322.49970896542,.887972,1,.84504348,,.80000001,,
2012,302,15754.11046502803,888.0090991386678,.05636682,78336.06010941416,34682.18529316038,43653.87400329858,78336.06010941416,34682.18529316038,43653.87400329858,124917.1900648624,34682.18529316038,90235.00433248281,23331.37432342023,0,23331.37432342023,69912.50465069711,0,69912.50465069711,69912.50465069711,0,69912.50465069711,0,0,0,0,0,0,0,0,0,0,0,0,0,0,0,55004.68500205874,34682.18529316038,20322.49970896542,.80395091,1,.72882611,,.64999998,,
2013,302,15754.11046502803,888.0090991386678,.05636682,76627.64966044948,34682.18529316038,41945.46360788122,76627.64966044948,34682.18529316038,41945.46360788122,124917.1900648624,34682.18529316038,90235.00433248281,21622.96396996453,0,21622.96396996453,69912.50465069711,0,69912.50465069711,69912.50465069711,0,69912.50465069711,0,0,0,0,0,0,0,0,0,0,0,0,0,0,0,55004.68500205874,34682.18529316038,20322.49970896542,.63590884,1,.49639136,,.34999999,,
2014,302,15754.11046502803,888.0090991386678,.05636682,74883.53744678356,34682.18529316038,40201.35134838679,74883.53744678356,34682.18529316038,40201.35134838679,124917.1900648624,34682.18529316038,90235.00433248281,19878.85166557092,0,19878.85166557092,69912.50465069711,0,69912.50465069711,69912.50465069711,0,69912.50465069711,0,0,0,0,0,0,0,0,0,0,0,0,0,0,0,55004.68500205874,34682.18529316038,20322.49970896542,.46786678,1,.26395661,,.050000001,,
2015,302,15754.11046502803,888.0090991386678,.05636682,70032.80378371291,34682.18529316038,35350.61863133125,70032.80378371291,34682.18529316038,35350.61863133125,124917.1900648624,34682.18529316038,90235.00433248281,15028.11882079951,0,15028.11882079951,69912.50465069711,0,69912.50465069711,69912.50465069711,0,69912.50465069711,0,0,0,0,0,0,0,0,0,0,0,0,0,0,0,55004.68500205874,34682.18529316038,20322.49970896542,.55188781,1,.38017398,,.2,,
2016,302,15754.11046502803,888.0090991386678,.05636682,94636.39102395996,34682.18529316038,59954.20490248874,94636.39102395996,34682.18529316038,59954.20490248874,124917.1900648624,34682.18529316038,90235.00433248281,39631.70530605689,0,39631.70530605689,69912.50465069711,0,69912.50465069711,69912.50465069711,0,69912.50465069711,0,0,0,0,0,0,0,0,0,0,0,0,0,0,0,55004.68500205874,34682.18529316038,20322.49970896542,.77594393,1,.69008702,,.60000002,,
2017,302,15754.11046502803,888.0090991386678,.05636682,108902.1065390613,34682.18529316038,74219.92018876038,108902.1065390613,34682.18529316038,74219.92018876038,124917.1900648624,34682.18529316038,90235.00433248281,53897.42039444111,0,53897.42039444111,69912.50465069711,0,69912.50465069711,69912.50465069711,0,69912.50465069711,0,0,0,0,0,0,0,0,0,0,0,0,0,0,0,55004.68500205874,34682.18529316038,20322.49970896542,.91597897,1,.88378263,,.85000002,,
2018,302,15754.11046502803,888.0090991386678,.05636682,85718.56806660257,34682.18529316038,51036.38181564398,85718.56806660257,34682.18529316038,51036.38181564398,124917.1900648624,34682.18529316038,90235.00433248281,30713.88217224367,0,30713.88217224367,69912.50465069711,0,69912.50465069711,69912.50465069711,0,69912.50465069711,0,0,0,0,0,0,0,0,0,0,0,0,0,0,0,55004.68500205874,34682.18529316038,20322.49970896542,.63590884,1,.49639136,,.34999999,,
2019,302,15754.11046502803,888.0090991386678,.05636682,78140.6043402385,34682.18529316038,43458.41840951703,78140.6043402385,34682.18529316038,43458.41840951703,124917.1900648624,34682.18529316038,90235.00433248281,23135.91877541505,0,23135.91877541505,69912.50465069711,0,69912.50465069711,69912.50465069711,0,69912.50465069711,0,0,0,0,0,0,0,0,0,0,0,0,0,0,0,55004.68500205874,34682.18529316038,20322.49970896542,.85996497,1,.80630434,,.75,,
2020,302,15754.11046502803,888.0090991386678,.05636682,69796.39072552882,34682.18529316038,35114.20535955019,69796.39072552882,34682.18529316038,35114.20535955019,124917.1900648624,34682.18529316038,90235.00433248281,14791.70553399809,0,14791.70553399809,69912.50465069711,0,69912.50465069711,69912.50465069711,0,69912.50465069711,0,0,0,0,0,0,0,0,0,0,0,0,0,0,0,55004.68500205874,34682.18529316038,20322.49970896542,.55188781,1,.38017398,,.2,,
2021,302,15754.11046502803,888.0090991386678,.05636682,69181.48320434056,34682.18529316038,34499.29831123911,69181.48320434056,34682.18529316038,34499.29831123911,124917.1900648624,34682.18529316038,90235.00433248281,14176.7986063268,0,14176.7986063268,69912.50465069711,0,69912.50465069711,69912.50465069711,0,69912.50465069711,0,0,0,0,0,0,0,0,0,0,0,0,0,0,0,55004.68500205874,34682.18529316038,20322.49970896542,.46786678,1,.26395661,,.050000001,,
2022,302,15754.11046502803,888.0090991386678,.05636682,66419.12638276257,34682.18529316038,31736.94118461199,66419.12638276257,34682.18529316038,31736.94118461199,124917.1900648624,34682.18529316038,90235.00433248281,11414.44134952314,0,11414.44134952314,69912.50465069711,0,69912.50465069711,69912.50465069711,0,69912.50465069711,0,0,0,0,0,0,0,0,0,0,0,0,0,0,0,55004.68500205874,34682.18529316038,20322.49970896542,.46786678,1,.26395661,,.050000001,,
2023,302,15754.11046502803,888.0090991386678,.05636682,69193.59389756992,34682.18529316038,34511.40871461853,69193.59389756992,34682.18529316038,34511.40871461853,124917.1900648624,34682.18529316038,90235.00433248281,14188.90895320103,0,14188.90895320103,69912.50465069711,0,69912.50465069711,69912.50465069711,0,69912.50465069711,0,0,0,0,0,0,0,0,0,0,0,0,0,0,0,55004.68500205874,34682.18529316038,20322.49970896542,1,1,1,,1,,
2024,302,15754.11046502803,888.0090991386678,.05636682,73759.97207389586,34682.18529316038,39077.78580765612,73759.97207389586,34682.18529316038,39077.78580765612,124917.1900648624,34682.18529316038,90235.00433248281,18755.2859575469,0,18755.2859575469,69912.50465069711,0,69912.50465069711,69912.50465069711,0,69912.50465069711,0,0,0,0,0,0,0,0,0,0,0,0,0,0,0,55004.68500205874,34682.18529316038,20322.49970896542,.66391587,1,.5351305,,.40000001,,
1993,401,6105.094107843453,32.87233591079712,.0053844112,240802.9452950694,72509.72464577854,168293.2206187733,240802.9452950694,72509.72464577854,168293.2206187733,277260.5231292844,72509.72464577854,204750.7984529883,72073.53569004312,0,72073.53569004312,194669.9668703079,0,194669.9668703079,194269.0197475553,0,194269.0197475553,0,0,0,0,0,0,0,0,0,0,0,0,85737.90231704712,0,85737.90231704712,82991.50338172913,72509.72464577854,10481.77873595059,1,1,1,,1,,
1994,401,6105.094107843453,32.87233591079712,.0053844112,250087.1427879781,72509.72464577854,177577.4181116819,250087.1427879781,72509.72464577854,177577.4181116819,277260.5231292844,72509.72464577854,204750.7984529883,74548.80271391571,0,74548.80271391571,194669.9668703079,0,194669.9668703079,194269.0197475553,0,194269.0197475553,0,0,0,0,0,0,0,0,0,0,0,0,92546.84059810638,0,92546.84059810638,82991.50338172913,72509.72464577854,10481.77873595059,.64966339,1,.52559644,,.5,,
1995,401,6105.094107843453,32.87233591079712,.0053844112,210812.4172173962,72509.72464577854,138302.6925411001,210812.4172173962,72509.72464577854,138302.6925411001,277260.5231292844,72509.72464577854,204750.7984529883,56990.14399614185,0,56990.14399614185,194669.9668703079,0,194669.9668703079,194269.0197475553,0,194269.0197475553,0,0,0,0,0,0,0,0,0,0,0,0,70830.77569913864,0,70830.77569913864,82991.50338172913,72509.72464577854,10481.77873595059,1,1,1,,1,,
1996,401,6105.094107843453,32.87233591079712,.0053844112,278080.9932286143,72509.72464577854,205571.2685523182,278080.9932286143,72509.72464577854,205571.2685523182,277260.5231292844,72509.72464577854,204750.7984529883,107716.6903850436,0,107716.6903850436,194669.9668703079,0,194669.9668703079,194269.0197475553,0,194269.0197475553,0,0,0,0,0,0,0,0,0,0,0,0,87372.79946136475,0,87372.79946136475,82991.50338172913,72509.72464577854,10481.77873595059,1,1,1,,1,,
1997,401,6105.094107843453,32.87233591079712,.0053844112,296348.6264106631,72509.72464577854,223838.901734367,296348.6264106631,72509.72464577854,223838.901734367,277260.5231292844,72509.72464577854,204750.7984529883,125169.9339224696,0,125169.9339224696,194669.9668703079,0,194669.9668703079,194269.0197475553,0,194269.0197475553,0,0,0,0,0,0,0,0,0,0,0,0,88187.19301319122,0,88187.19301319122,82991.50338172913,72509.72464577854,10481.77873595059,1,1,1,,1,,
1998,401,6105.094107843453,32.87233591079712,.0053844112,279158.4452440273,72509.72464577854,206648.7205677312,279158.4452440273,72509.72464577854,206648.7205677312,277260.5231292844,72509.72464577854,204750.7984529883,119734.4826590549,0,119734.4826590549,194669.9668703079,0,194669.9668703079,194269.0197475553,0,194269.0197475553,0,0,0,0,0,0,0,0,0,0,0,0,76432.45724964142,0,76432.45724964142,82991.50338172913,72509.72464577854,10481.77873595059,1,1,1,,1,,
1999,401,6105.094107843453,32.87233591079712,.0053844112,286379.4813540578,72509.72464577854,213869.7566777617,286379.4813540578,72509.72464577854,213869.7566777617,277260.5231292844,72509.72464577854,204750.7984529883,117089.5535553098,0,117089.5535553098,194669.9668703079,0,194669.9668703079,194269.0197475553,0,194269.0197475553,0,0,0,0,0,0,0,0,0,0,0,0,86298.42441654205,0,86298.42441654205,82991.50338172913,72509.72464577854,10481.77873595059,1,1,1,,1,,
2000,401,6105.094107843453,32.87233591079712,.0053844112,335184.3630253077,72509.72464577854,262674.6383490115,335184.3630253077,72509.72464577854,262674.6383490115,277260.5231292844,72509.72464577854,204750.7984529883,159650.5664163828,0,159650.5664163828,194669.9668703079,0,194669.9668703079,194269.0197475553,0,194269.0197475553,0,0,0,0,0,0,0,0,0,0,0,0,92542.29322719574,0,92542.29322719574,82991.50338172913,72509.72464577854,10481.77873595059,.92993265,1,.9051193,,.89999998,,
2001,401,6105.094107843453,32.87233591079712,.0053844112,259590.6913735569,72509.72464577854,187080.9666972607,259590.6913735569,72509.72464577854,187080.9666972607,277260.5231292844,72509.72464577854,204750.7984529883,87577.01324245334,0,87577.01324245334,194669.9668703079,0,194669.9668703079,194269.0197475553,0,194269.0197475553,0,0,0,0,0,0,0,0,0,0,0,0,89022.18256187439,0,89022.18256187439,82991.50338172913,72509.72464577854,10481.77873595059,.57258934,1,.42122763,,.38999999,,
2002,401,6105.094107843453,32.87233591079712,.0053844112,296574.741731137,72509.72464577854,224065.0170548409,296574.741731137,72509.72464577854,224065.0170548409,277260.5231292844,72509.72464577854,204750.7984529883,125448.0900788009,0,125448.0900788009,194860.8882962465,0,194860.8882962465,194269.0197475553,0,194269.0197475553,0,0,0,0,0,0,0,0,0,0,0,0,88135.14045810699,0,88135.14045810699,82991.50338172913,72509.72464577854,10481.77873595059,.78979802,1,.71535784,,.69999999,,
2003,401,6105.094107843453,32.87233591079712,.0053844112,275902.4306696653,72509.72464577854,203392.7059933692,275902.4306696653,72509.72464577854,203392.7059933692,277260.5231292844,72509.72464577854,204750.7984529883,144049.9472998381,0,144049.9472998381,194860.8882962465,0,194860.8882962465,194269.0197475553,0,194269.0197475553,0,0,0,0,0,0,0,0,0,0,0,0,48860.97217559814,0,48860.97217559814,82991.50338172913,72509.72464577854,10481.77873595059,.92993265,1,.9051193,,.89999998,,
2004,401,6105.094107843453,32.87233591079712,.0053844112,231328.0018534064,72509.72464577854,158818.2771771103,231328.0018534064,72509.72464577854,158818.2771771103,277260.5231292844,72509.72464577854,204750.7984529883,146916.2106823325,0,146916.2106823325,204724.6983548403,0,204724.6983548403,194269.0197475553,0,194269.0197475553,0,0,0,0,0,0,0,0,0,0,0,0,1420.28827804327,0,1420.28827804327,82991.50338172913,72509.72464577854,10481.77873595059,.75476438,1,.66791749,,.64999998,,
2005,401,6105.094107843453,32.87233591079712,.0053844112,241471.7409207523,72509.72464577854,168962.0162444562,241471.7409207523,72509.72464577854,168962.0162444562,277260.5231292844,72509.72464577854,204750.7984529883,156349.8019482791,0,156349.8019482791,285401.2247382402,0,285401.2247382402,194269.0197475553,0,194269.0197475553,0,0,0,0,0,0,0,0,0,0,0,0,2130.432417050004,0,2130.432417050004,82991.50338172913,72509.72464577854,10481.77873595059,.92993265,1,.9051193,,.89999998,,
2006,401,6105.094107843453,32.87233591079712,.0053844112,320902.2561442554,72509.72464577854,248392.5314679593,320902.2561442554,72509.72464577854,248392.5314679593,277260.5231292844,72509.72464577854,204750.7984529883,235010.381596297,0,235010.381596297,285401.2247382402,0,285401.2247382402,194269.0197475553,0,194269.0197475553,0,0,0,0,0,0,0,0,0,0,0,0,2900.370678275824,0,2900.370678275824,82991.50338172913,72509.72464577854,10481.77873595059,1,1,1,,1,,
2007,401,6105.094107843453,32.87233591079712,.0053844112,275748.9744306207,72509.72464577854,203239.2497543246,275748.9744306207,72509.72464577854,203239.2497543246,277260.5231292844,72509.72464577854,204750.7984529883,187564.537225306,0,187564.537225306,285401.2247382402,0,285401.2247382402,194269.0197475553,0,194269.0197475553,0,0,0,0,0,0,0,0,0,0,0,0,5192.928940296173,0,5192.928940296173,82991.50338172913,72509.72464577854,10481.77873595059,.71973073,1,.62047714,,.60000002,,
2008,401,6105.094107843453,32.87233591079712,.0053844112,206389.8143547177,72509.72464577854,133880.0896784216,206389.8143547177,72509.72464577854,133880.0896784216,277260.5231292844,72509.72464577854,204750.7984529883,117675.8271792531,0,117675.8271792531,285401.2247382402,0,285401.2247382402,194269.0197475553,0,194269.0197475553,0,0,0,0,0,0,0,0,0,0,0,0,5722.483793854713,0,5722.483793854713,82991.50338172913,72509.72464577854,10481.77873595059,.5445624,1,.38327536,,.34999999,,
2009,401,6105.094107843453,32.87233591079712,.0053844112,280409.8608366251,72509.72464577854,207900.136160329,280409.8608366251,72509.72464577854,207900.136160329,277260.5231292844,72509.72464577854,204750.7984529883,118756.8991709948,0,118756.8991709948,285401.2247382402,0,285401.2247382402,194269.0197475553,0,194269.0197475553,0,0,0,0,0,0,0,0,0,0,0,0,78661.45828342438,0,78661.45828342438,82991.50338172913,72509.72464577854,10481.77873595059,.5795961,1,.43071574,,.40000001,,
2010,401,6105.094107843453,32.87233591079712,.0053844112,355161.1536530256,72509.72464577854,282651.4289767295,355161.1536530256,72509.72464577854,282651.4289767295,277260.5231292844,72509.72464577854,204750.7984529883,193940.8798273802,0,193940.8798273802,302588.1690741777,0,302588.1690741777,194269.0197475553,0,194269.0197475553,0,0,0,0,0,0,0,0,0,0,0,0,78228.77044487,0,78228.77044487,82991.50338172913,72509.72464577854,10481.77873595059,.64966339,1,.52559644,,.5,,
2011,401,6105.094107843453,32.87233591079712,.0053844112,352546.5263164937,72509.72464577854,280036.8016401976,352546.5263164937,72509.72464577854,280036.8016401976,277260.5231292844,72509.72464577854,204750.7984529883,219705.3100584447,0,219705.3100584447,302588.1690741777,0,302588.1690741777,194269.0197475553,0,194269.0197475553,0,0,0,0,0,0,0,0,0,0,0,0,49849.70506334305,0,49849.70506334305,82991.50338172913,72509.72464577854,10481.77873595059,.85986537,1,.8102386,,.80000001,,
2012,401,6105.094107843453,32.87233591079712,.0053844112,351047.0338982344,72509.72464577854,278537.3092219383,351047.0338982344,72509.72464577854,278537.3092219383,277260.5231292844,72509.72464577854,204750.7984529883,215574.6633499861,0,215574.6633499861,302588.1690741777,0,302588.1690741777,194269.0197475553,0,194269.0197475553,0,0,0,0,0,0,0,0,0,0,0,0,52480.85935401917,0,52480.85935401917,82991.50338172913,72509.72464577854,10481.77873595059,.75476438,1,.66791749,,.64999998,,
2013,401,6105.094107843453,32.87233591079712,.0053844112,290945.4597252607,72509.72464577854,218435.7350489646,290945.4597252607,72509.72464577854,218435.7350489646,277260.5231292844,72509.72464577854,204750.7984529883,135817.0850018263,0,135817.0850018263,302588.1690741777,0,302588.1690741777,194269.0197475553,0,194269.0197475553,0,0,0,0,0,0,0,0,0,0,0,0,72136.87134122849,0,72136.87134122849,82991.50338172913,72509.72464577854,10481.77873595059,.5445624,1,.38327536,,.34999999,,
2014,401,6105.094107843453,32.87233591079712,.0053844112,208330.0489290804,72509.72464577854,135820.3242527843,208330.0489290804,72509.72464577854,135820.3242527843,277260.5231292844,72509.72464577854,204750.7984529883,41605.86984740198,0,41605.86984740198,302807.3469485044,0,302807.3469485044,194269.0197475553,0,194269.0197475553,0,0,0,0,0,0,0,0,0,0,0,0,83732.66788768768,0,83732.66788768768,82991.50338172913,72509.72464577854,10481.77873595059,.33436045,1,.098633215,,.050000001,,
2015,401,6105.094107843453,32.87233591079712,.0053844112,246999.9288084954,72509.72464577854,174490.2041321993,246999.9288084954,72509.72464577854,174490.2041321993,277260.5231292844,72509.72464577854,204750.7984529883,80097.99986247718,0,80097.99986247718,302807.3469485044,0,302807.3469485044,194269.0197475553,0,194269.0197475553,0,0,0,0,0,0,0,0,0,0,0,0,83910.42165851593,0,83910.42165851593,82991.50338172913,72509.72464577854,10481.77873595059,.43946144,1,.24095429,,.2,,
2016,401,6105.094107843453,32.87233591079712,.0053844112,305766.3740776479,72509.72464577854,233256.6494013518,305766.3740776479,72509.72464577854,233256.6494013518,277260.5231292844,72509.72464577854,204750.7984529883,151773.3107365072,0,151773.3107365072,302807.3469485044,0,302807.3469485044,194269.0197475553,0,194269.0197475553,0,0,0,0,0,0,0,0,0,0,0,0,71001.5599603653,0,71001.5599603653,82991.50338172913,72509.72464577854,10481.77873595059,.71973073,1,.62047714,,.60000002,,
2017,401,6105.094107843453,32.87233591079712,.0053844112,352522.1330870986,72509.72464577854,280012.4084108025,352522.1330870986,72509.72464577854,280012.4084108025,277260.5231292844,72509.72464577854,204750.7984529883,221257.3779086471,0,221257.3779086471,302807.3469485044,0,302807.3469485044,194269.0197475553,0,194269.0197475553,0,0,0,0,0,0,0,0,0,0,0,0,48273.25570249557,0,48273.25570249557,82991.50338172913,72509.72464577854,10481.77873595059,.89489901,1,.85767895,,.85000002,,
2018,401,6105.094107843453,32.87233591079712,.0053844112,339516.6189186275,72509.72464577854,267006.8942423314,339516.6189186275,72509.72464577854,267006.8942423314,277260.5231292844,72509.72464577854,204750.7984529883,193191.3375727832,0,193191.3375727832,302807.3469485044,0,302807.3469485044,194269.0197475553,0,194269.0197475553,0,0,0,0,0,0,0,0,0,0,0,0,63333.78187036514,0,63333.78187036514,82991.50338172913,72509.72464577854,10481.77873595059,.5445624,1,.38327536,,.34999999,,
2019,401,6105.094107843453,32.87233591079712,.0053844112,275987.2820659876,72509.72464577854,203477.5573896915,275987.2820659876,72509.72464577854,203477.5573896915,277260.5231292844,72509.72464577854,204750.7984529883,154633.2176862955,0,154633.2176862955,302807.3469485044,0,302807.3469485044,194269.0197475553,0,194269.0197475553,0,0,0,0,0,0,0,0,0,0,0,0,38362.55709123611,0,38362.55709123611,82991.50338172913,72509.72464577854,10481.77873595059,.82483172,1,.76279819,,.75,,
2020,401,6105.094107843453,32.87233591079712,.0053844112,297926.6246452034,72509.72464577854,225416.8999689072,297926.6246452034,72509.72464577854,225416.8999689072,277260.5231292844,72509.72464577854,204750.7984529883,156829.7048170269,0,156829.7048170269,302807.3469485044,0,302807.3469485044,194269.0197475553,0,194269.0197475553,0,0,0,0,0,0,0,0,0,0,0,0,58105.41449308395,0,58105.41449308395,82991.50338172913,72509.72464577854,10481.77873595059,.43946144,1,.24095429,,.2,,
2021,401,6105.094107843453,32.87233591079712,.0053844112,211037.0531316698,72509.72464577854,138527.3284553736,211037.0531316698,72509.72464577854,138527.3284553736,277260.5231292844,72509.72464577854,204750.7984529883,51483.42014798522,0,51483.42014798522,302807.3469485044,0,302807.3469485044,194269.0197475553,0,194269.0197475553,0,0,0,0,0,0,0,0,0,0,0,0,76562.13546180725,0,76562.13546180725,82991.50338172913,72509.72464577854,10481.77873595059,.33436045,1,.098633215,,.050000001,,
2022,401,6105.094107843453,32.87233591079712,.0053844112,202546.9633847922,72509.72464577854,130037.2387084961,202546.9633847922,72509.72464577854,130037.2387084961,277260.5231292844,72509.72464577854,204750.7984529883,39341.83821217716,0,39341.83821217716,302807.3469485044,0,302807.3469485044,194269.0197475553,0,194269.0197475553,0,0,0,0,0,0,0,0,0,0,0,0,80213.61983776093,0,80213.61983776093,82991.50338172913,72509.72464577854,10481.77873595059,.33436045,1,.098633215,,.050000001,,
2023,401,6105.094107843453,32.87233591079712,.0053844112,312593.9267376065,72509.72464577854,240084.2020613104,312593.9267376065,72509.72464577854,240084.2020613104,277260.5231292844,72509.72464577854,204750.7984529883,182452.9035528302,0,182452.9035528302,302807.3469485044,0,302807.3469485044,194269.0197475553,0,194269.0197475553,0,0,0,0,0,0,0,0,0,0,0,0,47149.52370929718,0,47149.52370929718,82991.50338172913,72509.72464577854,10481.77873595059,1,1,1,,1,,
2024,401,6105.094107843453,32.87233591079712,.0053844112,275249.0451471508,72509.72464577854,202739.3204708546,275249.0451471508,72509.72464577854,202739.3204708546,277260.5231292844,72509.72464577854,204750.7984529883,124040.5278336704,0,124040.5278336704,302807.3469485044,0,302807.3469485044,194269.0197475553,0,194269.0197475553,0,0,0,0,0,0,0,0,0,0,0,0,68217.01393222809,0,68217.01393222809,82991.50338172913,72509.72464577854,10481.77873595059,.5795961,1,.43071574,,.40000001,,
1993,402,5024.2518241253,.3949787896126509,.000078614452,1504828.017514493,202373.3999022245,1302454.617612268,1504828.017514493,202373.3999022245,1302454.617612268,1562849.068911101,202373.3999022245,1360475.669008876,174303.4350230694,0,174303.4350230694,554828.938873291,0,554828.938873291,554827.5309448242,0,554827.5309448242,0,0,0,0,0,0,0,0,0,0,0,0,322503.0288696289,0,322503.0288696289,1008021.537966277,202373.3999022245,805648.1380640522,1,1,1,,1,,
1994,402,5024.2518241253,.3949787896126509,.000078614452,1571997.295223261,202373.3999022245,1369623.895321037,1571997.295223261,202373.3999022245,1369623.895321037,1562849.068911101,202373.3999022245,1360475.669008876,215860.9319396019,0,215860.9319396019,554828.938873291,0,554828.938873291,554827.5309448242,0,554827.5309448242,0,0,0,0,0,0,0,0,0,0,0,0,348114.825378418,0,348114.825378418,1008021.537966277,202373.3999022245,805648.1380640522,.82249486,1,.7960906,,.5,,
1995,402,5024.2518241253,.3949787896126509,.000078614452,1391012.550178434,202373.3999022245,1188639.150276209,1391012.550178434,202373.3999022245,1188639.150276209,1562849.068911101,202373.3999022245,1360475.669008876,116561.1528066397,0,116561.1528066397,554828.938873291,0,554828.938873291,554827.5309448242,0,554827.5309448242,0,0,0,0,0,0,0,0,0,0,0,0,266429.8740844727,0,266429.8740844727,1008021.537966277,202373.3999022245,805648.1380640522,1,1,1,,1,,
1996,402,5024.2518241253,.3949787896126509,.000078614452,1495413.465183999,202373.3999022245,1293040.065281774,1495413.465183999,202373.3999022245,1293040.065281774,1562849.068911101,202373.3999022245,1360475.669008876,158739.2485678196,0,158739.2485678196,537528.9386291504,0,537528.9386291504,554827.5309448242,0,554827.5309448242,0,0,0,0,0,0,0,0,0,0,0,0,328652.6903686523,0,328652.6903686523,1008021.537966277,202373.3999022245,805648.1380640522,1,1,1,,1,,
1997,402,5024.2518241253,.3949787896126509,.000078614452,1532810.095115687,202373.3999022245,1330436.695213462,1532810.095115687,202373.3999022245,1330436.695213462,1562849.068911101,202373.3999022245,1360475.669008876,193072.5185751915,0,193072.5185751915,537528.9386291504,0,537528.9386291504,554827.5309448242,0,554827.5309448242,0,0,0,0,0,0,0,0,0,0,0,0,331716.0346679688,0,331716.0346679688,1008021.537966277,202373.3999022245,805648.1380640522,1,1,1,,1,,
1998,402,5024.2518241253,.3949787896126509,.000078614452,1405374.689093854,202373.3999022245,1203001.289191629,1405374.689093854,202373.3999022245,1203001.289191629,1562849.068911101,202373.3999022245,1360475.669008876,109852.5316054821,0,109852.5316054821,537528.9386291504,0,537528.9386291504,554827.5309448242,0,554827.5309448242,0,0,0,0,0,0,0,0,0,0,0,0,287500.6097412109,0,287500.6097412109,1008021.537966277,202373.3999022245,805648.1380640522,1,1,1,,1,,
1999,402,5024.2518241253,.3949787896126509,.000078614452,1560585.558599021,202373.3999022245,1358212.158696796,1560585.558599021,202373.3999022245,1358212.158696796,1562849.068911101,202373.3999022245,1360475.669008876,227952.6063566208,0,227952.6063566208,539528.938659668,0,539528.938659668,554827.5309448242,0,554827.5309448242,0,0,0,0,0,0,0,0,0,0,0,0,324611.4221191406,0,324611.4221191406,1008021.537966277,202373.3999022245,805648.1380640522,1,1,1,,1,,
2000,402,5024.2518241253,.3949787896126509,.000078614452,1762965.202302481,202373.3999022245,1560591.802400257,1762965.202302481,202373.3999022245,1560591.802400257,1562849.068911101,202373.3999022245,1360475.669008876,406845.9316091537,0,406845.9316091537,540528.9385986328,0,540528.9385986328,554827.5309448242,0,554827.5309448242,0,0,0,0,0,0,0,0,0,0,0,0,348097.7327270508,0,348097.7327270508,1008021.537966277,202373.3999022245,805648.1380640522,.96449894,1,.95921814,,.89999998,,
2001,402,5024.2518241253,.3949787896126509,.000078614452,1616255.095111395,202373.3999022245,1413881.695209171,1616255.095111395,202373.3999022245,1413881.695209171,1562849.068911101,202373.3999022245,1360475.669008876,273376.7328653336,0,273376.7328653336,541528.9386901855,0,541528.9386901855,554827.5309448242,0,554827.5309448242,0,0,0,0,0,0,0,0,0,0,0,0,334856.8320922852,0,334856.8320922852,1008021.537966277,202373.3999022245,805648.1380640522,.78344369,1,.75123054,,.38999999,,
2002,402,5024.2518241253,.3949787896126509,.000078614452,1716046.621370818,202373.3999022245,1513673.221468593,1716046.621370818,202373.3999022245,1513673.221468593,1562849.068911101,202373.3999022245,1360475.669008876,376504.8425598145,0,376504.8425598145,541528.9386901855,0,541528.9386901855,554827.5309448242,0,554827.5309448242,0,0,0,0,0,0,0,0,0,0,0,0,331520.2212524414,0,331520.2212524414,1008021.537966277,202373.3999022245,805648.1380640522,.89349693,1,.87765437,,.69999999,,
2003,402,5024.2518241253,.3949787896126509,.000078614452,1646550.751004721,202373.3999022245,1444177.351102497,1646550.751004721,202373.3999022245,1444177.351102497,1562849.068911101,202373.3999022245,1360475.669008876,454738.7127943039,0,454738.7127943039,542528.9385070801,0,542528.9385070801,554827.5309448242,0,554827.5309448242,0,0,0,0,0,0,0,0,0,0,0,0,183790.4885253906,0,183790.4885253906,1008021.537966277,202373.3999022245,805648.1380640522,.96449894,1,.95921814,,.89999998,,
2004,402,5024.2518241253,.3949787896126509,.000078614452,1474951.980734374,202373.3999022245,1272578.580832149,1474951.980734374,202373.3999022245,1272578.580832149,1562849.068911101,202373.3999022245,1360475.669008876,461588.0178413391,0,461588.0178413391,543565.1271896362,0,543565.1271896362,554827.5309448242,0,554827.5309448242,0,0,0,0,0,0,0,0,0,0,0,0,5342.41284942627,0,5342.41284942627,1008021.537966277,202373.3999022245,805648.1380640522,.87574637,1,.85726339,,.64999998,,
2005,402,5024.2518241253,.3949787896126509,.000078614452,1425152.253841902,202373.3999022245,1222778.853939678,1425152.253841902,202373.3999022245,1222778.853939678,1562849.068911101,202373.3999022245,1360475.669008876,409117.1019229889,0,409117.1019229889,517675.1033554077,0,517675.1033554077,554827.5309448242,0,554827.5309448242,0,0,0,0,0,0,0,0,0,0,0,0,8013.619335174561,0,8013.619335174561,1008021.537966277,202373.3999022245,805648.1380640522,.96449894,1,.95921814,,.89999998,,
2006,402,5024.2518241253,.3949787896126509,.000078614452,1427792.067169692,202373.3999022245,1225418.667267467,1427792.067169692,202373.3999022245,1225418.667267467,1562849.068911101,202373.3999022245,1360475.669008876,408860.7896404266,0,408860.7896404266,518175.1033554077,0,518175.1033554077,554827.5309448242,0,554827.5309448242,0,0,0,0,0,0,0,0,0,0,0,0,10909.74140357971,0,10909.74140357971,1008021.537966277,202373.3999022245,805648.1380640522,1,1,1,,1,,
2007,402,5024.2518241253,.3949787896126509,.000078614452,1432546.987024809,202373.3999022245,1230173.587122585,1432546.987024809,202373.3999022245,1230173.587122585,1562849.068911101,202373.3999022245,1360475.669008876,404992.2500839233,0,404992.2500839233,519825.103477478,0,519825.103477478,554827.5309448242,0,554827.5309448242,0,0,0,0,0,0,0,0,0,0,0,0,19533.19746398926,0,19533.19746398926,1008021.537966277,202373.3999022245,805648.1380640522,.85799587,1,.83687252,,.60000002,,
2008,402,5024.2518241253,.3949787896126509,.000078614452,1274912.261766936,202373.3999022245,1072538.861864711,1274912.261766936,202373.3999022245,1072538.861864711,1562849.068911101,202373.3999022245,1360475.669008876,245365.6029510498,0,245365.6029510498,528475.1035995483,0,528475.1035995483,554827.5309448242,0,554827.5309448242,0,0,0,0,0,0,0,0,0,0,0,0,21525.11599731445,0,21525.11599731445,1008021.537966277,202373.3999022245,805648.1380640522,.7692433,1,.73491776,,.34999999,,
2009,402,5024.2518241253,.3949787896126509,.000078614452,1559450.626823928,202373.3999022245,1357077.226921703,1559450.626823928,202373.3999022245,1357077.226921703,1562849.068911101,202373.3999022245,1360475.669008876,255544.1029567719,0,255544.1029567719,528475.1035995483,0,528475.1035995483,554827.5309448242,0,554827.5309448242,0,0,0,0,0,0,0,0,0,0,0,0,295884.9995727539,0,295884.9995727539,1008021.537966277,202373.3999022245,805648.1380640522,.7869938,1,.75530875,,.40000001,,
2010,402,5024.2518241253,.3949787896126509,.000078614452,1690417.598013426,202373.3999022245,1488044.198111202,1690417.598013426,202373.3999022245,1488044.198111202,1562849.068911101,202373.3999022245,1360475.669008876,388138.6603279114,0,388138.6603279114,528538.1595077515,0,528538.1595077515,554827.5309448242,0,554827.5309448242,0,0,0,0,0,0,0,0,0,0,0,0,294257.4310302734,0,294257.4310302734,1008021.537966277,202373.3999022245,805648.1380640522,.82249486,1,.7960906,,.5,,
2011,402,5024.2518241253,.3949787896126509,.000078614452,1657039.487459685,202373.3999022245,1454666.08755746,1657039.487459685,202373.3999022245,1454666.08755746,1562849.068911101,202373.3999022245,1360475.669008876,461508.333404541,0,461508.333404541,528538.1595077515,0,528538.1595077515,554827.5309448242,0,554827.5309448242,0,0,0,0,0,0,0,0,0,0,0,0,187509.6063537598,0,187509.6063537598,1008021.537966277,202373.3999022245,805648.1380640522,.92899793,1,.91843623,,.80000001,,
2012,402,5024.2518241253,.3949787896126509,.000078614452,1544374.399363066,202373.3999022245,1342000.999460842,1544374.399363066,202373.3999022245,1342000.999460842,1562849.068911101,202373.3999022245,1360475.669008876,338946.1667556763,0,338946.1667556763,528538.1595077515,0,528538.1595077515,554827.5309448242,0,554827.5309448242,0,0,0,0,0,0,0,0,0,0,0,0,197406.6926574707,0,197406.6926574707,1008021.537966277,202373.3999022245,805648.1380640522,.87574637,1,.85726339,,.64999998,,
2013,402,5024.2518241253,.3949787896126509,.000078614452,1527691.884775664,202373.3999022245,1325318.484873439,1527691.884775664,202373.3999022245,1325318.484873439,1562849.068911101,202373.3999022245,1360475.669008876,248327.5946121216,0,248327.5946121216,528538.1595077515,0,528538.1595077515,554827.5309448242,0,554827.5309448242,0,0,0,0,0,0,0,0,0,0,0,0,271342.7560424805,0,271342.7560424805,1008021.537966277,202373.3999022245,805648.1380640522,.7692433,1,.73491776,,.34999999,,
2014,402,5024.2518241253,.3949787896126509,.000078614452,1431669.222550418,202373.3999022245,1229295.822648193,1431669.222550418,202373.3999022245,1229295.822648193,1562849.068911101,202373.3999022245,1360475.669008876,108687.3379807472,0,108687.3379807472,528538.1595077515,0,528538.1595077515,554827.5309448242,0,554827.5309448242,0,0,0,0,0,0,0,0,0,0,0,0,314960.3505249023,0,314960.3505249023,1008021.537966277,202373.3999022245,805648.1380640522,.66274023,1,.61257213,,.050000001,,
2015,402,5024.2518241253,.3949787896126509,.000078614452,1480954.180170561,202373.3999022245,1278580.780268337,1480954.180170561,202373.3999022245,1278580.780268337,1562849.068911101,202373.3999022245,1360475.669008876,157303.6870346069,0,157303.6870346069,528538.1595077515,0,528538.1595077515,554827.5309448242,0,554827.5309448242,0,0,0,0,0,0,0,0,0,0,0,0,315628.9591064453,0,315628.9591064453,1008021.537966277,202373.3999022245,805648.1380640522,.71599174,1,.67374498,,.2,,
2016,402,5024.2518241253,.3949787896126509,.000078614452,1576421.573751952,202373.3999022245,1374048.173849727,1576421.573751952,202373.3999022245,1374048.173849727,1562849.068911101,202373.3999022245,1360475.669008876,301327.738117218,0,301327.738117218,528538.1595077515,0,528538.1595077515,554827.5309448242,0,554827.5309448242,0,0,0,0,0,0,0,0,0,0,0,0,267072.2976074219,0,267072.2976074219,1008021.537966277,202373.3999022245,805648.1380640522,.85799587,1,.83687252,,.60000002,,
2017,402,5024.2518241253,.3949787896126509,.000078614452,1640284.917959715,202373.3999022245,1437911.518057491,1640284.917959715,202373.3999022245,1437911.518057491,1562849.068911101,202373.3999022245,1360475.669008876,450683.5781745911,0,450683.5781745911,528538.1595077515,0,528538.1595077515,554827.5309448242,0,554827.5309448242,0,0,0,0,0,0,0,0,0,0,0,0,181579.7979431152,0,181579.7979431152,1008021.537966277,202373.3999022245,805648.1380640522,.94674844,1,.93882722,,.85000002,,
2018,402,5024.2518241253,.3949787896126509,.000078614452,1441511.083664443,202373.3999022245,1239137.683762218,1441511.083664443,202373.3999022245,1239137.683762218,1562849.068911101,202373.3999022245,1360475.669008876,195259.5958385468,0,195259.5958385468,528538.1595077515,0,528538.1595077515,554827.5309448242,0,554827.5309448242,0,0,0,0,0,0,0,0,0,0,0,0,238229.9459228516,0,238229.9459228516,1008021.537966277,202373.3999022245,805648.1380640522,.7692433,1,.73491776,,.34999999,,
2019,402,5024.2518241253,.3949787896126509,.000078614452,1526732.891127135,202373.3999022245,1324359.49122491,1526732.891127135,202373.3999022245,1324359.49122491,1562849.068911101,202373.3999022245,1360475.669008876,374410.6433830261,0,374410.6433830261,528538.1595077515,0,528538.1595077515,554827.5309448242,0,554827.5309448242,0,0,0,0,0,0,0,0,0,0,0,0,144300.7078552246,0,144300.7078552246,1008021.537966277,202373.3999022245,805648.1380640522,.91124743,1,.8980453,,.75,,
2020,402,5024.2518241253,.3949787896126509,.000078614452,1353832.830099608,202373.3999022245,1151459.430197384,1353832.830099608,202373.3999022245,1151459.430197384,1562849.068911101,202373.3999022245,1360475.669008876,127247.8457679749,0,127247.8457679749,528538.1595077515,0,528538.1595077515,554827.5309448242,0,554827.5309448242,0,0,0,0,0,0,0,0,0,0,0,0,218563.4551391602,0,218563.4551391602,1008021.537966277,202373.3999022245,805648.1380640522,.71599174,1,.67374498,,.2,,
2021,402,5024.2518241253,.3949787896126509,.000078614452,1408053.444107558,202373.3999022245,1205680.044205333,1408053.444107558,202373.3999022245,1205680.044205333,1562849.068911101,202373.3999022245,1360475.669008876,112043.5304393768,0,112043.5304393768,528538.1595077515,0,528538.1595077515,554827.5309448242,0,554827.5309448242,0,0,0,0,0,0,0,0,0,0,0,0,287988.3776245117,0,287988.3776245117,1008021.537966277,202373.3999022245,805648.1380640522,.66274023,1,.61257213,,.050000001,,
2022,402,5024.2518241253,.3949787896126509,.000078614452,1425721.03568175,202373.3999022245,1223347.635779525,1425721.03568175,202373.3999022245,1223347.635779525,1562849.068911101,202373.3999022245,1360475.669008876,115976.0545392036,0,115976.0545392036,528538.1595077515,0,528538.1595077515,554827.5309448242,0,554827.5309448242,0,0,0,0,0,0,0,0,0,0,0,0,301723.4627075195,0,301723.4627075195,1008021.537966277,202373.3999022245,805648.1380640522,.66274023,1,.61257213,,.050000001,,
2023,402,5024.2518241253,.3949787896126509,.000078614452,1568677.475706603,202373.3999022245,1366304.075804378,1568677.475706603,202373.3999022245,1366304.075804378,1562849.068911101,202373.3999022245,1360475.669008876,383303.0582847595,0,383303.0582847595,528538.1595077515,0,528538.1595077515,554827.5309448242,0,554827.5309448242,0,0,0,0,0,0,0,0,0,0,0,0,177352.877532959,0,177352.877532959,1008021.537966277,202373.3999022245,805648.1380640522,1,1,1,,1,,
2024,402,5024.2518241253,.3949787896126509,.000078614452,1471005.334715392,202373.3999022245,1268631.934813167,1471005.334715392,202373.3999022245,1268631.934813167,1562849.068911101,202373.3999022245,1360475.669008876,206385.5688438416,0,206385.5688438416,528538.1595077515,0,528538.1595077515,554827.5309448242,0,554827.5309448242,0,0,0,0,0,0,0,0,0,0,0,0,256598.2259521484,0,256598.2259521484,1008021.537966277,202373.3999022245,805648.1380640522,.7869938,1,.75530875,,.40000001,,
1993,403,7284.571760661519,209.4993286351673,.028759319,1127109.619790039,60348.21240243316,1066761.408348909,1127109.619790039,60348.21240243316,1066761.408348909,1196388.741154632,60348.21240243316,1136040.529698244,224197.4544568062,0,224197.4544568062,650593.4328355789,0,650593.4328355789,649786.0238313675,0,649786.0238313675,546,0,546,546,0,546,0,0,0,0,0,0,355763.4358940125,0,355763.4358940125,546602.7212295145,60348.21240243316,486254.5078505188,1,1,1,,1,,
1994,403,7284.571760661519,209.4993286351673,.028759319,1200268.951010665,60348.21240243316,1139920.739508501,1200268.951010665,60348.21240243316,1139920.739508501,1196388.741154632,60348.21240243316,1136040.529698244,268585.595489502,0,268585.595489502,650593.4328355789,0,650593.4328355789,649786.0238313675,0,649786.0238313675,1064,0,1064,1064,0,1064,0,0,0,0,0,0,384016.6242790222,0,384016.6242790222,546602.7212295145,60348.21240243316,486254.5078505188,.7284385,1,.71401286,,.5,,
1995,403,7284.571760661519,209.4993286351673,.028759319,1001244.892539939,60348.21240243316,940896.6810988098,1001244.892539939,60348.21240243316,940896.6810988098,1196388.741154632,60348.21240243316,1136040.529698244,160567.8380663395,0,160567.8380663395,650593.4328355789,0,650593.4328355789,649786.0238313675,0,649786.0238313675,167,0,167,167,0,167,0,0,0,0,0,0,293907.3237533569,0,293907.3237533569,546602.7212295145,60348.21240243316,486254.5078505188,1,1,1,,1,,
1996,403,7284.571760661519,209.4993286351673,.028759319,1137036.840256652,60348.21240243316,1076688.628815523,1137036.840256652,60348.21240243316,1076688.628815523,1196388.741154632,60348.21240243316,1136040.529698244,227443.8099236488,0,227443.8099236488,650593.4328355789,0,650593.4328355789,649786.0238313675,0,649786.0238313675,443,0,443,443,0,443,0,0,0,0,0,0,362547.3253860474,0,362547.3253860474,546602.7212295145,60348.21240243316,486254.5078505188,1,1,1,,1,,
1997,403,7284.571760661519,209.4993286351673,.028759319,1170399.885365447,60348.21240243316,1110051.673909059,1170399.885365447,60348.21240243316,1110051.673909059,1196388.741154632,60348.21240243316,1136040.529698244,257870.5890374184,0,257870.5890374184,650593.4328355789,0,650593.4328355789,649786.0238313675,0,649786.0238313675,0,0,0,0,0,0,0,0,0,0,0,0,365926.5786743164,0,365926.5786743164,546602.7212295145,60348.21240243316,486254.5078505188,1,1,1,,1,,
1998,403,7284.571760661519,209.4993286351673,.028759319,1018259.862097701,60348.21240243316,957911.6506718308,1018259.862097701,60348.21240243316,957911.6506718308,1196388.741154632,60348.21240243316,1136040.529698244,154505.9936327934,0,154505.9936327934,650593.4328355789,0,650593.4328355789,649786.0238313675,0,649786.0238313675,0,0,0,0,0,0,0,0,0,0,0,0,317151.1489677429,0,317151.1489677429,546602.7212295145,60348.21240243316,486254.5078505188,1,1,1,,1,,
1999,403,7284.571760661519,209.4993286351673,.028759319,1203705.325816116,60348.21240243316,1143357.114420763,1203705.325816116,60348.21240243316,1143357.114420763,1196388.741154632,60348.21240243316,1136040.529698244,299013.3327934742,0,299013.3327934742,650593.4328355789,0,650593.4328355789,649786.0238313675,0,649786.0238313675,0,0,0,0,0,0,0,0,0,0,0,0,358089.2656898499,0,358089.2656898499,546602.7212295145,60348.21240243316,486254.5078505188,1,1,1,,1,,
2000,403,7284.571760661519,209.4993286351673,.028759319,1423278.866762123,60348.21240243316,1362930.655305734,1423278.866762123,60348.21240243316,1362930.655305734,1196388.741154632,60348.21240243316,1136040.529698244,492678.3662395477,0,492678.3662395477,665640.6100587845,0,665640.6100587845,649786.0238313675,0,649786.0238313675,0,0,0,0,0,0,0,0,0,0,0,0,383997.7778282166,0,383997.7778282166,546602.7212295145,60348.21240243316,486254.5078505188,.94568771,1,.94280255,,.89999998,,
2001,403,7284.571760661519,209.4993286351673,.028759319,1235181.101236305,60348.21240243316,1174832.889810434,1235181.101236305,60348.21240243316,1174832.889810434,1196388.741154632,60348.21240243316,1136040.529698244,319187.0677120686,0,319187.0677120686,665640.6100587845,0,665640.6100587845,649786.0238313675,0,649786.0238313675,0,0,0,0,0,0,0,0,0,0,0,0,369391.3015327454,0,369391.3015327454,546602.7212295145,60348.21240243316,486254.5078505188,.66869497,1,.65109563,,.38999999,,
2002,403,7284.571760661519,209.4993286351673,.028759319,1384229.601789436,60348.21240243316,1323881.390333048,1384229.601789436,60348.21240243316,1323881.390333048,1196388.741154632,60348.21240243316,1136040.529698244,471916.2991218567,0,471916.2991218567,665640.6100587845,0,665640.6100587845,649786.0238313675,0,649786.0238313675,0,0,0,0,0,0,0,0,0,0,0,0,365710.581867218,0,365710.581867218,546602.7212295145,60348.21240243316,486254.5078505188,.83706313,1,.8284077,,.69999999,,
2003,403,7284.571760661519,209.4993286351673,.028759319,1298876.447595558,60348.21240243316,1238528.236200205,1298876.447595558,60348.21240243316,1238528.236200205,1196388.741154632,60348.21240243316,1136040.529698244,549528.5569801331,0,549528.5569801331,665640.6100587845,0,665640.6100587845,649786.0238313675,0,649786.0238313675,0,0,0,0,0,0,0,0,0,0,0,0,202745.1807632446,0,202745.1807632446,546602.7212295145,60348.21240243316,486254.5078505188,.94568771,1,.94280255,,.89999998,,
2004,403,7284.571760661519,209.4993286351673,.028759319,1108993.648130378,60348.21240243316,1048645.43667399,1108993.648130378,60348.21240243316,1048645.43667399,1196388.741154632,60348.21240243316,1136040.529698244,556497.5469789505,0,556497.5469789505,665640.6100587845,0,665640.6100587845,649786.0238313675,0,649786.0238313675,0,0,0,0,0,0,0,0,0,0,0,0,5893.386947631836,0,5893.386947631836,546602.7212295145,60348.21240243316,486254.5078505188,.80990696,1,.79980898,,.64999998,,
2005,403,7284.571760661519,209.4993286351673,.028759319,1053317.205274543,60348.21240243316,992968.9938791901,1053317.205274543,60348.21240243316,992968.9938791901,1196388.741154632,60348.21240243316,1136040.529698244,497874.4105501175,0,497874.4105501175,639034.8429079056,0,639034.8429079056,649786.0238313675,0,649786.0238313675,0,0,0,0,0,0,0,0,0,0,0,0,8840.080424785614,0,8840.080424785614,546602.7212295145,60348.21240243316,486254.5078505188,.94568771,1,.94280255,,.89999998,,
2006,403,7284.571760661519,209.4993286351673,.028759319,1055567.376707038,60348.21240243316,995219.16525065,1055567.376707038,60348.21240243316,995219.16525065,1196388.741154632,60348.21240243316,1136040.529698244,496929.7721977234,0,496929.7721977234,639034.8429079056,0,639034.8429079056,649786.0238313675,0,649786.0238313675,0,0,0,0,0,0,0,0,0,0,0,0,12034.88560914993,0,12034.88560914993,546602.7212295145,60348.21240243316,486254.5078505188,1,1,1,,1,,
2007,403,7284.571760661519,209.4993286351673,.028759319,1043445.546312293,60348.21240243316,983097.3349169403,1043445.546312293,60348.21240243316,983097.3349169403,1196388.741154632,60348.21240243316,1136040.529698244,475295.1330504417,0,475295.1330504417,639034.8429079056,0,639034.8429079056,649786.0238313675,0,649786.0238313675,0,0,0,0,0,0,0,0,0,0,0,0,21547.6958565712,0,21547.6958565712,546602.7212295145,60348.21240243316,486254.5078505188,.78275084,1,.77121031,,.60000002,,
2008,403,7284.571760661519,209.4993286351673,.028759319,864355.3884610742,60348.21240243316,804007.1750820786,864355.3884610742,60348.21240243316,804007.1750820786,1196388.741154632,60348.21240243316,1136040.529698244,294007.6169366986,0,294007.6169366986,639034.8429079056,0,639034.8429079056,649786.0238313675,0,649786.0238313675,0,0,0,0,0,0,0,0,0,0,0,0,23745.04563546181,0,23745.04563546181,546602.7212295145,60348.21240243316,486254.5078505188,.64697003,1,.62821668,,.34999999,,
2009,403,7284.571760661519,209.4993286351673,.028759319,1178658.041525802,60348.21240243316,1118309.830099931,1178658.041525802,60348.21240243316,1118309.830099931,1196388.741154632,60348.21240243316,1136040.529698244,305655.0905468166,0,305655.0905468166,639034.8429079056,0,639034.8429079056,649786.0238313675,0,649786.0238313675,0,0,0,0,0,0,0,0,0,0,0,0,326400.2176971436,0,326400.2176971436,546602.7212295145,60348.21240243316,486254.5078505188,.67412621,1,.65681541,,.40000001,,
2010,403,7284.571760661519,209.4993286351673,.028759319,1337661.259454689,60348.21240243316,1277313.0479983,1337661.259454689,60348.21240243316,1277313.0479983,1196388.741154632,60348.21240243316,1136040.529698244,466453.7379131317,0,466453.7379131317,640417.3487672806,0,640417.3487672806,649786.0238313675,0,649786.0238313675,0,0,0,0,0,0,0,0,0,0,0,0,324604.798324585,0,324604.798324585,546602.7212295145,60348.21240243316,486254.5078505188,.7284385,1,.71401286,,.5,,
2011,403,7284.571760661519,209.4993286351673,.028759319,1294948.47273632,60348.21240243316,1234600.261340967,1294948.47273632,60348.21240243316,1234600.261340967,1196388.741154632,60348.21240243316,1136040.529698244,541497.8893680573,0,541497.8893680573,640417.3487672806,0,640417.3487672806,649786.0238313675,0,649786.0238313675,0,0,0,0,0,0,0,0,0,0,0,0,206847.8584766388,0,206847.8584766388,546602.7212295145,60348.21240243316,486254.5078505188,.89137542,1,.88560516,,.80000001,,
2012,403,7284.571760661519,209.4993286351673,.028759319,1176735.078145942,60348.21240243316,1116386.866689554,1176735.078145942,60348.21240243316,1116386.866689554,1196388.741154632,60348.21240243316,1136040.529698244,412366.7080764771,0,412366.7080764771,640417.3487672806,0,640417.3487672806,649786.0238313675,0,649786.0238313675,0,0,0,0,0,0,0,0,0,0,0,0,217765.6548175812,0,217765.6548175812,546602.7212295145,60348.21240243316,486254.5078505188,.80990696,1,.79980898,,.64999998,,
2013,403,7284.571760661519,209.4993286351673,.028759319,1145850.990350685,60348.21240243316,1085502.778894296,1145850.990350685,60348.21240243316,1085502.778894296,1196388.741154632,60348.21240243316,1136040.529698244,299921.3703355789,0,299921.3703355789,640417.3487672806,0,640417.3487672806,649786.0238313675,0,649786.0238313675,0,0,0,0,0,0,0,0,0,0,0,0,299326.8917541504,0,299326.8917541504,546602.7212295145,60348.21240243316,486254.5078505188,.64697003,1,.62821668,,.34999999,,
2014,403,7284.571760661519,209.4993286351673,.028759319,1020938.672347984,60348.21240243316,960590.458968988,1020938.672347984,60348.21240243316,960590.458968988,1196388.741154632,60348.21240243316,1136040.529698244,126893.0970904827,0,126893.0970904827,640417.3487672806,0,640417.3487672806,649786.0238313675,0,649786.0238313675,0,0,0,0,0,0,0,0,0,0,0,0,347442.8529129028,0,347442.8529129028,546602.7212295145,60348.21240243316,486254.5078505188,.48403317,1,.45662439,,.050000001,,
2015,403,7284.571760661519,209.4993286351673,.028759319,1082952.720361671,60348.21240243316,1022604.5089358,1082952.720361671,60348.21240243316,1022604.5089358,1196388.741154632,60348.21240243316,1136040.529698244,188169.586648941,0,188169.586648941,640417.3487672806,0,640417.3487672806,649786.0238313675,0,649786.0238313675,0,0,0,0,0,0,0,0,0,0,0,0,348180.4259719849,0,348180.4259719849,546602.7212295145,60348.21240243316,486254.5078505188,.56550163,1,.54242051,,.2,,
2016,403,7284.571760661519,209.4993286351673,.028759319,1195844.626100502,60348.21240243316,1135496.414644113,1195844.626100502,60348.21240243316,1135496.414644113,1196388.741154632,60348.21240243316,1136040.529698244,354625.88697052,0,354625.88697052,640417.3487672806,0,640417.3487672806,649786.0238313675,0,649786.0238313675,0,0,0,0,0,0,0,0,0,0,0,0,294616.0139045715,0,294616.0139045715,546602.7212295145,60348.21240243316,486254.5078505188,.78275084,1,.77121031,,.60000002,,
2017,403,7284.571760661519,209.4993286351673,.028759319,1286497.311361274,60348.21240243316,1226149.099965921,1286497.311361274,60348.21240243316,1226149.099965921,1196388.741154632,60348.21240243316,1136040.529698244,539588.0853385925,0,539588.0853385925,640417.3487672806,0,640417.3487672806,649786.0238313675,0,649786.0238313675,0,0,0,0,0,0,0,0,0,0,0,0,200306.5016059875,0,200306.5016059875,546602.7212295145,60348.21240243316,486254.5078505188,.91853154,1,.91420388,,.85000002,,
2018,403,7284.571760661519,209.4993286351673,.028759319,1053919.937604866,60348.21240243316,993571.7262095123,1053919.937604866,60348.21240243316,993571.7262095123,1196388.741154632,60348.21240243316,1136040.529698244,244518.1265983582,0,244518.1265983582,640417.3487672806,0,640417.3487672806,649786.0238313675,0,649786.0238313675,0,0,0,0,0,0,0,0,0,0,0,0,262799.0899887085,0,262799.0899887085,546602.7212295145,60348.21240243316,486254.5078505188,.64697003,1,.62821668,,.34999999,,
2019,403,7284.571760661519,209.4993286351673,.028759319,1147068.180739364,60348.21240243316,1086719.969282976,1147068.180739364,60348.21240243316,1086719.969282976,1196388.741154632,60348.21240243316,1136040.529698244,441282.7313942909,0,441282.7313942909,640417.3487672806,0,640417.3487672806,649786.0238313675,0,649786.0238313675,0,0,0,0,0,0,0,0,0,0,0,0,159182.7376194,0,159182.7376194,546602.7212295145,60348.21240243316,486254.5078505188,.86421925,1,.85700643,,.75,,
2020,403,7284.571760661519,209.4993286351673,.028759319,950808.4271268457,60348.21240243316,890460.215700975,950808.4271268457,60348.21240243316,890460.215700975,1196388.741154632,60348.21240243316,1136040.529698244,163101.3513250351,0,163101.3513250351,640417.3487672806,0,640417.3487672806,649786.0238313675,0,649786.0238313675,0,0,0,0,0,0,0,0,0,0,0,0,241104.3551769257,0,241104.3551769257,546602.7212295145,60348.21240243316,486254.5078505188,.56550163,1,.54242051,,.2,,
2021,403,7284.571760661519,209.4993286351673,.028759319,1004709.892769775,60348.21240243316,944361.6793907791,1004709.892769775,60348.21240243316,944361.6793907791,1196388.741154632,60348.21240243316,1136040.529698244,140417.9572043419,0,140417.9572043419,640417.3487672806,0,640417.3487672806,649786.0238313675,0,649786.0238313675,0,0,0,0,0,0,0,0,0,0,0,0,317689.2108001709,0,317689.2108001709,546602.7212295145,60348.21240243316,486254.5078505188,.48403317,1,.45662439,,.050000001,,
2022,403,7284.571760661519,209.4993286351673,.028759319,1023524.435902557,60348.21240243316,963176.2244766861,1023524.435902557,60348.21240243316,963176.2244766861,1196388.741154632,60348.21240243316,1136040.529698244,144080.8932905719,0,144080.8932905719,640417.3487672806,0,640417.3487672806,649786.0238313675,0,649786.0238313675,0,0,0,0,0,0,0,0,0,0,0,0,332840.8192138672,0,332840.8192138672,546602.7212295145,60348.21240243316,486254.5078505188,.48403317,1,.45662439,,.050000001,,
2023,403,7284.571760661519,209.4993286351673,.028759319,1188366.610773048,60348.21240243316,1128018.39931666,1188366.610773048,60348.21240243316,1128018.39931666,1196388.741154632,60348.21240243316,1136040.529698244,446120.2494474649,0,446120.2494474649,640417.3487672806,0,640417.3487672806,649786.0238313675,0,649786.0238313675,0,0,0,0,0,0,0,0,0,0,0,0,195643.6476764679,0,195643.6476764679,546602.7212295145,60348.21240243316,486254.5078505188,1,1,1,,1,,
2024,403,7284.571760661519,209.4993286351673,.028759319,1088314.750699005,60348.21240243316,1027966.539242616,1088314.750699005,60348.21240243316,1027966.539242616,1196388.741154632,60348.21240243316,1136040.529698244,258650.2973976135,0,258650.2973976135,640417.3487672806,0,640417.3487672806,649786.0238313675,0,649786.0238313675,0,0,0,0,0,0,0,0,0,0,0,0,283061.7337989807,0,283061.7337989807,546602.7212295145,60348.21240243316,486254.5078505188,.67412621,1,.65681541,,.40000001,,
1993,404,10041.75406064289,47.90023875981569,.0047701066,772690.9030458746,57727.18663040549,714963.7164154691,772690.9030458746,57727.18663040549,714963.7164154691,932769.9119539093,57727.18663040549,875042.7253235038,239481.2876297315,0,239481.2876297315,738613.9099040497,0,738613.9099040497,738613.9099040497,0,738613.9099040497,7727,0,7727,7727,0,7727,0,0,0,112000.0025477409,0,112000.0025477409,443326.6223989828,0,443326.6223989828,82155.99692341173,57727.18663040549,24428.81029300625,1,1,1,,1,,
1994,404,10041.75406064289,47.90023875981569,.0047701066,857334.5706820437,57727.18663040549,799607.3840516382,857334.5706820437,57727.18663040549,799607.3840516382,932769.9119539093,57727.18663040549,875042.7253235038,296644.8382201307,0,296644.8382201307,738613.9099040497,0,738613.9099040497,738613.9099040497,0,738613.9099040497,0,0,0,0,0,0,0,0,0,112000.0025477409,0,112000.0025477409,478533.7179603754,0,478533.7179603754,82155.99692341173,57727.18663040549,24428.81029300625,.60407495,1,.57795554,,.5,,
1995,404,10041.75406064289,47.90023875981569,.0047701066,608514.7275746749,57727.18663040549,550787.5409442694,608514.7275746749,57727.18663040549,550787.5409442694,932769.9119539093,57727.18663040549,875042.7253235038,160112.7008713461,0,160112.7008713461,738613.9099040497,0,738613.9099040497,738613.9099040497,0,738613.9099040497,0,0,0,0,0,0,0,0,0,112000.0025477409,0,112000.0025477409,366246.023920482,0,366246.023920482,82155.99692341173,57727.18663040549,24428.81029300625,1,1,1,,1,,
1996,404,10041.75406064289,47.90023875981569,.0047701066,751822.7141524912,57727.18663040549,694095.5275220857,751822.7141524912,57727.18663040549,694095.5275220857,932769.9119539093,57727.18663040549,875042.7253235038,217886.5196911287,0,217886.5196911287,738613.9099040497,0,738613.9099040497,738613.9099040497,0,738613.9099040497,0,0,0,0,0,0,0,0,0,112000.0025477409,0,112000.0025477409,451780.209256582,0,451780.209256582,82155.99692341173,57727.18663040549,24428.81029300625,1,1,1,,1,,
1997,404,10041.75406064289,47.90023875981569,.0047701066,803192.6208775849,57727.18663040549,745465.4342471794,803192.6208775849,57727.18663040549,745465.4342471794,932769.9119539093,57727.18663040549,875042.7253235038,265045.4533673925,0,265045.4533673925,738613.9099040497,0,738613.9099040497,738613.9099040497,0,738613.9099040497,0,0,0,0,0,0,0,0,0,112000.0025477409,0,112000.0025477409,455991.2037897864,0,455991.2037897864,82155.99692341173,57727.18663040549,24428.81029300625,1,1,1,,1,,
1998,404,10041.75406064289,47.90023875981569,.0047701066,627940.8456332241,57727.18663040549,570213.6590028186,627940.8456332241,57727.18663040549,570213.6590028186,932769.9119539093,57727.18663040549,875042.7253235038,150574.061531656,0,150574.061531656,738613.9099040497,0,738613.9099040497,738613.9099040497,0,738613.9099040497,0,0,0,0,0,0,0,0,0,112000.0025477409,0,112000.0025477409,395210.7803422194,0,395210.7803422194,82155.99692341173,57727.18663040549,24428.81029300625,1,1,1,,1,,
1999,404,10041.75406064289,47.90023875981569,.0047701066,841458.1279283469,57727.18663040549,783730.9412979414,841458.1279283469,57727.18663040549,783730.9412979414,932769.9119539093,57727.18663040549,875042.7253235038,313077.2032684404,0,313077.2032684404,738613.9099040497,0,738613.9099040497,738613.9099040497,0,738613.9099040497,0,0,0,0,0,0,0,0,0,112000.0025477409,0,112000.0025477409,446224.9082051255,0,446224.9082051255,82155.99692341173,57727.18663040549,24428.81029300625,1,1,1,,1,,
2000,404,10041.75406064289,47.90023875981569,.0047701066,1119689.174675802,57727.18663040549,1061961.988045397,1119689.174675802,57727.18663040549,1061961.988045397,932769.9119539093,57727.18663040549,875042.7253235038,559022.9794233907,0,559022.9794233907,738613.9099040497,0,738613.9099040497,738613.9099040497,0,738613.9099040497,0,0,0,0,0,0,0,0,0,112000.0025477409,0,112000.0025477409,478510.1905164998,0,478510.1905164998,82155.99692341173,57727.18663040549,24428.81029300625,.92081499,1,.91559106,,.89999998,,
2001,404,10041.75406064289,47.90023875981569,.0047701066,918167.8068554294,57727.18663040549,860440.6202250239,918167.8068554294,57727.18663040549,860440.6202250239,932769.9119539093,57727.18663040549,875042.7253235038,375703.1345918849,0,375703.1345918849,738613.9099040497,0,738613.9099040497,738613.9099040497,0,738613.9099040497,0,0,0,0,0,0,0,0,0,112000.0025477409,0,112000.0025477409,460308.6714337645,0,460308.6714337645,82155.99692341173,57727.18663040549,24428.81029300625,.51697147,1,.48510572,,.38999999,,
2002,404,10041.75406064289,47.90023875981569,.0047701066,1055226.87614026,57727.18663040549,997499.6895098542,1055226.87614026,57727.18663040549,997499.6895098542,932769.9119539093,57727.18663040549,875042.7253235038,517348.8406382343,0,517348.8406382343,738613.9099040497,0,738613.9099040497,738613.9099040497,0,738613.9099040497,0,0,0,0,0,0,0,0,0,112000.0025477409,0,112000.0025477409,455722.0346724838,0,455722.0346724838,82155.99692341173,57727.18663040549,24428.81029300625,.76244497,1,.7467733,,.69999999,,
2003,404,10041.75406064289,47.90023875981569,.0047701066,959627.8900392395,57727.18663040549,901900.7034088341,959627.8900392395,57727.18663040549,901900.7034088341,932769.9119539093,57727.18663040549,875042.7253235038,624825.5180532876,0,624825.5180532876,738613.9099040497,0,738613.9099040497,738613.9099040497,0,738613.9099040497,0,0,0,0,0,0,0,0,0,112000.0025477409,0,112000.0025477409,252646.3594376594,0,252646.3594376594,82155.99692341173,57727.18663040549,24428.81029300625,.92081499,1,.91559106,,.89999998,,
2004,404,10041.75406064289,47.90023875981569,.0047701066,737613.6601721328,57727.18663040549,679886.4735417273,737613.6601721328,57727.18663040549,679886.4735417273,932769.9119539093,57727.18663040549,875042.7253235038,633184.7490392383,0,633184.7490392383,738613.9099040497,0,738613.9099040497,738613.9099040497,0,738613.9099040497,0,0,0,0,0,0,0,0,0,112000.0025477409,0,112000.0025477409,22272.91211904815,0,22272.91211904815,82155.99692341173,57727.18663040549,24428.81029300625,.72285247,1,.70456886,,.64999998,,
2005,404,10041.75406064289,47.90023875981569,.0047701066,662514.2548411866,57727.18663040549,604787.0682107811,660305.2548411866,57727.18663040549,602578.0682107811,932769.9119539093,57727.18663040549,875042.7253235038,561091.386687953,0,561091.386687953,701894.4016379751,0,701894.4016379751,738613.9099040497,0,738613.9099040497,8251,0,8251,6042,0,6042,0,0,0,112000.0025477409,0,112000.0025477409,11015.86781183881,0,11015.86781183881,82155.99692341173,57727.18663040549,24428.81029300625,.92081499,1,.91559106,,.89999998,,
2006,404,10041.75406064289,47.90023875981569,.0047701066,652421.0243231063,57727.18663040549,594693.8376927008,652421.0243231063,57727.18663040549,594693.8376927008,932769.9119539093,57727.18663040549,875042.7253235038,555268.0298051238,0,555268.0298051238,701894.4016379751,0,701894.4016379751,738613.9099040497,0,738613.9099040497,0,0,0,0,0,0,0,0,0,112000.0025477409,0,112000.0025477409,14997.00272155987,0,14997.00272155987,82155.99692341173,57727.18663040549,24428.81029300625,1,1,1,,1,,
2007,404,10041.75406064289,47.90023875981569,.0047701066,683556.9889055025,57727.18663040549,625829.802275097,683556.9889055025,57727.18663040549,625829.802275097,932769.9119539093,57727.18663040549,875042.7253235038,550678.8110015485,0,550678.8110015485,701894.4016379751,0,701894.4016379751,738613.9099040497,0,738613.9099040497,0,0,0,0,0,0,0,0,0,112000.0025477409,0,112000.0025477409,50722.17693696084,0,50722.17693696084,82155.99692341173,57727.18663040549,24428.81029300625,.68326002,1,.66236442,,.60000002,,
2008,404,10041.75406064289,47.90023875981569,.0047701066,468774.9286068035,57727.18663040549,411047.741976398,468774.9286068035,57727.18663040549,411047.741976398,932769.9119539093,57727.18663040549,875042.7253235038,329856.5678444859,0,329856.5678444859,701894.4016379751,0,701894.4016379751,738613.9099040497,0,738613.9099040497,0,0,0,0,0,0,0,0,0,112000.0025477409,0,112000.0025477409,56762.35515672801,0,56762.35515672801,82155.99692341173,57727.18663040549,24428.81029300625,.48529747,1,.45134217,,.34999999,,
2009,404,10041.75406064289,47.90023875981569,.0047701066,862404.0268102251,57727.18663040549,804676.8401798196,862404.0268102251,57727.18663040549,804676.8401798196,932769.9119539093,57727.18663040549,875042.7253235038,341811.7321451586,0,341811.7321451586,701894.4016379751,0,701894.4016379751,738613.9099040497,0,738613.9099040497,0,0,0,0,0,0,0,0,0,112000.0025477409,0,112000.0025477409,438436.330319019,0,438436.330319019,82155.99692341173,57727.18663040549,24428.81029300625,.52488995,1,.49354661,,.40000001,,
2010,404,10041.75406064289,47.90023875981569,.0047701066,1091656.275442192,57727.18663040549,1033929.088811787,1091656.275442192,57727.18663040549,1033929.088811787,932769.9119539093,57727.18663040549,875042.7253235038,521539.2960214186,0,521539.2960214186,701894.4016379751,0,701894.4016379751,738613.9099040497,0,738613.9099040497,0,0,0,0,0,0,0,0,0,112000.0025477409,0,112000.0025477409,487961.0150750251,0,487961.0150750251,82155.99692341173,57727.18663040549,24428.81029300625,.60407495,1,.57795554,,.5,,
2011,404,10041.75406064289,47.90023875981569,.0047701066,959215.8648436745,57727.18663040549,901488.678213269,959215.8648436745,57727.18663040549,901488.678213269,932769.9119539093,57727.18663040549,875042.7253235038,619301.0647896603,0,619301.0647896603,701894.4016379751,0,701894.4016379751,738613.9099040497,0,738613.9099040497,0,0,0,0,0,0,0,0,0,112000.0025477409,0,112000.0025477409,257758.8207086069,0,257758.8207086069,82155.99692341173,57727.18663040549,24428.81029300625,.84162998,1,.83118218,,.80000001,,
2012,404,10041.75406064289,47.90023875981569,.0047701066,819381.2149848975,57727.18663040549,761654.028354492,819381.2149848975,57727.18663040549,761654.028354492,932769.9119539093,57727.18663040549,875042.7253235038,449780.4663474513,0,449780.4663474513,701894.4016379751,0,701894.4016379751,738613.9099040497,0,738613.9099040497,0,0,0,0,0,0,0,0,0,112000.0025477409,0,112000.0025477409,287444.78136189,0,287444.78136189,82155.99692341173,57727.18663040549,24428.81029300625,.72285247,1,.70456886,,.64999998,,
2013,404,10041.75406064289,47.90023875981569,.0047701066,857910.9187730961,57727.18663040549,800183.7321426906,857910.9187730961,57727.18663040549,800183.7321426906,932769.9119539093,57727.18663040549,875042.7253235038,327740.4338135738,0,327740.4338135738,701894.4016379751,0,701894.4016379751,738613.9099040497,0,738613.9099040497,0,0,0,0,0,0,0,0,0,112000.0025477409,0,112000.0025477409,448014.4893636536,0,448014.4893636536,82155.99692341173,57727.18663040549,24428.81029300625,.48529747,1,.45134217,,.34999999,,
2014,404,10041.75406064289,47.90023875981569,.0047701066,751399.7373095676,57727.18663040549,693672.5506791621,751399.7373095676,57727.18663040549,693672.5506791621,932769.9119539093,57727.18663040549,875042.7253235038,142248.6363538331,0,142248.6363538331,701894.4016379751,0,701894.4016379751,738613.9099040497,0,738613.9099040497,0,0,0,0,0,0,0,0,0,112000.0025477409,0,112000.0025477409,526995.1034068596,0,526995.1034068596,82155.99692341173,57727.18663040549,24428.81029300625,.24774244,1,.19811548,,.050000001,,
2015,404,10041.75406064289,47.90023875981569,.0047701066,890439.4160456862,57727.18663040549,832712.2294152807,890439.4160456862,57727.18663040549,832712.2294152807,932769.9119539093,57727.18663040549,875042.7253235038,210596.219047986,0,210596.219047986,701894.4016379751,0,701894.4016379751,738613.9099040497,0,738613.9099040497,0,0,0,0,0,0,0,0,0,112000.0025477409,0,112000.0025477409,597687.2092154035,0,597687.2092154035,82155.99692341173,57727.18663040549,24428.81029300625,.36651996,1,.32472882,,.2,,
2016,404,10041.75406064289,47.90023875981569,.0047701066,983107.4432614334,57727.18663040549,925380.2566310279,983107.4432614334,57727.18663040549,925380.2566310279,932769.9119539093,57727.18663040549,875042.7253235038,398003.3156970805,0,398003.3156970805,701894.4016379751,0,701894.4016379751,738613.9099040497,0,738613.9099040497,0,0,0,0,0,0,0,0,0,112000.0025477409,0,112000.0025477409,502948.1358759264,0,502948.1358759264,82155.99692341173,57727.18663040549,24428.81029300625,.68326002,1,.66236442,,.60000002,,
2017,404,10041.75406064289,47.90023875981569,.0047701066,1039378.559870893,57727.18663040549,981651.3732404877,1039378.559870893,57727.18663040549,981651.3732404877,932769.9119539093,57727.18663040549,875042.7253235038,597191.114965016,0,597191.114965016,701894.4016379751,0,701894.4016379751,738613.9099040497,0,738613.9099040497,0,0,0,0,0,0,0,0,0,112000.0025477409,0,112000.0025477409,360031.445403757,0,360031.445403757,82155.99692341173,57727.18663040549,24428.81029300625,.88122249,1,.87338668,,.85000002,,
2018,404,10041.75406064289,47.90023875981569,.0047701066,659313.1195115983,57727.18663040549,601585.9328811928,659313.1195115983,57727.18663040549,601585.9328811928,932769.9119539093,57727.18663040549,875042.7253235038,249525.9359647031,0,249525.9359647031,701894.4016379751,0,701894.4016379751,738613.9099040497,0,738613.9099040497,0,0,0,0,0,0,0,0,0,112000.0025477409,0,112000.0025477409,327631.1866082211,0,327631.1866082211,82155.99692341173,57727.18663040549,24428.81029300625,.48529747,1,.45134217,,.34999999,,
2019,404,10041.75406064289,47.90023875981569,.0047701066,775206.9466865363,57727.18663040549,717479.7600561308,775206.9466865363,57727.18663040549,717479.7600561308,932769.9119539093,57727.18663040549,875042.7253235038,494671.9626130182,0,494671.9626130182,701894.4016379751,0,701894.4016379751,738613.9099040497,0,738613.9099040497,0,0,0,0,0,0,0,0,0,112000.0025477409,0,112000.0025477409,198379.002775224,0,198379.002775224,82155.99692341173,57727.18663040549,24428.81029300625,.80203748,1,.78897774,,.75,,
2020,404,10041.75406064289,47.90023875981569,.0047701066,541142.7642783565,57727.18663040549,483415.577647951,541142.7642783565,57727.18663040549,483415.577647951,932769.9119539093,57727.18663040549,875042.7253235038,158540.0008003144,0,158540.0008003144,701894.4016379751,0,701894.4016379751,738613.9099040497,0,738613.9099040497,0,0,0,0,0,0,0,0,0,112000.0025477409,0,112000.0025477409,300446.7802265063,0,300446.7802265063,82155.99692341173,57727.18663040549,24428.81029300625,.36651996,1,.32472882,,.2,,
2021,404,10041.75406064289,47.90023875981569,.0047701066,628458.965031872,57727.18663040549,570731.7784014666,628458.965031872,57727.18663040549,570731.7784014666,932769.9119539093,57727.18663040549,875042.7253235038,150421.6731860135,0,150421.6731860135,701894.4016379751,0,701894.4016379751,738613.9099040497,0,738613.9099040497,0,0,0,0,0,0,0,0,0,112000.0025477409,0,112000.0025477409,395881.2910161968,0,395881.2910161968,82155.99692341173,57727.18663040549,24428.81029300625,.24774244,1,.19811548,,.050000001,,
2022,404,10041.75406064289,47.90023875981569,.0047701066,653071.7145999451,57727.18663040549,595344.5279695396,653071.7145999451,57727.18663040549,595344.5279695396,932769.9119539093,57727.18663040549,875042.7253235038,156153.5960849165,0,156153.5960849165,701894.4016379751,0,701894.4016379751,738613.9099040497,0,738613.9099040497,0,0,0,0,0,0,0,0,0,112000.0025477409,0,112000.0025477409,414762.1098727481,0,414762.1098727481,82155.99692341173,57727.18663040549,24428.81029300625,.24774244,1,.19811548,,.050000001,,
2023,404,10041.75406064289,47.90023875981569,.0047701066,824322.9454274927,57727.18663040549,766595.7587970872,824322.9454274927,57727.18663040549,766595.7587970872,932769.9119539093,57727.18663040549,875042.7253235038,498369.9627695456,0,498369.9627695456,701894.4016379751,0,701894.4016379751,738613.9099040497,0,738613.9099040497,0,0,0,0,0,0,0,0,0,112000.0025477409,0,112000.0025477409,243796.9505784051,0,243796.9505784051,82155.99692341173,57727.18663040549,24428.81029300625,1,1,1,,1,,
2024,404,10041.75406064289,47.90023875981569,.0047701066,693091.9869519123,57727.18663040549,635364.8003215068,693091.9869519123,57727.18663040549,635364.8003215068,932769.9119539093,57727.18663040549,875042.7253235038,258204.9671437875,0,258204.9671437875,701894.4016379751,0,701894.4016379751,738613.9099040497,0,738613.9099040497,0,0,0,0,0,0,0,0,0,112000.0025477409,0,112000.0025477409,352731.0209315876,0,352731.0209315876,82155.99692341173,57727.18663040549,24428.81029300625,.52488995,1,.49354661,,.40000001,,
1993,501,18045.9437565573,332.0206425637007,.01839863,208588.3536467701,193784.7995730266,14803.55405991524,208588.3536467701,193784.7995730266,14803.55405991524,209129.0829477459,193852.9860354289,15276.0968984887,0,0,0,0,0,0,0,0,0,0,0,0,0,0,0,540.7292704582214,68.18646240234375,472.5428080558777,0,0,0,0,0,0,208588.3536467701,193784.7995730266,14803.55407374352,1,1,1,,,1,1
1994,501,18045.9437565573,332.0206425637007,.01839863,208588.3536467701,193784.7995730266,14803.55405991524,208588.3536467701,193784.7995730266,14803.55405991524,209129.0829477459,193852.9860354289,15276.0968984887,0,0,0,0,0,0,0,0,0,0,0,0,0,0,0,540.7292704582214,68.18646240234375,472.5428080558777,0,0,0,0,0,0,208588.3536467701,193784.7995730266,14803.55407374352,.99875861,.99977136,.99226665,,,.35000002,.75
1995,501,18045.9437565573,332.0206425637007,.01839863,208588.3536467701,193784.7995730266,14803.55405991524,208588.3536467701,193784.7995730266,14803.55405991524,209129.0829477459,193852.9860354289,15276.0968984887,0,0,0,0,0,0,0,0,0,0,0,0,0,0,0,540.7292704582214,68.18646240234375,472.5428080558777,0,0,0,0,0,0,208588.3536467701,193784.7995730266,14803.55407374352,.99992603,1,.99845332,,,1,.94999999
1996,501,18045.9437565573,332.0206425637007,.01839863,208588.3536467701,193784.7995730266,14803.55405991524,208588.3536467701,193784.7995730266,14803.55405991524,209129.0829477459,193852.9860354289,15276.0968984887,0,0,0,0,0,0,0,0,0,0,0,0,0,0,0,540.7292704582214,68.18646240234375,472.5428080558777,0,0,0,0,0,0,208588.3536467701,193784.7995730266,14803.55407374352,1,1,1,,,1,1
1997,501,18045.9437565573,332.0206425637007,.01839863,208588.3536467701,193784.7995730266,14803.55405991524,208588.3536467701,193784.7995730266,14803.55405991524,209129.0829477459,193852.9860354289,15276.0968984887,0,0,0,0,0,0,0,0,0,0,0,0,0,0,0,540.7292704582214,68.18646240234375,472.5428080558777,0,0,0,0,0,0,208588.3536467701,193784.7995730266,14803.55407374352,.99979198,.99996483,.99845332,,,.89999998,.94999999
1998,501,18045.9437565573,332.0206425637007,.01839863,208588.3536467701,193784.7995730266,14803.55405991524,208588.3536467701,193784.7995730266,14803.55405991524,209129.0829477459,193852.9860354289,15276.0968984887,0,0,0,0,0,0,0,0,0,0,0,0,0,0,0,540.7292704582214,68.18646240234375,472.5428080558777,0,0,0,0,0,0,208588.3536467701,193784.7995730266,14803.55407374352,1,1,1,,,1,1
1999,501,18045.9437565573,332.0206425637007,.01839863,208588.3536467701,193784.7995730266,14803.55405991524,208588.3536467701,193784.7995730266,14803.55405991524,209129.0829477459,193852.9860354289,15276.0968984887,0,0,0,0,0,0,0,0,0,0,0,0,0,0,0,540.7292704582214,68.18646240234375,472.5428080558777,0,0,0,0,0,0,208588.3536467701,193784.7995730266,14803.55407374352,.99992603,1,.99845332,,,1,.94999999
2000,501,18045.9437565573,332.0206425637007,.01839863,208588.3536467701,193784.7995730266,14803.55405991524,208588.3536467701,193784.7995730266,14803.55405991524,209129.0829477459,193852.9860354289,15276.0968984887,0,0,0,0,0,0,0,0,0,0,0,0,0,0,0,540.7292704582214,68.18646240234375,472.5428080558777,0,0,0,0,0,0,208588.3536467701,193784.7995730266,14803.55407374352,1,1,1,,,1,1
2001,501,18045.9437565573,332.0206425637007,.01839863,208588.3536467701,193784.7995730266,14803.55405991524,208588.3536467701,193784.7995730266,14803.55405991524,209129.0829477459,193852.9860354289,15276.0968984887,0,0,0,0,0,0,0,0,0,0,0,0,0,0,0,540.7292704582214,68.18646240234375,472.5428080558777,0,0,0,0,0,0,208588.3536467701,193784.7995730266,14803.55407374352,.99924177,.99985927,.99535996,,,.60000002,.85000002
2002,501,18045.9437565573,332.0206425637007,.01839863,208588.3536467701,193784.7995730266,14803.55405991524,208588.3536467701,193784.7995730266,14803.55405991524,209129.0829477459,193852.9860354289,15276.0968984887,0,0,0,0,0,0,0,0,0,0,0,0,0,0,0,540.7292704582214,68.18646240234375,472.5428080558777,0,0,0,0,0,0,208588.3536467701,193784.7995730266,14803.55407374352,1,1,1,,,1,1
2003,501,18045.9437565573,332.0206425637007,.01839863,208588.3536467701,193784.7995730266,14803.55405991524,208588.3536467701,193784.7995730266,14803.55405991524,209129.0829477459,193852.9860354289,15276.0968984887,0,0,0,0,0,0,0,0,0,0,0,0,0,0,0,540.7292704582214,68.18646240234375,472.5428080558777,0,0,0,0,0,0,208588.3536467701,193784.7995730266,14803.55407374352,1,1,1,,,1,1
2004,501,18045.9437565573,332.0206425637007,.01839863,208588.3536467701,193784.7995730266,14803.55405991524,208588.3536467701,193784.7995730266,14803.55405991524,209129.0829477459,193852.9860354289,15276.0968984887,0,0,0,0,0,0,0,0,0,0,0,0,0,0,0,540.7292704582214,68.18646240234375,472.5428080558777,0,0,0,0,0,0,208588.3536467701,193784.7995730266,14803.55407374352,1,1,1,,,1,1
2005,501,18045.9437565573,332.0206425637007,.01839863,208588.3536467701,193784.7995730266,14803.55405991524,208588.3536467701,193784.7995730266,14803.55405991524,209129.0829477459,193852.9860354289,15276.0968984887,0,0,0,0,0,0,0,0,0,0,0,0,0,0,0,540.7292704582214,68.18646240234375,472.5428080558777,0,0,0,0,0,0,208588.3536467701,193784.7995730266,14803.55407374352,1,1,1,,,1,1
2006,501,18045.9437565573,332.0206425637007,.01839863,208588.3536467701,193784.7995730266,14803.55405991524,208588.3536467701,193784.7995730266,14803.55405991524,209129.0829477459,193852.9860354289,15276.0968984887,0,0,0,0,0,0,0,0,0,0,0,0,0,0,0,540.7292704582214,68.18646240234375,472.5428080558777,0,0,0,0,0,0,208588.3536467701,193784.7995730266,14803.55407374352,1,1,1,,,1,1
2007,501,18045.9437565573,332.0206425637007,.01839863,208588.3536467701,193784.7995730266,14803.55405991524,208588.3536467701,193784.7995730266,14803.55405991524,209129.0829477459,193852.9860354289,15276.0968984887,0,0,0,0,0,0,0,0,0,0,0,0,0,0,0,540.7292704582214,68.18646240234375,472.5428080558777,0,0,0,0,0,0,208588.3536467701,193784.7995730266,14803.55407374352,1,1,1,,,1,1
2008,501,18045.9437565573,332.0206425637007,.01839863,208588.3536467701,193784.7995730266,14803.55405991524,208588.3536467701,193784.7995730266,14803.55405991524,209129.0829477459,193852.9860354289,15276.0968984887,0,0,0,0,0,0,0,0,0,0,0,0,0,0,0,540.7292704582214,68.18646240234375,472.5428080558777,0,0,0,0,0,0,208588.3536467701,193784.7995730266,14803.55407374352,.99882567,.99978894,.99226665,,,.39999998,.75
2009,501,18045.9437565573,332.0206425637007,.01839863,208588.3536467701,193784.7995730266,14803.55405991524,208588.3536467701,193784.7995730266,14803.55405991524,209129.0829477459,193852.9860354289,15276.0968984887,0,0,0,0,0,0,0,0,0,0,0,0,0,0,0,540.7292704582214,68.18646240234375,472.5428080558777,0,0,0,0,0,0,208588.3536467701,193784.7995730266,14803.55407374352,.99882567,.99978894,.99226665,,,.39999998,.75
2010,501,18045.9437565573,332.0206425637007,.01839863,208588.3536467701,193784.7995730266,14803.55405991524,208588.3536467701,193784.7995730266,14803.55405991524,209129.0829477459,193852.9860354289,15276.0968984887,0,0,0,0,0,0,0,0,0,0,0,0,0,0,0,540.7292704582214,68.18646240234375,472.5428080558777,0,0,0,0,0,0,208588.3536467701,193784.7995730266,14803.55407374352,1,1,1,,,1,1
2011,501,18045.9437565573,332.0206425637007,.01839863,208588.3536467701,193784.7995730266,14803.55405991524,208588.3536467701,193784.7995730266,14803.55405991524,209129.0829477459,193852.9860354289,15276.0968984887,0,0,0,0,0,0,0,0,0,0,0,0,0,0,0,540.7292704582214,68.18646240234375,472.5428080558777,0,0,0,0,0,0,208588.3536467701,193784.7995730266,14803.55407374352,1,1,1,,,1,1
2012,501,18045.9437565573,332.0206425637007,.01839863,208588.3536467701,193784.7995730266,14803.55405991524,208588.3536467701,193784.7995730266,14803.55405991524,209129.0829477459,193852.9860354289,15276.0968984887,0,0,0,0,0,0,0,0,0,0,0,0,0,0,0,540.7292704582214,68.18646240234375,472.5428080558777,0,0,0,0,0,0,208588.3536467701,193784.7995730266,14803.55407374352,1,1,1,,,1,1
2013,501,18045.9437565573,332.0206425637007,.01839863,208588.3536467701,193784.7995730266,14803.55405991524,208588.3536467701,193784.7995730266,14803.55405991524,209129.0829477459,193852.9860354289,15276.0968984887,0,0,0,0,0,0,0,0,0,0,0,0,0,0,0,540.7292704582214,68.18646240234375,472.5428080558777,0,0,0,0,0,0,208588.3536467701,193784.7995730266,14803.55407374352,.99966472,.99991208,1,,,.75,1
2014,501,18045.9437565573,332.0206425637007,.01839863,208588.3536467701,193784.7995730266,14803.55405991524,208588.3536467701,193784.7995730266,14803.55405991524,209129.0829477459,193852.9860354289,15276.0968984887,0,0,0,0,0,0,0,0,0,0,0,0,0,0,0,540.7292704582214,68.18646240234375,472.5428080558777,0,0,0,0,0,0,208588.3536467701,193784.7995730266,14803.55407374352,.9979195,.99964827,.98453325,,,0,.5
2015,501,18045.9437565573,332.0206425637007,.01839863,208588.3536467701,193784.7995730266,14803.55405991524,208588.3536467701,193784.7995730266,14803.55405991524,209129.0829477459,193852.9860354289,15276.0968984887,0,0,0,0,0,0,0,0,0,0,0,0,0,0,0,540.7292704582214,68.18646240234375,472.5428080558777,0,0,0,0,0,0,208588.3536467701,193784.7995730266,14803.55407374352,.99754977,.99964827,.97679991,,,0,.25
2016,501,18045.9437565573,332.0206425637007,.01839863,208588.3536467701,193784.7995730266,14803.55405991524,208588.3536467701,193784.7995730266,14803.55405991524,209129.0829477459,193852.9860354289,15276.0968984887,0,0,0,0,0,0,0,0,0,0,0,0,0,0,0,540.7292704582214,68.18646240234375,472.5428080558777,0,0,0,0,0,0,208588.3536467701,193784.7995730266,14803.55407374352,1,1,1,,,1,1
2017,501,18045.9437565573,332.0206425637007,.01839863,208588.3536467701,193784.7995730266,14803.55405991524,208588.3536467701,193784.7995730266,14803.55405991524,209129.0829477459,193852.9860354289,15276.0968984887,0,0,0,0,0,0,0,0,0,0,0,0,0,0,0,540.7292704582214,68.18646240234375,472.5428080558777,0,0,0,0,0,0,208588.3536467701,193784.7995730266,14803.55407374352,1,1,1,,,1,1
2018,501,18045.9437565573,332.0206425637007,.01839863,208588.3536467701,193784.7995730266,14803.55405991524,208588.3536467701,193784.7995730266,14803.55405991524,209129.0829477459,193852.9860354289,15276.0968984887,0,0,0,0,0,0,0,0,0,0,0,0,0,0,0,540.7292704582214,68.18646240234375,472.5428080558777,0,0,0,0,0,0,208588.3536467701,193784.7995730266,14803.55407374352,1,1,1,,,1,1
2019,501,18045.9437565573,332.0206425637007,.01839863,208588.3536467701,193784.7995730266,14803.55405991524,208588.3536467701,193784.7995730266,14803.55405991524,209129.0829477459,193852.9860354289,15276.0968984887,0,0,0,0,0,0,0,0,0,0,0,0,0,0,0,540.7292704582214,68.18646240234375,472.5428080558777,0,0,0,0,0,0,208588.3536467701,193784.7995730266,14803.55407374352,1,1,1,,,1,1
2020,501,18045.9437565573,332.0206425637007,.01839863,208588.3536467701,193784.7995730266,14803.55405991524,208588.3536467701,193784.7995730266,14803.55405991524,209129.0829477459,193852.9860354289,15276.0968984887,0,0,0,0,0,0,0,0,0,0,0,0,0,0,0,540.7292704582214,68.18646240234375,472.5428080558777,0,0,0,0,0,0,208588.3536467701,193784.7995730266,14803.55407374352,.99895978,.99982411,.99226665,,,.5,.75
2021,501,18045.9437565573,332.0206425637007,.01839863,208588.3536467701,193784.7995730266,14803.55405991524,208588.3536467701,193784.7995730266,14803.55405991524,209129.0829477459,193852.9860354289,15276.0968984887,0,0,0,0,0,0,0,0,0,0,0,0,0,0,0,540.7292704582214,68.18646240234375,472.5428080558777,0,0,0,0,0,0,208588.3536467701,193784.7995730266,14803.55407374352,.99754977,.99964827,.97679991,,,0,.25
2022,501,18045.9437565573,332.0206425637007,.01839863,208588.3536467701,193784.7995730266,14803.55405991524,208588.3536467701,193784.7995730266,14803.55405991524,209129.0829477459,193852.9860354289,15276.0968984887,0,0,0,0,0,0,0,0,0,0,0,0,0,0,0,540.7292704582214,68.18646240234375,472.5428080558777,0,0,0,0,0,0,208588.3536467701,193784.7995730266,14803.55407374352,.99725395,.99964827,.97061318,,,0,.050000001
2023,501,18045.9437565573,332.0206425637007,.01839863,208588.3536467701,193784.7995730266,14803.55405991524,208588.3536467701,193784.7995730266,14803.55405991524,209129.0829477459,193852.9860354289,15276.0968984887,0,0,0,0,0,0,0,0,0,0,0,0,0,0,0,540.7292704582214,68.18646240234375,472.5428080558777,0,0,0,0,0,0,208588.3536467701,193784.7995730266,14803.55407374352,1,1,1,,,1,1
2024,501,18045.9437565573,332.0206425637007,.01839863,208588.3536467701,193784.7995730266,14803.55405991524,208588.3536467701,193784.7995730266,14803.55405991524,209129.0829477459,193852.9860354289,15276.0968984887,0,0,0,0,0,0,0,0,0,0,0,0,0,0,0,540.7292704582214,68.18646240234375,472.5428080558777,0,0,0,0,0,0,208588.3536467701,193784.7995730266,14803.55407374352,1,1,1,,,1,1
1993,502,5066.3072922385,3.246497207321227,.0006408015,6633.442792094313,6347.523953907192,285.9188382839784,6633.442792094313,6347.523953907192,285.9188382839784,10297.54402383789,9397.490796558559,900.0533036701381,0,0,0,0,0,0,0,0,0,0,0,0,0,0,0,3664.101140189916,3049.966781616211,614.1344501264393,0,0,0,0,0,0,6633.442792094313,6347.523953907192,285.9188381871209,1,1,1,,,1,1
1994,502,5066.3072922385,3.246497207321227,.0006408015,6633.442792094313,6347.523953907192,285.9188382839784,6633.442792094313,6347.523953907192,285.9188382839784,10297.54402383789,9397.490796558559,900.0533036701381,0,0,0,0,0,0,0,0,0,0,0,0,0,0,0,3664.101140189916,3049.966781616211,614.1344501264393,0,0,0,0,0,0,6633.442792094313,6347.523953907192,285.9188381871209,.78625596,.7890417,.82941717,,,.34999999,.75
1995,502,5066.3072922385,3.246497207321227,.0006408015,6633.442792094313,6347.523953907192,285.9188382839784,6633.442792094313,6347.523953907192,285.9188382839784,10297.54402383789,9397.490796558559,900.0533036701381,0,0,0,0,0,0,0,0,0,0,0,0,0,0,0,3664.101140189916,3049.966781616211,614.1344501264393,0,0,0,0,0,0,6633.442792094313,6347.523953907192,285.9188381871209,.99763268,1,.96588343,,,1,.94999999
1996,502,5066.3072922385,3.246497207321227,.0006408015,6633.442792094313,6347.523953907192,285.9188382839784,6633.442792094313,6347.523953907192,285.9188382839784,10297.54402383789,9397.490796558559,900.0533036701381,0,0,0,0,0,0,0,0,0,0,0,0,0,0,0,3664.101140189916,3049.966781616211,614.1344501264393,0,0,0,0,0,0,6633.442792094313,6347.523953907192,285.9188381871209,1,1,1,,,1,1
1997,502,5066.3072922385,3.246497207321227,.0006408015,6633.442792094313,6347.523953907192,285.9188382839784,6633.442792094313,6347.523953907192,285.9188382839784,10297.54402383789,9397.490796558559,900.0533036701381,0,0,0,0,0,0,0,0,0,0,0,0,0,0,0,3664.101140189916,3049.966781616211,614.1344501264393,0,0,0,0,0,0,6633.442792094313,6347.523953907192,285.9188381871209,.96657002,.96754491,.96588343,,,.90000004,.94999999
1998,502,5066.3072922385,3.246497207321227,.0006408015,6633.442792094313,6347.523953907192,285.9188382839784,6633.442792094313,6347.523953907192,285.9188382839784,10297.54402383789,9397.490796558559,900.0533036701381,0,0,0,0,0,0,0,0,0,0,0,0,0,0,0,3664.101140189916,3049.966781616211,614.1344501264393,0,0,0,0,0,0,6633.442792094313,6347.523953907192,285.9188381871209,1,1,1,,,1,1
1999,502,5066.3072922385,3.246497207321227,.0006408015,6633.442792094313,6347.523953907192,285.9188382839784,6633.442792094313,6347.523953907192,285.9188382839784,10297.54402383789,9397.490796558559,900.0533036701381,0,0,0,0,0,0,0,0,0,0,0,0,0,0,0,3664.101140189916,3049.966781616211,614.1344501264393,0,0,0,0,0,0,6633.442792094313,6347.523953907192,285.9188381871209,.99763268,1,.96588343,,,1,.94999999
2000,502,5066.3072922385,3.246497207321227,.0006408015,6633.442792094313,6347.523953907192,285.9188382839784,6633.442792094313,6347.523953907192,285.9188382839784,10297.54402383789,9397.490796558559,900.0533036701381,0,0,0,0,0,0,0,0,0,0,0,0,0,0,0,3664.101140189916,3049.966781616211,614.1344501264393,0,0,0,0,0,0,6633.442792094313,6347.523953907192,285.9188381871209,1,1,1,,,1,1
2001,502,5066.3072922385,3.246497207321227,.0006408015,6633.442792094313,6347.523953907192,285.9188382839784,6633.442792094313,6347.523953907192,285.9188382839784,10297.54402383789,9397.490796558559,900.0533036701381,0,0,0,0,0,0,0,0,0,0,0,0,0,0,0,3664.101140189916,3049.966781616211,614.1344501264393,0,0,0,0,0,0,6633.442792094313,6347.523953907192,285.9188381871209,.86864734,.87017953,.8976503,,,.59999996,.84999996
2002,502,5066.3072922385,3.246497207321227,.0006408015,6633.442792094313,6347.523953907192,285.9188382839784,6633.442792094313,6347.523953907192,285.9188382839784,10297.54402383789,9397.490796558559,900.0533036701381,0,0,0,0,0,0,0,0,0,0,0,0,0,0,0,3664.101140189916,3049.966781616211,614.1344501264393,0,0,0,0,0,0,6633.442792094313,6347.523953907192,285.9188381871209,1,1,1,,,1,1
2003,502,5066.3072922385,3.246497207321227,.0006408015,6633.442792094313,6347.523953907192,285.9188382839784,6633.442792094313,6347.523953907192,285.9188382839784,10297.54402383789,9397.490796558559,900.0533036701381,0,0,0,0,0,0,0,0,0,0,0,0,0,0,0,3664.101140189916,3049.966781616211,614.1344501264393,0,0,0,0,0,0,6633.442792094313,6347.523953907192,285.9188381871209,1,1,1,,,1,1
2004,502,5066.3072922385,3.246497207321227,.0006408015,6633.442792094313,6347.523953907192,285.9188382839784,6633.442792094313,6347.523953907192,285.9188382839784,10297.54402383789,9397.490796558559,900.0533036701381,0,0,0,0,0,0,0,0,0,0,0,0,0,0,0,3664.101140189916,3049.966781616211,614.1344501264393,0,0,0,0,0,0,6633.442792094313,6347.523953907192,285.9188381871209,1,1,1,,,1,1
2005,502,5066.3072922385,3.246497207321227,.0006408015,6633.442792094313,6347.523953907192,285.9188382839784,6633.442792094313,6347.523953907192,285.9188382839784,10297.54402383789,9397.490796558559,900.0533036701381,0,0,0,0,0,0,0,0,0,0,0,0,0,0,0,3664.101140189916,3049.966781616211,614.1344501264393,0,0,0,0,0,0,6633.442792094313,6347.523953907192,285.9188381871209,1,1,1,,,1,1
2006,502,5066.3072922385,3.246497207321227,.0006408015,6633.442792094313,6347.523953907192,285.9188382839784,6633.442792094313,6347.523953907192,285.9188382839784,10297.54402383789,9397.490796558559,900.0533036701381,0,0,0,0,0,0,0,0,0,0,0,0,0,0,0,3664.101140189916,3049.966781616211,614.1344501264393,0,0,0,0,0,0,6633.442792094313,6347.523953907192,285.9188381871209,1,1,1,,,1,1
2007,502,5066.3072922385,3.246497207321227,.0006408015,6633.442792094313,6347.523953907192,285.9188382839784,6633.442792094313,6347.523953907192,285.9188382839784,10297.54402383789,9397.490796558559,900.0533036701381,0,0,0,0,0,0,0,0,0,0,0,0,0,0,0,3664.101140189916,3049.966781616211,614.1344501264393,0,0,0,0,0,0,6633.442792094313,6347.523953907192,285.9188381871209,1,1,1,,,1,1
2008,502,5066.3072922385,3.246497207321227,.0006408015,6633.442792094313,6347.523953907192,285.9188382839784,6633.442792094313,6347.523953907192,285.9188382839784,10297.54402383789,9397.490796558559,900.0533036701381,0,0,0,0,0,0,0,0,0,0,0,0,0,0,0,3664.101140189916,3049.966781616211,614.1344501264393,0,0,0,0,0,0,6633.442792094313,6347.523953907192,285.9188381871209,.80178732,.8052693,.82941717,,,.40000001,.75
2009,502,5066.3072922385,3.246497207321227,.0006408015,6633.442792094313,6347.523953907192,285.9188382839784,6633.442792094313,6347.523953907192,285.9188382839784,10297.54402383789,9397.490796558559,900.0533036701381,0,0,0,0,0,0,0,0,0,0,0,0,0,0,0,3664.101140189916,3049.966781616211,614.1344501264393,0,0,0,0,0,0,6633.442792094313,6347.523953907192,285.9188381871209,.80178732,.8052693,.82941717,,,.40000001,.75
2010,502,5066.3072922385,3.246497207321227,.0006408015,6633.442792094313,6347.523953907192,285.9188382839784,6633.442792094313,6347.523953907192,285.9188382839784,10297.54402383789,9397.490796558559,900.0533036701381,0,0,0,0,0,0,0,0,0,0,0,0,0,0,0,3664.101140189916,3049.966781616211,614.1344501264393,0,0,0,0,0,0,6633.442792094313,6347.523953907192,285.9188381871209,1,1,1,,,1,1
2011,502,5066.3072922385,3.246497207321227,.0006408015,6633.442792094313,6347.523953907192,285.9188382839784,6633.442792094313,6347.523953907192,285.9188382839784,10297.54402383789,9397.490796558559,900.0533036701381,0,0,0,0,0,0,0,0,0,0,0,0,0,0,0,3664.101140189916,3049.966781616211,614.1344501264393,0,0,0,0,0,0,6633.442792094313,6347.523953907192,285.9188381871209,1,1,1,,,1,1
2012,502,5066.3072922385,3.246497207321227,.0006408015,6633.442792094313,6347.523953907192,285.9188382839784,6633.442792094313,6347.523953907192,285.9188382839784,10297.54402383789,9397.490796558559,900.0533036701381,0,0,0,0,0,0,0,0,0,0,0,0,0,0,0,3664.101140189916,3049.966781616211,614.1344501264393,0,0,0,0,0,0,6633.442792094313,6347.523953907192,285.9188381871209,1,1,1,,,1,1
2013,502,5066.3072922385,3.246497207321227,.0006408015,6633.442792094313,6347.523953907192,285.9188382839784,6633.442792094313,6347.523953907192,285.9188382839784,10297.54402383789,9397.490796558559,900.0533036701381,0,0,0,0,0,0,0,0,0,0,0,0,0,0,0,3664.101140189916,3049.966781616211,614.1344501264393,0,0,0,0,0,0,6633.442792094313,6347.523953907192,285.9188381871209,.92234337,.91886222,1,,,.75,1
2014,502,5066.3072922385,3.246497207321227,.0006408015,6633.442792094313,6347.523953907192,285.9188382839784,6633.442792094313,6347.523953907192,285.9188382839784,10297.54402383789,9397.490796558559,900.0533036701381,0,0,0,0,0,0,0,0,0,0,0,0,0,0,0,3664.101140189916,3049.966781616211,614.1344501264393,0,0,0,0,0,0,6633.442792094313,6347.523953907192,285.9188381871209,.66569984,.67544883,.6588344,,,0,.5
2015,502,5066.3072922385,3.246497207321227,.0006408015,6633.442792094313,6347.523953907192,285.9188382839784,6633.442792094313,6347.523953907192,285.9188382839784,10297.54402383789,9397.490796558559,900.0533036701381,0,0,0,0,0,0,0,0,0,0,0,0,0,0,0,3664.101140189916,3049.966781616211,614.1344501264393,0,0,0,0,0,0,6633.442792094313,6347.523953907192,285.9188381871209,.65386301,.67544883,.4882516,,,0,.25
2016,502,5066.3072922385,3.246497207321227,.0006408015,6633.442792094313,6347.523953907192,285.9188382839784,6633.442792094313,6347.523953907192,285.9188382839784,10297.54402383789,9397.490796558559,900.0533036701381,0,0,0,0,0,0,0,0,0,0,0,0,0,0,0,3664.101140189916,3049.966781616211,614.1344501264393,0,0,0,0,0,0,6633.442792094313,6347.523953907192,285.9188381871209,1,1,1,,,1,1
2017,502,5066.3072922385,3.246497207321227,.0006408015,6633.442792094313,6347.523953907192,285.9188382839784,6633.442792094313,6347.523953907192,285.9188382839784,10297.54402383789,9397.490796558559,900.0533036701381,0,0,0,0,0,0,0,0,0,0,0,0,0,0,0,3664.101140189916,3049.966781616211,614.1344501264393,0,0,0,0,0,0,6633.442792094313,6347.523953907192,285.9188381871209,1,1,1,,,1,1
2018,502,5066.3072922385,3.246497207321227,.0006408015,6633.442792094313,6347.523953907192,285.9188382839784,6633.442792094313,6347.523953907192,285.9188382839784,10297.54402383789,9397.490796558559,900.0533036701381,0,0,0,0,0,0,0,0,0,0,0,0,0,0,0,3664.101140189916,3049.966781616211,614.1344501264393,0,0,0,0,0,0,6633.442792094313,6347.523953907192,285.9188381871209,1,1,1,,,1,1
2019,502,5066.3072922385,3.246497207321227,.0006408015,6633.442792094313,6347.523953907192,285.9188382839784,6633.442792094313,6347.523953907192,285.9188382839784,10297.54402383789,9397.490796558559,900.0533036701381,0,0,0,0,0,0,0,0,0,0,0,0,0,0,0,3664.101140189916,3049.966781616211,614.1344501264393,0,0,0,0,0,0,6633.442792094313,6347.523953907192,285.9188381871209,1,1,1,,,1,1
2020,502,5066.3072922385,3.246497207321227,.0006408015,6633.442792094313,6347.523953907192,285.9188382839784,6633.442792094313,6347.523953907192,285.9188382839784,10297.54402383789,9397.490796558559,900.0533036701381,0,0,0,0,0,0,0,0,0,0,0,0,0,0,0,3664.101140189916,3049.966781616211,614.1344501264393,0,0,0,0,0,0,6633.442792094313,6347.523953907192,285.9188381871209,.83284992,.83772439,.82941717,,,.5,.75
2021,502,5066.3072922385,3.246497207321227,.0006408015,6633.442792094313,6347.523953907192,285.9188382839784,6633.442792094313,6347.523953907192,285.9188382839784,10297.54402383789,9397.490796558559,900.0533036701381,0,0,0,0,0,0,0,0,0,0,0,0,0,0,0,3664.101140189916,3049.966781616211,614.1344501264393,0,0,0,0,0,0,6633.442792094313,6347.523953907192,285.9188381871209,.65386301,.67544883,.4882516,,,0,.25
2022,502,5066.3072922385,3.246497207321227,.0006408015,6633.442792094313,6347.523953907192,285.9188382839784,6633.442792094313,6347.523953907192,285.9188382839784,10297.54402383789,9397.490796558559,900.0533036701381,0,0,0,0,0,0,0,0,0,0,0,0,0,0,0,3664.101140189916,3049.966781616211,614.1344501264393,0,0,0,0,0,0,6633.442792094313,6347.523953907192,285.9188381871209,.6443935,.67544883,.35178533,,,0,.049999997
2023,502,5066.3072922385,3.246497207321227,.0006408015,6633.442792094313,6347.523953907192,285.9188382839784,6633.442792094313,6347.523953907192,285.9188382839784,10297.54402383789,9397.490796558559,900.0533036701381,0,0,0,0,0,0,0,0,0,0,0,0,0,0,0,3664.101140189916,3049.966781616211,614.1344501264393,0,0,0,0,0,0,6633.442792094313,6347.523953907192,285.9188381871209,1,1,1,,,1,1
2024,502,5066.3072922385,3.246497207321227,.0006408015,6633.442792094313,6347.523953907192,285.9188382839784,6633.442792094313,6347.523953907192,285.9188382839784,10297.54402383789,9397.490796558559,900.0533036701381,0,0,0,0,0,0,0,0,0,0,0,0,0,0,0,3664.101140189916,3049.966781616211,614.1344501264393,0,0,0,0,0,0,6633.442792094313,6347.523953907192,285.9188381871209,1,1,1,,,1,1
1993,503,3324.10972508834,453.934497654438,.13655822,28371.09052146599,27096.03059474379,1275.06009433046,28368.73700584099,27093.67707911879,1275.06009433046,209260.1076467559,201890.5364846364,7369.571850791574,0,0,0,0,0,0,0,0,0,15578.63232421875,15576.8505859375,1.781905889511108,15576.27880859375,15574.4970703125,1.781905889511108,196467.6494571269,190371.3564758301,6096.293654710054,0,0,0,0,0,0,12792.45795310661,11519.17976466566,1273.278188440949,1,1,1,,,1,1
1994,503,3324.10972508834,453.934497654438,.13655822,25255.60932029411,23981.49250880629,1274.11673239246,25260.91522849724,23986.79841700941,1274.11673239246,209260.1076467559,201890.5364846364,7369.571850791574,0,0,0,0,0,0,0,0,0,12463.15112304688,12462.3125,.8385439515113831,12468.45703125,12467.61840820313,.8385439515113831,196467.6494571269,190371.3564758301,6096.293654710054,0,0,0,0,0,0,12792.45795310661,11519.17976466566,1273.278188440949,.64312077,.63797319,.79319376,,,.61606735,.75
1995,503,3324.10972508834,453.934497654438,.13655822,27521.11493552849,26246.15950099379,1274.955276343971,27512.94354880974,26237.98811427504,1274.955276343971,209260.1076467559,201890.5364846364,7369.571850791574,0,0,0,0,0,0,0,0,0,14728.65673828125,14726.9794921875,1.677087903022766,14720.4853515625,14718.80810546875,1.677087903022766,196467.6494571269,190371.3564758301,6096.293654710054,0,0,0,0,0,0,12792.45795310661,11519.17976466566,1273.278188440949,.99896491,1,.95863879,,,1,.95000005
1996,503,3324.10972508834,453.934497654438,.13655822,27681.92157615349,26406.75666896254,1275.164912316948,27681.92157615349,26406.75666896254,1275.164912316948,209260.1076467559,201890.5364846364,7369.571850791574,0,0,0,0,0,0,0,0,0,14889.46337890625,14887.57666015625,1.886723875999451,14889.46337890625,14887.57666015625,1.886723875999451,196467.6494571269,190371.3564758301,6096.293654710054,0,0,0,0,0,0,12792.45795310661,11519.17976466566,1273.278188440949,1,1,1,,,1,1
1997,503,3324.10972508834,453.934497654438,.13655822,39096.58710349724,37821.52717677504,1275.06009433046,39096.58710349724,37821.52717677504,1275.06009433046,209260.1076467559,201890.5364846364,7369.571850791574,0,0,0,0,0,0,0,0,0,26304.1298828125,26302.34814453125,1.781905889511108,26304.1298828125,26302.34814453125,1.781905889511108,196467.6494571269,190371.3564758301,6096.293654710054,0,0,0,0,0,0,12792.45795310661,11519.17976466566,1273.278188440949,.96841985,.9684273,.95863879,,,.96651685,.95000005
1998,503,3324.10972508834,453.934497654438,.13655822,118661.4269472472,117386.8909463063,1274.536004398018,118661.4269472472,117386.8909463063,1274.536004398018,209260.1076467559,201890.5364846364,7369.571850791574,0,0,0,0,0,0,0,0,0,105868.96875,105867.7109375,1.257815957069397,105868.96875,105867.7109375,1.257815957069397,196467.6494571269,190371.3564758301,6096.293654710054,0,0,0,0,0,0,12792.45795310661,11519.17976466566,1273.278188440949,1,1,1,,,1,1
1999,503,3324.10972508834,453.934497654438,.13655822,134263.6622988097,132988.4973916188,1275.164912316948,134337.7316347472,133062.5667275563,1275.164912316948,209260.1076467559,201890.5364846364,7369.571850791574,0,0,0,0,0,0,0,0,0,121471.205078125,121469.318359375,1.886723875999451,121545.2744140625,121543.3876953125,1.886723875999451,196467.6494571269,190371.3564758301,6096.293654710054,0,0,0,0,0,0,12792.45795310661,11519.17976466566,1273.278188440949,.99896491,1,.95863879,,,1,.95000005
2000,503,3324.10972508834,453.934497654438,.13655822,139578.2731386535,138303.2132119313,1275.06009433046,139529.0705019347,138254.0105752125,1275.06009433046,209260.1076467559,201890.5364846364,7369.571850791574,0,0,0,0,0,0,0,0,0,126785.8159179688,126784.0341796875,1.781905889511108,126736.61328125,126734.8315429688,1.781905889511108,196467.6494571269,190371.3564758301,6096.293654710054,0,0,0,0,0,0,12792.45795310661,11519.17976466566,1273.278188440949,1,1,1,,,1,1
2001,503,3324.10972508834,453.934497654438,.13655822,142009.0744081847,140734.433426775,1274.640822384506,142001.092474591,140726.4514931813,1274.640822384506,209260.1076467559,201890.5364846364,7369.571850791574,0,0,0,0,0,0,0,0,0,129216.6162109375,129215.2534179688,1.362633943557739,129208.6342773438,129207.271484375,1.362633943557739,196467.6494571269,190371.3564758301,6096.293654710054,0,0,0,0,0,0,12792.45795310661,11519.17976466566,1273.278188440949,.87471431,.87370908,.8759163,,,.86606735,.85000002
2002,503,3324.10972508834,453.934497654438,.13655822,137298.498724591,136023.2288369313,1275.269730303437,137295.9689394347,136020.699051775,1275.269730303437,209260.1076467559,201890.5364846364,7369.571850791574,0,0,0,0,0,0,0,0,0,124506.0415039063,124504.0498046875,1.991541862487793,124503.5107421875,124501.5190429688,1.991541862487793,196467.6494571269,190371.3564758301,6096.293654710054,0,0,0,0,0,0,12792.45795310661,11519.17976466566,1273.278188440949,1,1,1,,,1,1
2003,503,3324.10972508834,453.934497654438,.13655822,129571.4337831847,128296.47834865,1274.955276343971,129561.735052716,128286.7796181813,1274.955276343971,209260.1076467559,201890.5364846364,7369.571850791574,0,0,0,0,0,0,0,0,0,116778.9755859375,116777.2983398438,1.677087903022766,116769.2768554688,116767.599609375,1.677087903022766,196467.6494571269,190371.3564758301,6096.293654710054,0,0,0,0,0,0,12792.45795310661,11519.17976466566,1273.278188440949,1,1,1,,,1,1
2004,503,3324.10972508834,453.934497654438,.13655822,127353.2130800597,126077.9431924,1275.269730303437,127352.1403261535,126076.8704384938,1275.269730303437,209260.1076467559,201890.5364846364,7369.571850791574,0,0,0,0,0,0,0,0,0,114560.7548828125,114558.7631835938,1.991541862487793,114559.6821289063,114557.6904296875,1.991541862487793,196467.6494571269,190371.3564758301,6096.293654710054,0,0,0,0,0,0,12792.45795310661,11519.17976466566,1273.278188440949,1,1,1,,,1,1
2005,503,3324.10972508834,453.934497654438,.13655822,111713.6847597472,110438.93928615,1274.745640370995,111805.3263613097,110530.4759072438,1274.850458357483,209260.1076467559,201890.5364846364,7369.571850791574,0,0,0,0,0,0,0,0,0,98921.2275390625,98919.76025390625,1.467451930046082,99012.869140625,99011.296875,1.572269916534424,196467.6494571269,190371.3564758301,6096.293654710054,0,0,0,0,0,0,12792.45795310661,11519.17976466566,1273.278188440949,1,1,1,,,1,1
2006,503,3324.10972508834,453.934497654438,.13655822,115489.6134706847,114214.7630166188,1274.850458357483,115497.2101503722,114222.3596963063,1274.850458357483,209260.1076467559,201890.5364846364,7369.571850791574,0,0,0,0,0,0,0,0,0,102697.1552734375,102695.5830078125,1.572269916534424,102704.7529296875,102703.1806640625,1.572269916534424,196467.6494571269,190371.3564758301,6096.293654710054,0,0,0,0,0,0,12792.45795310661,11519.17976466566,1273.278188440949,1,1,1,,,1,1
2007,503,3324.10972508834,453.934497654438,.13655822,134050.1740175597,132775.3235634938,1274.850458357483,133949.4025331847,132674.5520791188,1274.850458357483,209260.1076467559,201890.5364846364,7369.571850791574,0,0,0,0,0,0,0,0,0,121257.716796875,121256.14453125,1.572269916534424,121156.9443359375,121155.3720703125,1.572269916534424,196467.6494571269,190371.3564758301,6096.293654710054,0,0,0,0,0,0,12792.45795310661,11519.17976466566,1273.278188440949,1,1,1,,,1,1
2008,503,3324.10972508834,453.934497654438,.13655822,130135.8771425597,128861.7603310719,1274.11673239246,130233.6268984191,128959.4053506032,1274.221550378948,209260.1076467559,201890.5364846364,7369.571850791574,0,0,0,0,0,0,0,0,0,117343.4189453125,117342.5803222656,.8385439515113831,117441.1696777344,117440.2263183594,.9433619379997253,196467.6494571269,190371.3564758301,6096.293654710054,0,0,0,0,0,0,12792.45795310661,11519.17976466566,1273.278188440949,.81155396,.81056362,.79319376,,,.79910105,.75
2009,503,3324.10972508834,453.934497654438,.13655822,125945.776068341,124671.7642373219,1274.011914405972,125846.8773867004,124572.8655556813,1274.011914405972,209260.1076467559,201890.5364846364,7369.571850791574,0,0,0,0,0,0,0,0,0,113153.3178710938,113152.5842285156,.7337259650230408,113054.4191894531,113053.685546875,.7337259650230408,196467.6494571269,190371.3564758301,6096.293654710054,0,0,0,0,0,0,12792.45795310661,11519.17976466566,1273.278188440949,.81155396,.81056362,.79319376,,,.79910105,.75
2010,503,3324.10972508834,453.934497654438,.13655822,120796.879583966,119522.343583025,1274.536004398018,120858.3043886535,119583.6634072438,1274.640822384506,209260.1076467559,201890.5364846364,7369.571850791574,0,0,0,0,0,0,0,0,0,108004.4213867188,108003.1635742188,1.257815957069397,108065.8471679688,108064.484375,1.362633943557739,196467.6494571269,190371.3564758301,6096.293654710054,0,0,0,0,0,0,12792.45795310661,11519.17976466566,1273.278188440949,1,1,1,,,1,1
2011,503,3324.10972508834,453.934497654438,.13655822,111271.7477480285,109997.1067666188,1274.640822384506,111456.4879824035,110181.8470009938,1274.640822384506,209260.1076467559,201890.5364846364,7369.571850791574,0,0,0,0,0,0,0,0,0,98479.29052734375,98477.927734375,1.362633943557739,98664.03076171875,98662.66796875,1.362633943557739,196467.6494571269,190371.3564758301,6096.293654710054,0,0,0,0,0,0,12792.45795310661,11519.17976466566,1273.278188440949,1,1,1,,,1,1
2012,503,3324.10972508834,453.934497654438,.13655822,123629.6007753722,122354.6453408375,1274.955276343971,123458.418646466,122183.5681924,1274.850458357483,209260.1076467559,201890.5364846364,7369.571850791574,0,0,0,0,0,0,0,0,0,110837.1435546875,110835.4663085938,1.677087903022766,110665.9604492188,110664.3881835938,1.572269916534424,196467.6494571269,190371.3564758301,6096.293654710054,0,0,0,0,0,0,12792.45795310661,11519.17976466566,1273.278188440949,1,1,1,,,1,1
2013,503,3324.10972508834,453.934497654438,.13655822,131888.9708925597,130614.015458025,1274.955276343971,132086.0177675597,130811.062333025,1274.955276343971,209260.1076467559,201890.5364846364,7369.571850791574,0,0,0,0,0,0,0,0,0,119096.5126953125,119094.8354492188,1.677087903022766,119293.560546875,119291.8833007813,1.677087903022766,196467.6494571269,190371.3564758301,6096.293654710054,0,0,0,0,0,0,12792.45795310661,11519.17976466566,1273.278188440949,.92363727,.92106819,1,,,.91629213,1
2014,503,3324.10972508834,453.934497654438,.13655822,99812.43854392692,98538.84590236098,1273.592642430216,99557.51050437614,98284.02266017348,1273.487824428827,209260.1076467559,201890.5364846364,7369.571850791574,0,0,0,0,0,0,0,0,0,87019.98034667969,87019.66589355469,.3144539892673492,86765.05230712891,86764.84265136719,.2096359878778458,196467.6494571269,190371.3564758301,6096.293654710054,0,0,0,0,0,0,12792.45795310661,11519.17976466566,1273.278188440949,.53103751,.52746868,.58638752,,,.4988763,.5
2015,503,3324.10972508834,453.934497654438,.13655822,99256.7263857238,97983.13374415785,1273.592642430216,99241.07929099724,97967.48664943129,1273.592642430216,209260.1076467559,201890.5364846364,7369.571850791574,0,0,0,0,0,0,0,0,0,86464.26818847656,86463.95373535156,.3144539892673492,86448.62109375,86448.306640625,.3144539892673492,196467.6494571269,190371.3564758301,6096.293654710054,0,0,0,0,0,0,12792.45795310661,11519.17976466566,1273.278188440949,.52586216,.52746868,.3795813,,,.4988763,.25
2016,503,3324.10972508834,453.934497654438,.13655822,123299.0797792785,122024.6485146657,1274.43118641153,123313.4064394347,122038.9751748219,1274.43118641153,209260.1076467559,201890.5364846364,7369.571850791574,0,0,0,0,0,0,0,0,0,110506.6215820313,110505.4685058594,1.152997970581055,110520.9482421875,110519.7951660156,1.152997970581055,196467.6494571269,190371.3564758301,6096.293654710054,0,0,0,0,0,0,12792.45795310661,11519.17976466566,1273.278188440949,1,1,1,,,1,1
2017,503,3324.10972508834,453.934497654438,.13655822,112197.5194765441,110923.0882119313,1274.43118641153,112467.7594667785,111193.2234658375,1274.536004398018,209260.1076467559,201890.5364846364,7369.571850791574,0,0,0,0,0,0,0,0,0,99405.06225585938,99403.9091796875,1.152997970581055,99675.30126953125,99674.04345703125,1.257815957069397,196467.6494571269,190371.3564758301,6096.293654710054,0,0,0,0,0,0,12792.45795310661,11519.17976466566,1273.278188440949,1,1,1,,,1,1
2018,503,3324.10972508834,453.934497654438,.13655822,119243.5590273254,117969.0230263844,1274.536004398018,118972.5004335754,117698.0691689625,1274.43118641153,209260.1076467559,201890.5364846364,7369.571850791574,0,0,0,0,0,0,0,0,0,106451.1008300781,106449.8430175781,1.257815957069397,106180.0422363281,106178.8891601563,1.152997970581055,196467.6494571269,190371.3564758301,6096.293654710054,0,0,0,0,0,0,12792.45795310661,11519.17976466566,1273.278188440949,1,1,1,,,1,1
2019,503,3324.10972508834,453.934497654438,.13655822,108472.180365216,107197.8540810719,1274.326368425041,108545.9545351379,107271.6282509938,1274.326368425041,209260.1076467559,201890.5364846364,7369.571850791574,0,0,0,0,0,0,0,0,0,95679.72216796875,95678.67407226563,1.048179984092712,95753.49633789063,95752.4482421875,1.048179984092712,196467.6494571269,190371.3564758301,6096.293654710054,0,0,0,0,0,0,12792.45795310661,11519.17976466566,1273.278188440949,1,1,1,,,1,1
2020,503,3324.10972508834,453.934497654438,.13655822,126875.758490216,125601.3272256032,1274.43118641153,126962.6984316222,125688.2671670094,1274.43118641153,209260.1076467559,201890.5364846364,7369.571850791574,0,0,0,0,0,0,0,0,0,114083.3002929688,114082.1472167969,1.152997970581055,114170.240234375,114169.0871582031,1.152997970581055,196467.6494571269,190371.3564758301,6096.293654710054,0,0,0,0,0,0,12792.45795310661,11519.17976466566,1273.278188440949,.84209907,.84213638,.79319376,,,.8325842,.75
2021,503,3324.10972508834,453.934497654438,.13655822,101364.6770693175,100090.874833025,1273.802278432995,101302.7792421691,100028.9770058766,1273.802278432995,209260.1076467559,201890.5364846364,7369.571850791574,0,0,0,0,0,0,0,0,0,88572.21936035156,88571.6953125,.5240899920463562,88510.32153320313,88509.79748535156,.5240899920463562,196467.6494571269,190371.3564758301,6096.293654710054,0,0,0,0,0,0,12792.45795310661,11519.17976466566,1273.278188440949,.52586216,.52746868,.3795813,,,.4988763,.25
2022,503,3324.10972508834,453.934497654438,.13655822,15914.93866599724,14641.34602443129,1273.592642430216,15916.30597556755,14642.7133340016,1273.592642430216,209260.1076467559,201890.5364846364,7369.571850791574,0,0,0,0,0,0,0,0,0,3122.480224609375,3122.165771484375,.3144539892673492,3123.847534179688,3123.533081054688,.3144539892673492,196467.6494571269,190371.3564758301,6096.293654710054,0,0,0,0,0,0,12792.45795310661,11519.17976466566,1273.278188440949,.17251551,.16995548,.2141363,,,.11973032,.050000001
2023,503,3324.10972508834,453.934497654438,.13655822,130891.4137636535,129616.7727822438,1274.640822384506,130787.645208966,129513.109208025,1274.536004398018,209260.1076467559,201890.5364846364,7369.571850791574,0,0,0,0,0,0,0,0,0,118098.9555664063,118097.5927734375,1.362633943557739,117995.1870117188,117993.9291992188,1.257815957069397,196467.6494571269,190371.3564758301,6096.293654710054,0,0,0,0,0,0,12792.45795310661,11519.17976466566,1273.278188440949,1,1,1,,,1,1
2024,503,3324.10972508834,453.934497654438,.13655822,122256.9357363097,120982.0852822438,1274.850458357483,122244.6559511535,120969.8054970875,1274.850458357483,209260.1076467559,201890.5364846364,7369.571850791574,0,0,0,0,0,0,0,0,0,109464.478515625,109462.90625,1.572269916534424,109452.1987304688,109450.6264648438,1.572269916534424,196467.6494571269,190371.3564758301,6096.293654710054,0,0,0,0,0,0,12792.45795310661,11519.17976466566,1273.278188440949,1,1,1,,,1,1
1993,504,6738.428560873736,289.3728368300945,.042943668,208309.4195582021,197741.9639394507,10567.45585454738,208309.4195582021,197741.9639394507,10567.45585454738,273835.9525145579,249180.8655698523,24655.08589494857,.2030824713292532,0,.2030824713292532,.530575831187889,0,.530575831187889,.4756886947434396,0,.4756886947434396,1434.348510742188,1434.348510742188,0,1434.348510742188,1434.348510742188,0,66960.60898103938,52873.25026321411,14087.35743227229,0,0,0,0,0,0,206874.8680870589,196307.6155507788,10567.25253628008,1,1,1,,1,1,1
1994,504,6738.428560873736,289.3728368300945,.042943668,209190.3482513545,198622.8706777319,10567.47780941857,209190.3482513545,198622.8706777319,10567.47780941857,273835.9525145579,249180.8655698523,24655.08589494857,.2250373425194994,0,.2250373425194994,.5488715656101704,0,.5488715656101704,.4756886947434396,0,.4756886947434396,2315.255126953125,2315.255126953125,0,2315.255126953125,2315.255126953125,0,66960.60898103938,52873.25026321411,14087.35743227229,0,0,0,0,0,0,206874.8680870589,196307.6155507788,10567.25253628008,.90471411,.91024321,.85714602,,.5,.57699466,.75
1995,504,6738.428560873736,289.3728368300945,.042943668,208358.8077922203,197791.4143789038,10567.39364911249,208358.8077922203,197791.4143789038,10567.39364911249,273835.9525145579,249180.8655698523,24655.08589494857,.1408770364359953,0,.1408770364359953,.5717412095982581,0,.5717412095982581,.4756886947434396,0,.4756886947434396,1483.798828125,1483.798828125,0,1483.798828125,1483.798828125,0,66960.60898103938,52873.25026321411,14087.35743227229,0,0,0,0,0,0,206874.8680870589,196307.6155507788,10567.25253628008,.9972508,1,.97143114,,1,1,.94999999
1996,504,6738.428560873736,289.3728368300945,.042943668,208410.294467276,197842.8772695288,10567.41743354313,208410.294467276,197842.8772695288,10567.41743354313,273835.9525145579,249180.8655698523,24655.08589494857,.1646614670753479,0,.1646614670753479,.594610849628225,0,.594610849628225,.4756886947434396,0,.4756886947434396,1535.26171875,1535.26171875,0,1535.26171875,1535.26171875,0,66960.60898103938,52873.25026321411,14087.35743227229,0,0,0,0,0,0,206874.8680870589,196307.6155507788,10567.25253628008,1,1,1,,1,1,1
1997,504,6738.428560873736,289.3728368300945,.042943668,212074.5477194442,201507.1895253882,10567.358429852,212074.5477194442,201507.1895253882,10567.358429852,273835.9525145579,249180.8655698523,24655.08589494857,.1056577759445645,0,.1056577759445645,.6174805271439254,0,.6174805271439254,.4756886947434396,0,.4756886947434396,5199.57373046875,5199.57373046875,0,5199.57373046875,5199.57373046875,0,66960.60898103938,52873.25026321411,14087.35743227229,0,0,0,0,0,0,206874.8680870589,196307.6155507788,10567.25253628008,.98869973,.99082255,.97143114,,1,.95674866,.94999999
1998,504,6738.428560873736,289.3728368300945,.042943668,215926.6385948714,205359.3860585913,10567.25277207606,215926.6385948714,205359.3860585913,10567.25277207606,273835.9525145579,249180.8655698523,24655.08589494857,0,0,0,.6403501674067229,0,.6403501674067229,.4756886947434396,0,.4756886947434396,9051.7705078125,9051.7705078125,0,9051.7705078125,9051.7705078125,0,66960.60898103938,52873.25026321411,14087.35743227229,0,0,0,0,0,0,206874.8680870589,196307.6155507788,10567.25253628008,1,1,1,,1,1,1
1999,504,6738.428560873736,289.3728368300945,.042943668,218691.6788780745,208124.4263417944,10567.25277207606,218691.6788780745,208124.4263417944,10567.25277207606,273835.9525145579,249180.8655698523,24655.08589494857,0,0,0,.6632198113948107,0,.6632198113948107,.4756886947434396,0,.4756886947434396,11816.810546875,11816.810546875,0,11816.810546875,11816.810546875,0,66960.60898103938,52873.25026321411,14087.35743227229,0,0,0,0,0,0,206874.8680870589,196307.6155507788,10567.25253628008,.9972508,1,.97143114,,1,1,.94999999
2000,504,6738.428560873736,289.3728368300945,.042943668,219563.5128624495,208996.2603261694,10567.25277207606,219563.5128624495,208996.2603261694,10567.25277207606,273835.9525145579,249180.8655698523,24655.08589494857,0,0,0,.6906633945181966,0,.6906633945181966,.4756886947434396,0,.4756886947434396,12688.64453125,12688.64453125,0,12688.64453125,12688.64453125,0,66960.60898103938,52873.25026321411,14087.35743227229,0,0,0,0,0,0,206874.8680870589,196307.6155507788,10567.25253628008,.99999982,1,.99999809,,.90000004,1,1
2001,504,6738.428560873736,289.3728368300945,.042943668,218601.2963097151,208034.0437734351,10567.25277207606,218601.2963097151,208034.0437734351,10567.25277207606,273835.9525145579,249180.8655698523,24655.08589494857,0,0,0,.7181069813668728,0,.7181069813668728,.4756886947434396,0,.4756886947434396,11726.42822265625,11726.42822265625,0,11726.42822265625,11726.42822265625,0,66960.60898103938,52873.25026321411,14087.35743227229,0,0,0,0,0,0,206874.8680870589,196307.6155507788,10567.25253628008,.95754725,.96329027,.91428161,,.38999999,.82699466,.84999996
2002,504,6738.428560873736,289.3728368300945,.042943668,217521.390792137,206954.1382558569,10567.25277207606,217521.390792137,206954.1382558569,10567.25277207606,273835.9525145579,249180.8655698523,24655.08589494857,0,0,0,.7455505570396781,0,.7455505570396781,.4756886947434396,0,.4756886947434396,10646.52270507813,10646.52270507813,0,10646.52270507813,10646.52270507813,0,66960.60898103938,52873.25026321411,14087.35743227229,0,0,0,0,0,0,206874.8680870589,196307.6155507788,10567.25253628008,.99999946,1,.99999422,,.69999999,1,1
2003,504,6738.428560873736,289.3728368300945,.042943668,216159.302901512,205592.0503652319,10567.25277207606,216159.302901512,205592.0503652319,10567.25277207606,273835.9525145579,249180.8655698523,24655.08589494857,0,0,0,.7729941476136446,0,.7729941476136446,.4756886947434396,0,.4756886947434396,9284.434814453125,9284.434814453125,0,9284.434814453125,9284.434814453125,0,66960.60898103938,52873.25026321411,14087.35743227229,0,0,0,0,0,0,206874.8680870589,196307.6155507788,10567.25253628008,.99999982,1,.99999809,,.90000004,1,1
2004,504,6738.428560873736,289.3728368300945,.042943668,216453.1630089339,205885.9104726538,10567.25277207606,216453.1630089339,205885.9104726538,10567.25277207606,273835.9525145579,249180.8655698523,24655.08589494857,0,0,0,0,0,0,.4756886947434396,0,.4756886947434396,9578.294921875,9578.294921875,0,9578.294921875,9578.294921875,0,66960.60898103938,52873.25026321411,14087.35743227229,0,0,0,0,0,0,206874.8680870589,196307.6155507788,10567.25253628008,.9999994,1,.99999326,,.64999998,1,1
2005,504,6738.428560873736,289.3728368300945,.042943668,214396.0956261214,203828.8430898413,10567.25277207606,214396.0956261214,203828.8430898413,10567.25277207606,273835.9525145579,249180.8655698523,24655.08589494857,0,0,0,0,0,0,.4756886947434396,0,.4756886947434396,7521.2275390625,7521.2275390625,0,7521.2275390625,7521.2275390625,0,66960.60898103938,52873.25026321411,14087.35743227229,0,0,0,0,0,0,206874.8680870589,196307.6155507788,10567.25253628008,.99999982,1,.99999809,,.90000004,1,1
2006,504,6738.428560873736,289.3728368300945,.042943668,214903.6981651839,204336.4456289038,10567.25277207606,214903.6981651839,204336.4456289038,10567.25277207606,273835.9525145579,249180.8655698523,24655.08589494857,0,0,0,.148195325571578,0,.148195325571578,.4756886947434396,0,.4756886947434396,8028.830078125,8028.830078125,0,8028.830078125,8028.830078125,0,66960.60898103938,52873.25026321411,14087.35743227229,0,0,0,0,0,0,206874.8680870589,196307.6155507788,10567.25253628008,1,1,1,,1,1,1
2007,504,6738.428560873736,289.3728368300945,.042943668,217219.3317101058,206652.0791738257,10567.25277207606,217219.3317101058,206652.0791738257,10567.25277207606,273835.9525145579,249180.8655698523,24655.08589494857,0,0,0,.3293229341506958,0,.3293229341506958,.4756886947434396,0,.4756886947434396,10344.46362304688,10344.46362304688,0,10344.46362304688,10344.46362304688,0,66960.60898103938,52873.25026321411,14087.35743227229,0,0,0,0,0,0,206874.8680870589,196307.6155507788,10567.25253628008,.99999928,1,.99999231,,.60000002,1,1
2008,504,6738.428560873736,289.3728368300945,.042943668,217031.6049659691,206464.2412832007,10567.36391856443,217031.6049659691,206464.2412832007,10567.36391856443,273835.9525145579,249180.8655698523,24655.08589494857,.1111464883724693,0,.1111464883724693,.9239337989129126,0,.9239337989129126,.4756886947434396,0,.4756886947434396,10156.62573242188,10156.62573242188,0,10156.62573242188,10156.62573242188,0,66960.60898103938,52873.25026321411,14087.35743227229,0,0,0,0,0,0,206874.8680870589,196307.6155507788,10567.25253628008,.93494672,.94493544,.8571431,,.34999999,.74049199,.75
2009,504,6738.428560873736,289.3728368300945,.042943668,216912.8919387019,206345.5479238257,10567.34425067221,216912.8919387019,206345.5479238257,10567.34425067221,273835.9525145579,249180.8655698523,24655.08589494857,.0914785961504094,0,.0914785961504094,.9559512950945646,0,.9559512950945646,.4756886947434396,0,.4756886947434396,10037.93237304688,10037.93237304688,0,10037.93237304688,10037.93237304688,0,66960.60898103938,52873.25026321411,14087.35743227229,0,0,0,0,0,0,206874.8680870589,196307.6155507788,10567.25253628008,.93494678,.94493544,.85714406,,.40000001,.74049199,.75
2010,504,6738.428560873736,289.3728368300945,.042943668,215131.8023536644,204564.438670896,10567.36391856443,215131.8023536644,204564.438670896,10567.36391856443,273835.9525145579,249180.8655698523,24655.08589494857,.1111464883724693,0,.1111464883724693,.9879687838256359,0,.9879687838256359,.4756886947434396,0,.4756886947434396,8256.823120117188,8256.823120117188,0,8256.823120117188,8256.823120117188,0,66960.60898103938,52873.25026321411,14087.35743227229,0,0,0,0,0,0,206874.8680870589,196307.6155507788,10567.25253628008,.99999911,1,.99999034,,.5,1,1
2011,504,6738.428560873736,289.3728368300945,.042943668,213501.3904506311,202934.0930898413,10567.29759658576,213501.3904506311,202934.0930898413,10567.29759658576,273835.9525145579,249180.8655698523,24655.08589494857,.0448245097068138,0,.0448245097068138,1.02456026035361,0,1.02456026035361,.4756886947434396,0,.4756886947434396,6626.477508544922,6626.477508544922,0,6626.477508544922,6626.477508544922,0,66960.60898103938,52873.25026321411,14087.35743227229,0,0,0,0,0,0,206874.8680870589,196307.6155507788,10567.25253628008,.99999964,1,.99999613,,.80000001,1,1
2012,504,6738.428560873736,289.3728368300945,.042943668,215825.1249242293,205257.8362539038,10567.28890612142,215825.1249242293,205257.8362539038,10567.28890612142,273835.9525145579,249180.8655698523,24655.08589494857,.036134045367362,0,.036134045367362,1.061151662375778,0,1.061151662375778,.4756886947434396,0,.4756886947434396,8950.220703125,8950.220703125,0,8950.220703125,8950.220703125,0,66960.60898103938,52873.25026321411,14087.35743227229,0,0,0,0,0,0,206874.8680870589,196307.6155507788,10567.25253628008,.9999994,1,.99999326,,.64999998,1,1
2013,504,6738.428560873736,289.3728368300945,.042943668,216983.5762643696,206416.1563222632,10567.42017790239,216983.5762643696,206416.1563222632,10567.42017790239,273835.9525145579,249180.8655698523,24655.08589494857,.1674058263306506,0,.1674058263306506,1.102317037060857,0,1.102317037060857,.4756886947434396,0,.4756886947434396,10108.54077148438,10108.54077148438,0,10108.54077148438,10108.54077148438,0,66960.60898103938,52873.25026321411,14087.35743227229,0,0,0,0,0,0,206874.8680870589,196307.6155507788,10567.25253628008,.97862136,.97705644,.99998748,,.34999999,.89187163,1
2014,504,6738.428560873736,289.3728368300945,.042943668,214979.5690743329,204412.2017324194,10567.36757770946,214979.5690743329,204412.2017324194,10567.36757770946,273835.9525145579,249180.8655698523,24655.08589494857,.114805633405922,0,.114805633405922,1.143482419196516,0,1.143482419196516,.4756886947434396,0,.4756886947434396,8104.586181640625,8104.586181640625,0,8104.586181640625,8104.586181640625,0,66960.60898103938,52873.25026321411,14087.35743227229,0,0,0,0,0,0,206874.8680870589,196307.6155507788,10567.25253628008,.86103863,.87812227,.714293,,.050000001,.42561498,.5
2015,504,6738.428560873736,289.3728368300945,.042943668,215401.4476628026,204834.0647695288,10567.38312906981,215401.4476628026,204834.0647695288,10567.38312906981,273835.9525145579,249180.8655698523,24655.08589494857,.130356993759051,0,.130356993759051,1.18922169925645,0,1.18922169925645,.4756886947434396,0,.4756886947434396,8526.44921875,8526.44921875,0,8526.44921875,8526.44921875,0,66960.60898103938,52873.25026321411,14087.35743227229,0,0,0,0,0,0,206874.8680870589,196307.6155507788,10567.25253628008,.84729278,.87812227,.57145154,,.2,.42561498,.25
2016,504,6738.428560873736,289.3728368300945,.042943668,214526.4421928715,203959.0126455054,10567.42978316208,214526.4421928715,203959.0126455054,10567.42978316208,273835.9525145579,249180.8655698523,24655.08589494857,.1770110860234126,0,.1770110860234126,1.234961054287851,0,1.234961054287851,.4756886947434396,0,.4756886947434396,7651.397033691406,7651.397033691406,0,7651.397033691406,7651.397033691406,0,66960.60898103938,52873.25026321411,14087.35743227229,0,0,0,0,0,0,206874.8680870589,196307.6155507788,10567.25253628008,.99999928,1,.99999231,,.60000002,1,1
2017,504,6738.428560873736,289.3728368300945,.042943668,213229.3237935604,202661.9052236304,10567.41880572605,213229.3237935604,202661.9052236304,10567.41880572605,273835.9525145579,249180.8655698523,24655.08589494857,.1660336499917321,0,.1660336499917321,1.234961054287851,0,1.234961054287851,.4756886947434396,0,.4756886947434396,6354.289688110352,6354.289688110352,0,6354.289688110352,6354.289688110352,0,66960.60898103938,52873.25026321411,14087.35743227229,0,0,0,0,0,0,206874.8680870589,196307.6155507788,10567.25253628008,.99999976,1,.99999708,,.85000002,1,1
2018,504,6738.428560873736,289.3728368300945,.042943668,214920.3877962071,204352.9029042944,10567.48512770864,214920.3877962071,204352.9029042944,10567.48512770864,273835.9525145579,249180.8655698523,24655.08589494857,.2323556325864047,0,.2323556325864047,1.234961054287851,0,1.234961054287851,.4756886947434396,0,.4756886947434396,8045.287353515625,8045.287353515625,0,8045.287353515625,8045.287353515625,0,66960.60898103938,52873.25026321411,14087.35743227229,0,0,0,0,0,0,206874.8680870589,196307.6155507788,10567.25253628008,.99999887,1,.99998748,,.34999999,1,1
2019,504,6738.428560873736,289.3728368300945,.042943668,213019.300115375,202451.8481557593,10567.45219541166,213019.300115375,202451.8481557593,10567.45219541166,273835.9525145579,249180.8655698523,24655.08589494857,.1994233356090263,0,.1994233356090263,1.234961054287851,0,1.234961054287851,.4756886947434396,0,.4756886947434396,6144.232597351074,6144.232597351074,0,6144.232597351074,6144.232597351074,0,66960.60898103938,52873.25026321411,14087.35743227229,0,0,0,0,0,0,206874.8680870589,196307.6155507788,10567.25253628008,.99999958,1,.99999517,,.75000006,1,1
2020,504,6738.428560873736,289.3728368300945,.042943668,215383.925980982,204816.4877431616,10567.43847361638,215383.925980982,204816.4877431616,10567.43847361638,273835.9525145579,249180.8655698523,24655.08589494857,.185701540322043,0,.185701540322043,1.234961054287851,0,1.234961054287851,.4756886947434396,0,.4756886947434396,8508.872192382813,8508.872192382813,0,8508.872192382813,8508.872192382813,0,66960.60898103938,52873.25026321411,14087.35743227229,0,0,0,0,0,0,206874.8680870589,196307.6155507788,10567.25253628008,.94349742,.95411289,.85714024,,.2,.78374332,.75
2021,504,6738.428560873736,289.3728368300945,.042943668,214800.0963706321,204232.6704824194,10567.42612400866,214800.0963706321,204232.6704824194,10567.42612400866,273835.9525145579,249180.8655698523,24655.08589494857,.1733519326080568,0,.1733519326080568,1.234961054287851,0,1.234961054287851,.4756886947434396,0,.4756886947434396,7925.054931640625,7925.054931640625,0,7925.054931640625,7925.054931640625,0,66960.60898103938,52873.25026321411,14087.35743227229,0,0,0,0,0,0,206874.8680870589,196307.6155507788,10567.25253628008,.84729248,.87812227,.57144868,,.050000001,.42561498,.25
2022,504,6738.428560873736,289.3728368300945,.042943668,207040.9603598356,196473.504283689,10567.45631194266,207040.9603598356,196473.504283689,10567.45631194266,273835.9525145579,249180.8655698523,24655.08589494857,.2035398666048422,0,.2035398666048422,1.234961054287851,0,1.234961054287851,.4756886947434396,0,.4756886947434396,165.8887634277344,165.8887634277344,0,165.8887634277344,165.8887634277344,0,66960.60898103938,52873.25026321411,14087.35743227229,0,0,0,0,0,0,206874.8680870589,196307.6155507788,10567.25253628008,.77711284,.80948627,.4571732,,.050000001,.10214759,.050000001
2023,504,6738.428560873736,289.3728368300945,.042943668,214622.0245411546,204054.6096303687,10567.41514658189,214622.0245411546,204054.6096303687,10567.41514658189,273835.9525145579,249180.8655698523,24655.08589494857,.1623745058313943,0,.1623745058313943,1.234961054287851,0,1.234961054287851,.4756886947434396,0,.4756886947434396,7746.994064331055,7746.994064331055,0,7746.994064331055,7746.994064331055,0,66960.60898103938,52873.25026321411,14087.35743227229,0,0,0,0,0,0,206874.8680870589,196307.6155507788,10567.25253628008,1,1,1,,1,1,1
2024,504,6738.428560873736,289.3728368300945,.042943668,215000.4717618032,204433.0390126929,10567.43298490631,215000.4717618032,204433.0390126929,10567.43298490631,273835.9525145579,249180.8655698523,24655.08589494857,.1802128302515484,0,.1802128302515484,1.234961054287851,0,1.234961054287851,.4756886947434396,0,.4756886947434396,8125.423461914063,8125.423461914063,0,8125.423461914063,8125.423461914063,0,66960.60898103938,52873.25026321411,14087.35743227229,0,0,0,0,0,0,206874.8680870589,196307.6155507788,10567.25253628008,.99999899,1,.99998844,,.40000001,1,1
1993,505,3956.025428430926,44.4222772391513,.011229017,20250.65399638563,13764.93222842366,6485.721734620631,20250.65399638563,13764.93222842366,6485.721734620631,20949.01250299811,13764.93222842366,7184.080241218209,2627.021809883416,0,2627.021809883416,4069.051488980651,0,4069.051488980651,3325.380316480994,0,3325.380316480994,0,0,0,0,0,0,0,0,0,0,0,0,0,0,0,17623.63219225407,13764.93222842366,3858.700024582446,1,1,1,,1,,
1994,505,3956.025428430926,44.4222772391513,.011229017,20910.41342934966,13764.93222842366,7145.481167569757,20910.41342934966,13764.93222842366,7145.481167569757,20949.01250299811,13764.93222842366,7184.080241218209,3286.781242832541,0,3286.781242832541,4377.92967762053,0,4377.92967762053,3325.380316480994,0,3325.380316480994,0,0,0,0,0,0,0,0,0,0,0,0,0,0,0,17623.63219225407,13764.93222842366,3858.700024582446,.9239679,1,.7685591,,.5,,
1995,505,3956.025428430926,44.4222772391513,.011229017,20146.34665063769,13764.93222842366,6381.414388887584,20146.34665063769,13764.93222842366,6381.414388887584,20949.01250299811,13764.93222842366,7184.080241218209,2522.714464150369,0,2522.714464150369,4717.391128972173,0,4717.391128972173,3325.380316480994,0,3325.380316480994,0,0,0,0,0,0,0,0,0,0,0,0,0,0,0,17623.63219225407,13764.93222842366,3858.700024582446,1,1,1,,1,,
1996,505,3956.025428430926,44.4222772391513,.011229017,20077.00011520833,13764.93222842366,6312.067853413522,20077.00011520833,13764.93222842366,6312.067853413522,20949.01250299811,13764.93222842366,7184.080241218209,2453.367928676307,0,2453.367928676307,5037.86520794034,0,5037.86520794034,3325.380316480994,0,3325.380316480994,0,0,0,0,0,0,0,0,0,0,0,0,0,0,0,17623.63219225407,13764.93222842366,3858.700024582446,1,1,1,,1,,
1997,505,3956.025428430926,44.4222772391513,.011229017,19850.34249676764,13764.93222842366,6085.410234972835,19850.34249676764,13764.93222842366,6085.410234972835,20949.01250299811,13764.93222842366,7184.080241218209,2226.71031023562,0,2226.71031023562,5333.587804228067,0,5333.587804228067,3325.380316480994,0,3325.380316480994,0,0,0,0,0,0,0,0,0,0,0,0,0,0,0,17623.63219225407,13764.93222842366,3858.700024582446,1,1,1,,1,,
1998,505,3956.025428430926,44.4222772391513,.011229017,20288.2598740682,13764.93222842366,6523.327612243593,20288.2598740682,13764.93222842366,6523.327612243593,20949.01250299811,13764.93222842366,7184.080241218209,2664.627687506378,0,2664.627687506378,5631.667317152023,0,5631.667317152023,3325.380316480994,0,3325.380316480994,0,0,0,0,0,0,0,0,0,0,0,0,0,0,0,17623.63219225407,13764.93222842366,3858.700024582446,1,1,1,,1,,
1999,505,3956.025428430926,44.4222772391513,.011229017,20299.2685039863,13764.93222842366,6534.336226902902,20299.2685039863,13764.93222842366,6534.336226902902,20949.01250299811,13764.93222842366,7184.080241218209,2675.636302165687,0,2675.636302165687,7526.859374523163,0,7526.859374523163,3325.380316480994,0,3325.380316480994,0,0,0,0,0,0,0,0,0,0,0,0,0,0,0,17623.63219225407,13764.93222842366,3858.700024582446,1,1,1,,1,,
2000,505,3956.025428430926,44.4222772391513,.011229017,20157.55012363195,13764.93222842366,6392.617861837149,20157.55012363195,13764.93222842366,6392.617861837149,20949.01250299811,13764.93222842366,7184.080241218209,2533.917937099934,0,2533.917937099934,7747.181359291077,0,7747.181359291077,3325.380316480994,0,3325.380316480994,0,0,0,0,0,0,0,0,0,0,0,0,0,0,0,17623.63219225407,13764.93222842366,3858.700024582446,.9847936,1,.95371181,,.89999998,,
2001,505,3956.025428430926,44.4222772391513,.011229017,22144.67647975683,13764.93222842366,8379.744217932224,22144.67647975683,13764.93222842366,8379.744217932224,20949.01250299811,13764.93222842366,7184.080241218209,4521.044293195009,0,4521.044293195009,9802.901203095913,0,9802.901203095913,3325.380316480994,0,3325.380316480994,0,0,0,0,0,0,0,0,0,0,0,0,0,0,0,17623.63219225407,13764.93222842366,3858.700024582446,.90724087,1,.71764207,,.38999999,,
2002,505,3956.025428430926,44.4222772391513,.011229017,21044.75971911848,13764.93222842366,7279.827457293868,21044.75971911848,13764.93222842366,7279.827457293868,20949.01250299811,13764.93222842366,7184.080241218209,3421.127532556653,0,3421.127532556653,9977.598887622356,0,9977.598887622356,3325.380316480994,0,3325.380316480994,0,0,0,0,0,0,0,0,0,0,0,0,0,0,0,17623.63219225407,13764.93222842366,3858.700024582446,.95438075,1,.86113542,,.69999999,,
2003,505,3956.025428430926,44.4222772391513,.011229017,21363.68135096133,13764.93222842366,7598.749073907733,21363.68135096133,13764.93222842366,7598.749073907733,20949.01250299811,13764.93222842366,7184.080241218209,3740.049149170518,0,3740.049149170518,10152.29660269618,0,10152.29660269618,3325.380316480994,0,3325.380316480994,0,0,0,0,0,0,0,0,0,0,0,0,0,0,0,17623.63219225407,13764.93222842366,3858.700024582446,.9847936,1,.95371181,,.89999998,,
2004,505,3956.025428430926,44.4222772391513,.011229017,21652.2781637609,13764.93222842366,7887.34590190649,21652.2781637609,13764.93222842366,7887.34590190649,20949.01250299811,13764.93222842366,7184.080241218209,4028.645977169275,0,4028.645977169275,10326.92182430625,0,10326.92182430625,3325.380316480994,0,3325.380316480994,0,0,0,0,0,0,0,0,0,0,0,0,0,0,0,17623.63219225407,13764.93222842366,3858.700024582446,.94677752,1,.83799136,,.64999998,,
2005,505,3956.025428430926,44.4222772391513,.011229017,21402.22414037585,13764.93222842366,7637.291878581047,21402.22414037585,13764.93222842366,7637.291878581047,20949.01250299811,13764.93222842366,7184.080241218209,3778.591953843832,0,3778.591953843832,10498.64816063643,0,10498.64816063643,3325.380316480994,0,3325.380316480994,0,0,0,0,0,0,0,0,0,0,0,0,0,0,0,17623.63219225407,13764.93222842366,3858.700024582446,.9847936,1,.95371181,,.89999998,,
2006,505,3956.025428430926,44.4222772391513,.011229017,21440.37008842826,13764.93222842366,7675.437826663256,21440.37008842826,13764.93222842366,7675.437826663256,20949.01250299811,13764.93222842366,7184.080241218209,3816.737901926041,0,3816.737901926041,10647.52538332343,0,10647.52538332343,3325.380316480994,0,3325.380316480994,0,0,0,0,0,0,0,0,0,0,0,0,0,0,0,17623.63219225407,13764.93222842366,3858.700024582446,1,1,1,,1,,
2007,505,3956.025428430926,44.4222772391513,.011229017,22973.45471546054,13764.93222842366,9208.522453665733,22973.45471546054,13764.93222842366,9208.522453665733,20949.01250299811,13764.93222842366,7184.080241218209,5349.822528928518,0,5349.822528928518,10796.40355196595,0,10796.40355196595,3325.380316480994,0,3325.380316480994,0,0,0,0,0,0,0,0,0,0,0,0,0,0,0,17623.63219225407,13764.93222842366,3858.700024582446,.93917435,1,.81484729,,.60000002,,
2008,505,3956.025428430926,44.4222772391513,.011229017,23997.1423150301,13764.93222842366,10232.2100532949,23997.1423150301,13764.93222842366,10232.2100532949,20949.01250299811,13764.93222842366,7184.080241218209,6373.510128557682,0,6373.510128557682,10945.28175124526,0,10945.28175124526,3325.380316480994,0,3325.380316480994,0,0,0,0,0,0,0,0,0,0,0,0,0,0,0,17623.63219225407,13764.93222842366,3858.700024582446,.90115827,1,.69912678,,.34999999,,
2009,505,3956.025428430926,44.4222772391513,.011229017,22830.74220177531,13764.93222842366,9065.809940040112,22830.74220177531,13764.93222842366,9065.809940040112,20949.01250299811,13764.93222842366,7184.080241218209,5207.110015302897,0,5207.110015302897,11094.15894326568,0,11094.15894326568,3325.380316480994,0,3325.380316480994,0,0,0,0,0,0,0,0,0,0,0,0,0,0,0,17623.63219225407,13764.93222842366,3858.700024582446,.9087615,1,.72227091,,.40000001,,
2010,505,3956.025428430926,44.4222772391513,.011229017,23521.16768285632,13764.93222842366,9756.235421091318,23521.16768285632,13764.93222842366,9756.235421091318,20949.01250299811,13764.93222842366,7184.080241218209,5897.535496354103,0,5897.535496354103,13607.85941082239,0,13607.85941082239,3325.380316480994,0,3325.380316480994,0,0,0,0,0,0,0,0,0,0,0,0,0,0,0,17623.63219225407,13764.93222842366,3858.700024582446,.9239679,1,.7685591,,.5,,
2011,505,3956.025428430926,44.4222772391513,.011229017,22996.68485225737,13764.93222842366,9231.752590432763,22996.68485225737,13764.93222842366,9231.752590432763,20949.01250299811,13764.93222842366,7184.080241218209,5373.052665695548,0,5373.052665695548,13608.22178676724,0,13608.22178676724,3325.380316480994,0,3325.380316480994,0,0,0,0,0,0,0,0,0,0,0,0,0,0,0,17623.63219225407,13764.93222842366,3858.700024582446,.96958715,1,.90742362,,.80000001,,
2012,505,3956.025428430926,44.4222772391513,.011229017,22363.5252045989,13764.93222842366,8598.592942804098,22363.5252045989,13764.93222842366,8598.592942804098,20949.01250299811,13764.93222842366,7184.080241218209,4739.893018066883,0,4739.893018066883,13608.58413210511,0,13608.58413210511,3325.380316480994,0,3325.380316480994,0,0,0,0,0,0,0,0,0,0,0,0,0,0,0,17623.63219225407,13764.93222842366,3858.700024582446,.94677752,1,.83799136,,.64999998,,
2013,505,3956.025428430926,44.4222772391513,.011229017,23613.08156687021,13764.93222842366,9848.149305015802,23613.08156687021,13764.93222842366,9848.149305015802,20949.01250299811,13764.93222842366,7184.080241218209,5989.449380278587,0,5989.449380278587,13608.94650793076,0,13608.94650793076,3325.380316480994,0,3325.380316480994,0,0,0,0,0,0,0,0,0,0,0,0,0,0,0,17623.63219225407,13764.93222842366,3858.700024582446,.90115827,1,.69912678,,.34999999,,
2014,505,3956.025428430926,44.4222772391513,.011229017,24238.78231650591,13764.93222842366,10473.8500546813,24238.78231650591,13764.93222842366,10473.8500546813,20949.01250299811,13764.93222842366,7184.080241218209,6615.150129944086,0,6615.150129944086,13609.30885326862,0,13609.30885326862,3325.380316480994,0,3325.380316480994,0,0,0,0,0,0,0,0,0,0,0,0,0,0,0,17623.63219225407,13764.93222842366,3858.700024582446,.85553902,1,.56026226,,.050000001,,
2015,505,3956.025428430926,44.4222772391513,.011229017,22913.99145370722,13764.93222842366,9149.059191912413,22913.99145370722,13764.93222842366,9149.059191912413,20949.01250299811,13764.93222842366,7184.080241218209,5290.359267175198,0,5290.359267175198,13609.67122909427,0,13609.67122909427,3325.380316480994,0,3325.380316480994,0,0,0,0,0,0,0,0,0,0,0,0,0,0,0,17623.63219225407,13764.93222842366,3858.700024582446,.87834865,1,.62969452,,.2,,
2016,505,3956.025428430926,44.4222772391513,.011229017,21904.24028846622,13764.93222842366,8139.308026701212,21904.24028846622,13764.93222842366,8139.308026701212,20949.01250299811,13764.93222842366,7184.080241218209,4280.608101963997,0,4280.608101963997,13609.67122909427,0,13609.67122909427,3325.380316480994,0,3325.380316480994,0,0,0,0,0,0,0,0,0,0,0,0,0,0,0,17623.63219225407,13764.93222842366,3858.700024582446,.93917435,1,.81484729,,.60000002,,
2017,505,3956.025428430926,44.4222772391513,.011229017,21587.05923449993,13764.93222842366,7822.12697276473,21587.05923449993,13764.93222842366,7822.12697276473,20949.01250299811,13764.93222842366,7184.080241218209,3963.427048027515,0,3963.427048027515,13609.67122909427,0,13609.67122909427,3325.380316480994,0,3325.380316480994,0,0,0,0,0,0,0,0,0,0,0,0,0,0,0,17623.63219225407,13764.93222842366,3858.700024582446,.97719038,1,.93056774,,.85000002,,
2018,505,3956.025428430926,44.4222772391513,.011229017,23216.13890866935,13764.93222842366,9451.206631675363,23216.13890866935,13764.93222842366,9451.206631675363,20949.01250299811,13764.93222842366,7184.080241218209,5592.506706938148,0,5592.506706938148,13609.67122909427,0,13609.67122909427,3325.380316480994,0,3325.380316480994,0,0,0,0,0,0,0,0,0,0,0,0,0,0,0,17623.63219225407,13764.93222842366,3858.700024582446,.90115827,1,.69912678,,.34999999,,
2019,505,3956.025428430926,44.4222772391513,.011229017,23008.70360806584,13764.93222842366,9243.77134630084,23008.70360806584,13764.93222842366,9243.77134630084,20949.01250299811,13764.93222842366,7184.080241218209,5385.071421563625,0,5385.071421563625,13609.67122909427,0,13609.67122909427,3325.380316480994,0,3325.380316480994,0,0,0,0,0,0,0,0,0,0,0,0,0,0,0,17623.63219225407,13764.93222842366,3858.700024582446,.96198398,1,.88427955,,.75,,
2020,505,3956.025428430926,44.4222772391513,.011229017,23420.91073602438,13764.93222842366,9655.978474199772,23420.91073602438,13764.93222842366,9655.978474199772,20949.01250299811,13764.93222842366,7184.080241218209,5797.278549462557,0,5797.278549462557,13609.67122909427,0,13609.67122909427,3325.380316480994,0,3325.380316480994,0,0,0,0,0,0,0,0,0,0,0,0,0,0,0,17623.63219225407,13764.93222842366,3858.700024582446,.87834865,1,.62969452,,.2,,
2021,505,3956.025428430926,44.4222772391513,.011229017,23789.21218264103,13764.93222842366,10024.27992087603,23789.21218264103,13764.93222842366,10024.27992087603,20949.01250299811,13764.93222842366,7184.080241218209,6165.579996138811,0,6165.579996138811,13609.67122909427,0,13609.67122909427,3325.380316480994,0,3325.380316480994,0,0,0,0,0,0,0,0,0,0,0,0,0,0,0,17623.63219225407,13764.93222842366,3858.700024582446,.85553902,1,.56026226,,.050000001,,
2022,505,3956.025428430926,44.4222772391513,.011229017,22609.67689576745,13764.93222842366,8844.744634002447,22609.67689576745,13764.93222842366,8844.744634002447,20949.01250299811,13764.93222842366,7184.080241218209,4986.044709265232,0,4986.044709265232,13609.67122909427,0,13609.67122909427,3325.380316480994,0,3325.380316480994,0,0,0,0,0,0,0,0,0,0,0,0,0,0,0,17623.63219225407,13764.93222842366,3858.700024582446,.85553902,1,.56026226,,.050000001,,
2023,505,3956.025428430926,44.4222772391513,.011229017,20596.81874167919,13764.93222842366,6831.886479824781,20596.81874167919,13764.93222842366,6831.886479824781,20949.01250299811,13764.93222842366,7184.080241218209,2973.186555087566,0,2973.186555087566,13609.67122909427,0,13609.67122909427,3325.380316480994,0,3325.380316480994,0,0,0,0,0,0,0,0,0,0,0,0,0,0,0,17623.63219225407,13764.93222842366,3858.700024582446,1,1,1,,1,,
2024,505,3956.025428430926,44.4222772391513,.011229017,22866.46351583302,13764.93222842366,9101.531254008412,22866.46351583302,13764.93222842366,9101.531254008412,20949.01250299811,13764.93222842366,7184.080241218209,5242.831329271197,0,5242.831329271197,13609.67122909427,0,13609.67122909427,3325.380316480994,0,3325.380316480994,0,0,0,0,0,0,0,0,0,0,0,0,0,0,0,17623.63219225407,13764.93222842366,3858.700024582446,.9087615,1,.72227091,,.40000001,,
1993,506,4311.079937417431,2648.596113316715,.61436951,1602073.276739769,1600684.018523745,1389.257692920044,1602562.636705332,1601172.377146535,1390.257694112137,2169044.916019998,2168615.102364741,429.8154829293489,0,0,0,0,0,0,0,0,0,1039449.392889857,1038210.278275609,1239.114091144875,1039938.75285542,1038698.636898398,1240.114092336968,1606421.055286437,1606141.385232955,279.6718811541796,0,0,0,0,0,0,562623.8673019931,562473.7237002179,150.1436017751694,1,1,1,,,1,1
1994,506,4311.079937417431,2648.596113316715,.61436951,1534808.844989829,1533083.70096951,1725.142767431214,1534454.527914934,1532730.385115318,1724.142766239122,2169044.916019998,2168615.102364741,429.8154829293489,0,0,0,0,0,0,0,0,0,972184.9875223637,970609.9871038198,1574.999165656045,971830.6548215151,970256.6556236744,1573.999164463952,1606421.055286437,1606141.385232955,279.6718811541796,0,0,0,0,0,0,562623.8673019931,562473.7237002179,150.1436017751694,.7186628,.71863925,.83733028,,,.62010616,.75
1995,506,4311.079937417431,2648.596113316715,.61436951,1560435.07374873,1559622.606701635,812.4663044437766,1560182.220678471,1559370.754852079,811.4663032516837,2169044.916019998,2168615.102364741,429.8154829293489,0,0,0,0,0,0,0,0,0,997811.2022889555,997148.8788436353,662.3227026686072,997558.3804677427,996897.0582431257,661.3227014765143,1606421.055286437,1606141.385232955,279.6718811541796,0,0,0,0,0,0,562623.8673019931,562473.7237002179,150.1436017751694,.99999356,1,.96746606,,,1,.94999999
1996,506,4311.079937417431,2648.596113316715,.61436951,1566099.717048697,1564697.557588987,1402.1588322483,1566099.717048697,1564697.557588987,1402.1588322483,2169044.916019998,2168615.102364741,429.8154829293489,0,0,0,0,0,0,0,0,0,1003475.828560114,1002223.812702179,1252.015230473131,1003475.828560114,1002223.812702179,1252.015230473131,1606421.055286437,1606141.385232955,279.6718811541796,0,0,0,0,0,0,562623.8673019931,562473.7237002179,150.1436017751694,1,1,1,,,1,1
1997,506,4311.079937417431,2648.596113316715,.61436951,1654205.877407812,1652015.658018373,2190.2183204256,1654205.877407812,1652015.658018373,2190.2183204256,2169044.916019998,2168615.102364741,429.8154829293489,0,0,0,0,0,0,0,0,0,1091582.002194375,1089541.926406711,2040.07471865043,1091582.002194375,1089541.926406711,2040.07471865043,1606421.055286437,1606141.385232955,279.6718811541796,0,0,0,0,0,0,562623.8673019931,562473.7237002179,150.1436017751694,.9759475,.97594917,.96746606,,,.96752656,.94999999
1998,506,4311.079937417431,2648.596113316715,.61436951,1454036.497822575,1452050.650892787,1985.846232181415,1454036.497822575,1452050.650892787,1985.846232181415,2169044.916019998,2168615.102364741,429.8154829293489,0,0,0,0,0,0,0,0,0,891412.6463747025,889576.943046689,1835.702630406246,891412.6463747025,889576.943046689,1835.702630406246,1606421.055286437,1606141.385232955,279.6718811541796,0,0,0,0,0,0,562623.8673019931,562473.7237002179,150.1436017751694,1,1,1,,,1,1
1999,506,4311.079937417431,2648.596113316715,.61436951,1757095.620323084,1753588.821464203,3506.800334233791,1760096.550753735,1756585.750796221,3510.800339002162,2169044.916019998,2168615.102364741,429.8154829293489,0,0,0,0,0,0,0,0,0,1194471.751655668,1191115.096398562,3356.656732458621,1197472.682086319,1194112.02573058,3360.656737226993,1606421.055286437,1606141.385232955,279.6718811541796,0,0,0,0,0,0,562623.8673019931,562473.7237002179,150.1436017751694,.99999356,1,.96746606,,,1,.94999999
2000,506,4311.079937417431,2648.596113316715,.61436951,1744748.029508315,1742285.748470627,2462.281744871289,1742742.235234462,1740282.954074703,2459.281741533428,2169044.916019998,2168615.102364741,429.8154829293489,0,0,0,0,0,0,0,0,0,1182124.18766585,1179812.050229937,2312.138143096119,1180118.393391997,1177809.255834013,2309.138139758259,1606421.055286437,1606141.385232955,279.6718811541796,0,0,0,0,0,0,562623.8673019931,562473.7237002179,150.1436017751694,1,1,1,,,1,1
2001,506,4311.079937417431,2648.596113316715,.61436951,1742724.902515881,1739094.685046546,3630.217243313789,1742635.887510769,1739006.671262138,3629.217242360115,2169044.916019998,2168615.102364741,429.8154829293489,0,0,0,0,0,0,0,0,0,1180101.026234329,1176620.952366769,3480.07364153862,1180012.011229217,1176532.938582361,3479.073640584946,1606421.055286437,1606141.385232955,279.6718811541796,0,0,0,0,0,0,562623.8673019931,562473.7237002179,150.1436017751694,.90379649,.90379673,.90239817,,,.87010616,.85000002
2002,506,4311.079937417431,2648.596113316715,.61436951,1837921.376474939,1836029.415506087,1891.959615077823,1837490.912602983,1835598.951634131,1891.959615077823,2169044.916019998,2168615.102364741,429.8154829293489,0,0,0,0,0,0,0,0,0,1275297.534800321,1273555.717433244,1741.816013302654,1274867.040166646,1273125.222799569,1741.816013302654,1606421.055286437,1606141.385232955,279.6718811541796,0,0,0,0,0,0,562623.8673019931,562473.7237002179,150.1436017751694,1,1,1,,,1,1
2003,506,4311.079937417431,2648.596113316715,.61436951,1719085.378120266,1718133.014317237,952.3629380390048,1719045.083345376,1718092.719542347,952.3629380390048,2169044.916019998,2168615.102364741,429.8154829293489,0,0,0,0,0,0,0,0,0,1156461.472395927,1155659.252194673,802.2193362638354,1156421.208383709,1155618.988182455,802.2193362638354,1606421.055286437,1606141.385232955,279.6718811541796,0,0,0,0,0,0,562623.8673019931,562473.7237002179,150.1436017751694,1,1,1,,,1,1
2004,506,4311.079937417431,2648.596113316715,.61436951,1884826.831552736,1881909.110941999,2917.722492817789,1884725.943750732,1881808.223139994,2917.722492817789,2169044.916019998,2168615.102364741,429.8154829293489,0,0,0,0,0,0,0,0,0,1322202.990075529,1319435.413066566,2767.57889104262,1322102.071512759,1319334.494503796,2767.57889104262,1606421.055286437,1606141.385232955,279.6718811541796,0,0,0,0,0,0,562623.8673019931,562473.7237002179,150.1436017751694,1,1,1,,,1,1
2005,506,4311.079937417431,2648.596113316715,.61436951,1736312.135312565,1735933.461361893,378.6761508509517,1740217.503935583,1739832.934446819,384.5713379569352,2169044.916019998,2168615.102364741,429.8154829293489,0,0,0,0,0,0,0,0,0,1173688.26128073,1173459.730931833,228.5325490757823,1177593.629904702,1177359.204017714,234.4277361817658,1606421.055286437,1606141.385232955,279.6718811541796,0,0,0,0,0,0,562623.8673019931,562473.7237002179,150.1436017751694,1,1,1,,,1,1
2006,506,4311.079937417431,2648.596113316715,.61436951,1734286.390224792,1733639.875331737,646.5151835009456,1737964.798407651,1737314.283850528,650.5151717849076,2169044.916019998,2168615.102364741,429.8154829293489,0,0,0,0,0,0,0,0,0,1171662.518375918,1171166.147084638,496.3715817257762,1175340.926558778,1174840.55560343,500.3715700097382,1606421.055286437,1606141.385232955,279.6718811541796,0,0,0,0,0,0,562623.8673019931,562473.7237002179,150.1436017751694,1,1,1,,,1,1
2007,506,4311.079937417431,2648.596113316715,.61436951,1876470.659017287,1876032.093348347,438.5713318362832,1868945.431527816,1868515.858717285,429.571339532733,2169044.916019998,2168615.102364741,429.8154829293489,0,0,0,0,0,0,0,0,0,1313846.788412958,1313558.366345793,288.4277300611138,1306321.560923487,1306042.131714731,279.4277377575636,1606421.055286437,1606141.385232955,279.6718811541796,0,0,0,0,0,0,562623.8673019931,562473.7237002179,150.1436017751694,1,1,1,,,1,1
2008,506,4311.079937417431,2648.596113316715,.61436951,1849889.710157953,1849521.40321108,368.3050581216812,1856769.956168018,1856394.755392037,375.2002457045019,2169044.916019998,2168615.102364741,429.8154829293489,0,0,0,0,0,0,0,0,0,1287265.834151059,1287047.670805961,218.1614563465118,1294146.080162078,1293921.022987872,225.0566439293325,1606421.055286437,1606141.385232955,279.6718811541796,0,0,0,0,0,0,562623.8673019931,562473.7237002179,150.1436017751694,.85569149,.85569507,.83733028,,,.80515927,.75
2009,506,4311.079937417431,2648.596113316715,.61436951,1749905.176171713,1749572.765764229,332.4098743405193,1743067.080231361,1742740.673027985,326.409876042977,2169044.916019998,2168615.102364741,429.8154829293489,0,0,0,0,0,0,0,0,0,1187281.338999391,1187099.072193682,182.2662725653499,1180443.243058085,1180266.979456484,176.2662742678076,1606421.055286437,1606141.385232955,279.6718811541796,0,0,0,0,0,0,562623.8673019931,562473.7237002179,150.1436017751694,.85569149,.85569507,.83733028,,,.80515927,.75
2010,506,4311.079937417431,2648.596113316715,.61436951,1702567.785367601,1702234.899224035,332.8857849389315,1704812.325641386,1704476.546309344,335.7809699326754,2169044.916019998,2168615.102364741,429.8154829293489,0,0,0,0,0,0,0,0,0,1139943.910549939,1139761.168008149,182.7421831637621,1142188.482562006,1142002.846831739,185.637368157506,1606421.055286437,1606141.385232955,279.6718811541796,0,0,0,0,0,0,562623.8673019931,562473.7237002179,150.1436017751694,1,1,1,,,1,1
2011,506,4311.079937417431,2648.596113316715,.61436951,1707695.323330201,1707355.54433421,339.7809656076133,1718101.574347414,1717745.79303316,355.7809623740613,2169044.916019998,2168615.102364741,429.8154829293489,0,0,0,0,0,0,0,0,0,1145071.453754887,1144881.818360671,189.637363832444,1155477.7047721,1155272.067059621,205.637360598892,1606421.055286437,1606141.385232955,279.6718811541796,0,0,0,0,0,0,562623.8673019931,562473.7237002179,150.1436017751694,1,1,1,,,1,1
2012,506,4311.079937417431,2648.596113316715,.61436951,1807428.25447353,1807037.787034474,390.4665164090693,1800231.424778663,1799850.854891263,380.5713284127414,2169044.916019998,2168615.102364741,429.8154829293489,0,0,0,0,0,0,0,0,0,1244804.377192527,1244564.053355247,240.3229146338999,1237607.547008425,1237377.1207228,230.4277266375721,1606421.055286437,1606141.385232955,279.6718811541796,0,0,0,0,0,0,562623.8673019931,562473.7237002179,150.1436017751694,1,1,1,,,1,1
2013,506,4311.079937417431,2648.596113316715,.61436951,1940744.095080368,1940331.624131434,412.4665114320815,1947263.049778692,1946847.584414832,415.4665135480464,2169044.916019998,2168615.102364741,429.8154829293489,0,0,0,0,0,0,0,0,0,1378120.233431041,1377857.906083882,262.3229096569121,1384639.187641084,1384373.865878999,265.322911772877,1606421.055286437,1606141.385232955,279.6718811541796,0,0,0,0,0,0,562623.8673019931,562473.7237002179,150.1436017751694,.9398849,.93987292,1,,,.91881633,1
2014,506,4311.079937417431,2648.596113316715,.61436951,1447490.307501622,1447222.480310448,267.829146922566,1436447.234919645,1436193.301251836,253.9339627437294,2169044.916019998,2168615.102364741,429.8154829293489,0,0,0,0,0,0,0,0,0,884866.4382686764,884748.7546792775,117.6855451473966,873823.365931794,873719.5758657604,103.79036096856,1606421.055286437,1606141.385232955,279.6718811541796,0,0,0,0,0,0,562623.8673019931,562473.7237002179,150.1436017751694,.63446939,.63446134,.6746605,,,.50644904,.5
2015,506,4311.079937417431,2648.596113316715,.61436951,1354817.284312867,1354589.45483043,227.8291457933374,1355006.948824562,1354778.120013513,228.8291469854303,2169044.916019998,2168615.102364741,429.8154829293489,0,0,0,0,0,0,0,0,0,792193.4265402257,792115.7406595647,77.685544018168,792383.0598019212,792304.374592647,78.6855452102609,1606421.055286437,1606141.385232955,279.6718811541796,0,0,0,0,0,0,562623.8673019931,562473.7237002179,150.1436017751694,.63443714,.63446134,.51199079,,,.50644904,.25
2016,506,4311.079937417431,2648.596113316715,.61436951,1738480.344790481,1738139.352993511,340.9906053934246,1737191.015246652,1736853.025799178,337.990603281185,2169044.916019998,2168615.102364741,429.8154829293489,0,0,0,0,0,0,0,0,0,1175856.475652903,1175665.627457708,190.8470036182553,1174567.146109074,1174379.300263375,187.8470015060157,1606421.055286437,1606141.385232955,279.6718811541796,0,0,0,0,0,0,562623.8673019931,562473.7237002179,150.1436017751694,1,1,1,,,1,1
2017,506,4311.079937417431,2648.596113316715,.61436951,1688782.967103906,1688426.973996587,355.9906034879386,1698786.724970527,1698419.839346595,366.8857793547213,2169044.916019998,2168615.102364741,429.8154829293489,0,0,0,0,0,0,0,0,0,1126159.09107317,1125953.241567627,205.8470017127693,1136162.849427119,1135946.107404962,216.7421775795519,1606421.055286437,1606141.385232955,279.6718811541796,0,0,0,0,0,0,562623.8673019931,562473.7237002179,150.1436017751694,1,1,1,,,1,1
2018,506,4311.079937417431,2648.596113316715,.61436951,1740832.125656508,1740465.238475941,366.8857772424817,1730732.180326842,1730375.189782999,356.9906011037529,2169044.916019998,2168615.102364741,429.8154829293489,0,0,0,0,0,0,0,0,0,1178208.252037615,1177991.508458823,216.7421754673123,1168108.337469667,1167901.4905276,206.8469993285835,1606421.055286437,1606141.385232955,279.6718811541796,0,0,0,0,0,0,562623.8673019931,562473.7237002179,150.1436017751694,1,1,1,,,1,1
2019,506,4311.079937417431,2648.596113316715,.61436951,1649401.020463221,1649065.92615854,335.0954214893281,1655015.246598117,1654674.153972141,341.0954197868705,2169044.916019998,2168615.102364741,429.8154829293489,0,0,0,0,0,0,0,0,0,1086777.182715356,1086592.232012451,184.9518197141588,1092391.377599299,1092200.428575099,190.9518180117011,1606421.055286437,1606141.385232955,279.6718811541796,0,0,0,0,0,0,562623.8673019931,562473.7237002179,150.1436017751694,1,1,1,,,1,1
2020,506,4311.079937417431,2648.596113316715,.61436951,1743667.757460274,1743315.768107928,351.990603081882,1747120.791070379,1746766.799154557,353.9906130954623,2169044.916019998,2168615.102364741,429.8154829293489,0,0,0,0,0,0,0,0,0,1181043.855154857,1180842.009404287,201.8470013067126,1184496.951753244,1184293.103439197,203.8470113202929,1606421.055286437,1606141.385232955,279.6718811541796,0,0,0,0,0,0,562623.8673019931,562473.7237002179,150.1436017751694,.87973756,.8797459,.83733028,,,.83763272,.75
2021,506,4311.079937417431,2648.596113316715,.61436951,1379912.839413868,1379652.219499694,260.6195152774453,1376878.757455336,1376623.138029443,255.6195093169808,2169044.916019998,2168615.102364741,429.8154829293489,0,0,0,0,0,0,0,0,0,817288.9721807782,817178.4958683793,110.4759135022759,814254.8741080109,814149.3982838932,105.4759075418115,1606421.055286437,1606141.385232955,279.6718811541796,0,0,0,0,0,0,562623.8673019931,562473.7237002179,150.1436017751694,.63443714,.63446134,.51199079,,,.50644904,.25
2022,506,4311.079937417431,2648.596113316715,.61436951,822275.6211982891,822051.7920226678,223.8291480951011,818474.2648577616,818252.4362622425,221.8291492545977,2169044.916019998,2168615.102364741,429.8154829293489,0,0,0,0,0,0,0,0,0,259651.7259867787,259578.0404129326,73.68554631993175,255850.3656787276,255778.6806849837,71.68554747942835,1606421.055286437,1606141.385232955,279.6718811541796,0,0,0,0,0,0,562623.8673019931,562473.7237002179,150.1436017751694,.34939837,.34939194,.38185501,,,.12154777,.050000001
2023,506,4311.079937417431,2648.596113316715,.61436951,1663355.324672878,1662999.544765174,355.7809663340449,1661273.093804657,1660920.208976924,352.8857842683792,2169044.916019998,2168615.102364741,429.8154829293489,0,0,0,0,0,0,0,0,0,1100731.475055106,1100525.838749178,205.6373645588756,1098649.244186886,1098446.502960928,202.7421824932098,1606421.055286437,1606141.385232955,279.6718811541796,0,0,0,0,0,0,562623.8673019931,562473.7237002179,150.1436017751694,1,1,1,,,1,1
2024,506,4311.079937417431,2648.596113316715,.61436951,1816633.389484204,1816254.819781579,378.5713382288814,1816314.66890315,1815936.099200524,378.5713382288814,2169044.916019998,2168615.102364741,429.8154829293489,0,0,0,0,0,0,0,0,0,1254009.524021134,1253781.097920284,228.427736453712,1253690.803440079,1253462.377339229,228.427736453712,1606421.055286437,1606141.385232955,279.6718811541796,0,0,0,0,0,0,562623.8673019931,562473.7237002179,150.1436017751694,1,1,1,,,1,1
1993,507,3758.42122499624,2714.744365930557,.72230977,1799191.206273921,1793265.87043184,5925.335842080414,1799161.206273921,1793235.87043184,5925.335842080414,1934506.28254962,1924583.050696731,9923.231852889061,1001.999973580241,0,1001.999973580241,10799.99980139732,0,10799.99980139732,5000.000043451786,0,5000.000043451786,342397.2087811604,342397.1047831476,.1039980128407478,342367.2087811604,342367.1047831476,.1039980128407478,473714.2646265626,473714.2646265626,0,0,0,0,0,0,0,1455792.004175484,1450868.772610188,4923.23156529665,1,1,1,,1,1,
1994,507,3758.42122499624,2714.744365930557,.72230977,1801442.391880304,1795154.998007536,6287.393872767687,1801442.392248303,1795154.998375535,6287.393872767687,1934506.28254962,1924583.050696731,9923.231852889061,1364.00003656745,0,1364.00003656745,10799.99980139732,0,10799.99980139732,5000.000043451786,0,5000.000043451786,344286.3786999583,344286.2164290249,.1622709333896637,344286.3790678382,344286.2167969048,.1622709333896637,473714.2646265626,473714.2646265626,0,0,0,0,0,0,0,1455792.004175484,1450868.772610188,4923.23156529665,.90988827,.91072261,.74806595,,.5,.63728827,
1995,507,3758.42122499624,2714.744365930557,.72230977,1779845.041326528,1773808.809280515,6036.232046013611,1779845.040958649,1773808.808912635,6036.232046013611,1934506.28254962,1924583.050696731,9923.231852889061,1113.000023901463,0,1113.000023901463,10799.99980139732,0,10799.99980139732,5000.000043451786,0,5000.000043451786,322940.0253494437,322940.0251367688,.0002126748731826,322940.0249815638,322940.024768889,.0002126748731826,473714.2646265626,473714.2646265626,0,0,0,0,0,0,0,1455792.004175484,1450868.772610188,4923.23156529665,1,1,1,,1,1,
1996,507,3758.42122499624,2714.744365930557,.72230977,1766868.628232211,1760868.298189104,6000.330043107271,1766868.628232211,1760868.298189104,6000.330043107271,1934506.28254962,1924583.050696731,9923.231852889061,1077.000007450581,0,1077.000007450581,10799.99980139732,0,10799.99980139732,5000.000043451786,0,5000.000043451786,309999.6197213233,309999.5216782093,.0980431139469147,309999.6197213233,309999.5216782093,.0980431139469147,473714.2646265626,473714.2646265626,0,0,0,0,0,0,0,1455792.004175484,1450868.772610188,4923.23156529665,1,1,1,,1,1,
1997,507,3758.42122499624,2714.744365930557,.72230977,1806544.505518869,1800431.130518615,6113.37500025332,1806544.505518869,1800431.130518615,6113.37500025332,1934506.28254962,1924583.050696731,9923.231852889061,1189.999970048666,0,1189.999970048666,10799.99980139732,0,10799.99980139732,5000.000043451786,0,5000.000043451786,349562.4894139618,349562.3460710943,.1433428674936295,349562.4894139618,349562.3460710943,.1433428674936295,473714.2646265626,473714.2646265626,0,0,0,0,0,0,0,1455792.004175484,1450868.772610188,4923.23156529665,.99309993,.99306434,1,,1,.97182208,
1998,507,3758.42122499624,2714.744365930557,.72230977,1721945.501726519,1715441.230309308,6504.271417211741,1721945.501726519,1715441.230309308,6504.271417211741,1934506.28254962,1924583.050696731,9923.231852889061,1581.000050216913,0,1581.000050216913,10799.99980139732,0,10799.99980139732,5000.000043451786,0,5000.000043451786,264572.504950922,264572.4653933942,.0395575277507305,264572.504950922,264572.4653933942,.0395575277507305,473714.2646265626,473714.2646265626,0,0,0,0,0,0,0,1455792.004175484,1450868.772610188,4923.23156529665,1,1,1,,1,1,
1999,507,3758.42122499624,2714.744365930557,.72230977,1840153.879514575,1833848.191217422,6305.688297152519,1840153.879514575,1833848.191217422,6305.688297152519,1934506.28254962,1924583.050696731,9923.231852889061,1381.999996855855,0,1381.999996855855,12489.99980139732,0,12489.99980139732,5000.000043451786,0,5000.000043451786,382979.8827903867,382979.4261774421,.4566129446029663,382979.8827903867,382979.4261774421,.4566129446029663,473714.2646265626,473714.2646265626,0,0,0,0,0,0,0,1455792.004175484,1450868.772610188,4923.23156529665,1,1,1,,1,1,
2000,507,3758.42122499624,2714.744365930557,.72230977,1852243.480125651,1845833.168602884,6410.311522766948,1852243.480125651,1845833.168602884,6410.311522766948,1934506.28254962,1924583.050696731,9923.231852889061,1486.999991729856,0,1486.999991729856,12489.99980139732,0,12489.99980139732,5000.000043451786,0,5000.000043451786,394964.4874352664,394964.407469511,.0799657553434372,394964.4874352664,394964.407469511,.0799657553434372,473714.2646265626,473714.2646265626,0,0,0,0,0,0,0,1455792.004175484,1450868.772610188,4923.23156529665,.99974155,1,.94961315,,.89999998,1,
2001,507,3758.42122499624,2714.744365930557,.72230977,1799055.925872147,1792554.130524755,6501.795347392559,1799055.925872147,1792554.130524755,6501.795347392559,1934506.28254962,1924583.050696731,9923.231852889061,1577.999981015921,0,1577.999981015921,13099.99980139732,0,13099.99980139732,5000.000043451786,0,5000.000043451786,341685.9257459641,341685.3619448543,.563801109790802,341685.9257459641,341685.3619448543,.563801109790802,473714.2646265626,473714.2646265626,0,0,0,0,0,0,0,1455792.004175484,1450868.772610188,4923.23156529665,.97082299,.97225732,.69264042,,.38999999,.88728827,
2002,507,3758.42122499624,2714.744365930557,.72230977,1827125.925029546,1820602.500543654,6523.424485892057,1827125.925145894,1820602.500660002,6523.424485892057,1934506.28254962,1924583.050696731,9923.231852889061,1599.999961525202,0,1599.999961525202,13099.99980139732,0,13099.99980139732,5000.000043451786,0,5000.000043451786,369733.908931464,369733.7164607048,.1924707591533661,369733.9090478122,369733.7165770531,.1924707591533661,473714.2646265626,473714.2646265626,0,0,0,0,0,0,0,1455792.004175484,1450868.772610188,4923.23156529665,.9992246,1,.84883958,,.69999999,1,
2003,507,3758.42122499624,2714.744365930557,.72230977,1789125.286009789,1782326.95058912,6798.335420668125,1789125.286329031,1782326.950908363,6798.335420668125,1934506.28254962,1924583.050696731,9923.231852889061,1875.000038534403,0,1875.000038534403,13099.99980139732,0,13099.99980139732,5000.000043451786,0,5000.000043451786,331458.2695925534,331458.1660198867,.10357266664505,331458.2699117959,331458.1663391292,.10357266664505,473714.2646265626,473714.2646265626,0,0,0,0,0,0,0,1455792.004175484,1450868.772610188,4923.23156529665,.99974155,1,.94961315,,.89999998,1,
2004,507,3758.42122499624,2714.744365930557,.72230977,1881795.363506347,1873997.702258825,7797.661247521639,1881795.363330394,1873997.702082872,7797.661247521639,1934506.28254962,1924583.050696731,9923.231852889061,2873.999956905842,0,2873.999956905842,13099.99980139732,0,13099.99980139732,5000.000043451786,0,5000.000043451786,423129.3472295702,423128.9176263213,.42960324883461,423129.3470538557,423128.9174506068,.42960324883461,473714.2646265626,473714.2646265626,0,0,0,0,0,0,0,1455792.004175484,1450868.772610188,4923.23156529665,.99909538,1,.82364619,,.64999998,1,
2005,507,3758.42122499624,2714.744365930557,.72230977,1771939.258964062,1764595.027195096,7344.231768965721,1771939.261790991,1764595.030022025,7344.231768965721,1934506.28254962,1924583.050696731,9923.231852889061,2420.999959588051,0,2420.999959588051,10799.99980139732,0,10799.99980139732,5000.000043451786,0,5000.000043451786,313726.2584337294,313726.2584337294,0,313726.2612606585,313726.2612606585,0,473714.2646265626,473714.2646265626,0,0,0,0,0,0,0,1455792.004175484,1450868.772610188,4923.23156529665,.99974155,1,.94961315,,.89999998,1,
2006,507,3758.42122499624,2714.744365930557,.72230977,1792633.502428792,1781900.214453101,10733.28797569126,1792633.505028509,1781900.217052817,10733.28797569126,1934506.28254962,1924583.050696731,9923.231852889061,5809.999776005745,0,5809.999776005745,10799.99980139732,0,10799.99980139732,5000.000043451786,0,5000.000043451786,331031.4897531793,331031.433607012,.0561461672186852,331031.4923527762,331031.436206609,.0561461672186852,473714.2646265626,473714.2646265626,0,0,0,0,0,0,0,1455792.004175484,1450868.772610188,4923.23156529665,1,1,1,,1,1,
2007,507,3758.42122499624,2714.744365930557,.72230977,1822110.031792223,1813903.800239027,8206.231553196907,1822110.02610594,1813903.794552743,8206.231553196907,1934506.28254962,1924583.050696731,9923.231852889061,3282.999987870455,0,3282.999987870455,10799.99980139732,0,10799.99980139732,5000.000043451786,0,5000.000043451786,363035.0309917033,363035.0309917033,0,363035.0253054202,363035.0253054202,0,473714.2646265626,473714.2646265626,0,0,0,0,0,0,0,1455792.004175484,1450868.772610188,4923.23156529665,.99896616,1,.79845273,,.60000002,1,
2008,507,3758.42122499624,2714.744365930557,.72230977,1806404.12977612,1799106.897767782,7297.232008337975,1806404.133136153,1799106.901127815,7297.232008337975,1934506.28254962,1924583.050696731,9923.231852889061,2373.999954730272,0,2373.999954730272,37099.99980139732,0,37099.99980139732,5000.000043451786,0,5000.000043451786,348238.1213142276,348238.1213142276,0,348238.1246740222,348238.1246740222,0,473714.2646265626,473714.2646265626,0,0,0,0,0,0,0,1455792.004175484,1450868.772610188,4923.23156529665,.95691937,.95838594,.67248577,,.34999999,.8309325,
2009,507,3758.42122499624,2714.744365930557,.72230977,1787766.419548631,1780148.187698722,7618.231849908829,1787766.416351199,1780148.18450129,7618.231849908829,1934506.28254962,1924583.050696731,9923.231852889061,2695.000040501356,0,2695.000040501356,37099.99980139732,0,37099.99980139732,5000.000043451786,0,5000.000043451786,329279.4070965648,329279.4070965648,0,329279.403899014,329279.403899014,0,473714.2646265626,473714.2646265626,0,0,0,0,0,0,0,1455792.004175484,1450868.772610188,4923.23156529665,.95704859,.95838594,.6976791,,.40000001,.8309325,
2010,507,3758.42122499624,2714.744365930557,.72230977,1797912.85620153,1789851.624362826,8061.231838703156,1797912.859542251,1789851.627703547,8061.231838703156,1934506.28254962,1924583.050696731,9923.231852889061,3138.000029295683,0,3138.000029295683,11330.99980139732,0,11330.99980139732,5000.000043451786,0,5000.000043451786,338982.8477907479,338982.8477907479,0,338982.8511315882,338982.8511315882,0,473714.2646265626,473714.2646265626,0,0,0,0,0,0,0,1455792.004175484,1450868.772610188,4923.23156529665,.99870765,1,.74806595,,.5,1,
2011,507,3758.42122499624,2714.744365930557,.72230977,1777504.790560424,1769192.558951676,8312.231608748436,1777504.789048374,1769192.557439625,8312.231608748436,1934506.28254962,1924583.050696731,9923.231852889061,3389.000043421984,0,3389.000043421984,12147.99980139732,0,12147.99980139732,5000.000043451786,0,5000.000043451786,318323.774594456,318323.774594456,0,318323.7730822861,318323.7730822861,0,473714.2646265626,473714.2646265626,0,0,0,0,0,0,0,1455792.004175484,1450868.772610188,4923.23156529665,.99948305,1,.89922637,,.80000001,1,
2012,507,3758.42122499624,2714.744365930557,.72230977,1784035.274991512,1775043.043045521,8992.231945991516,1784035.273806572,1775043.04186058,8992.231945991516,1934506.28254962,1924583.050696731,9923.231852889061,4068.999892354012,0,4068.999892354012,37099.99980139732,0,37099.99980139732,5000.000043451786,0,5000.000043451786,324174.2586594522,324174.2586594522,0,324174.2574745119,324174.2574745119,0,473714.2646265626,473714.2646265626,0,0,0,0,0,0,0,1455792.004175484,1450868.772610188,4923.23156529665,.99909538,1,.82364619,,.64999998,1,
2013,507,3758.42122499624,2714.744365930557,.72230977,1822558.730626464,1811877.499253035,10681.2313734293,1822558.73256886,1811877.501195431,10681.2313734293,1934506.28254962,1924583.050696731,9923.231852889061,5757.999808132648,0,5757.999808132648,37099.99980139732,0,37099.99980139732,5000.000043451786,0,5000.000043451786,361008.718529433,361008.718529433,0,361008.7204715908,361008.7204715908,0,473714.2646265626,473714.2646265626,0,0,0,0,0,0,0,1455792.004175484,1450868.772610188,4923.23156529665,.98106974,.98266083,.67248577,,.34999999,.92955518,
2014,507,3758.42122499624,2714.744365930557,.72230977,1715588.981545985,1704811.749623358,10777.2319226265,1715588.978962481,1704811.747039855,10777.2319226265,1934506.28254962,1924583.050696731,9923.231852889061,5853.999868988991,0,5853.999868988991,37099.99980139732,0,37099.99980139732,5000.000043451786,0,5000.000043451786,253942.9848907888,253942.9848907888,0,253942.9823072851,253942.9823072851,0,473714.2646265626,473714.2646265626,0,0,0,0,0,0,0,1455792.004175484,1450868.772610188,4923.23156529665,.88457483,.88644779,.52132529,,.050000001,.53866553,
2015,507,3758.42122499624,2714.744365930557,.72230977,1704471.875981748,1693781.644315064,10690.23166668415,1704471.875816762,1693781.644150078,10690.23166668415,1934506.28254962,1924583.050696731,9923.231852889061,5767.000101447105,0,5767.000101447105,37099.99980139732,0,37099.99980139732,5000.000043451786,0,5000.000043451786,242912.8597457707,242912.8597457707,0,242912.859580785,242912.859580785,0,473714.2646265626,473714.2646265626,0,0,0,0,0,0,0,1455792.004175484,1450868.772610188,4923.23156529665,.8849625,.88644779,.59690553,,.2,.53866553,
2016,507,3758.42122499624,2714.744365930557,.72230977,1755489.504799247,1746819.273263693,8670.231535553932,1755489.504799247,1746819.273263693,8670.231535553932,1934506.28254962,1924583.050696731,9923.231852889061,3746.999970301986,0,3746.999970301986,37099.99980139732,0,37099.99980139732,5000.000043451786,0,5000.000043451786,295950.5084090829,295950.5084090829,0,295950.5084090829,295950.5084090829,0,473714.2646265626,473714.2646265626,0,0,0,0,0,0,0,1455792.004175484,1450868.772610188,4923.23156529665,.99896616,1,.79845273,,.60000002,1,
2017,507,3758.42122499624,2714.744365930557,.72230977,1730825.557509124,1721836.325563729,8989.23194539547,1730825.561953723,1721836.330008328,8989.23194539547,1934506.28254962,1924583.050696731,9923.231852889061,4066.000013917685,0,4066.000013917685,37099.99980139732,0,37099.99980139732,5000.000043451786,0,5000.000043451786,270967.5606629848,270967.5606629848,0,270967.565107584,270967.565107584,0,473714.2646265626,473714.2646265626,0,0,0,0,0,0,0,1455792.004175484,1450868.772610188,4923.23156529665,.99961233,1,.92441982,,.85000002,1,
2018,507,3758.42122499624,2714.744365930557,.72230977,1762583.366810918,1752916.135003448,9667.231807470322,1762583.362366319,1752916.130558848,9667.231807470322,1934506.28254962,1924583.050696731,9923.231852889061,4743.999998092651,0,4743.999998092651,37099.99980139732,0,37099.99980139732,5000.000043451786,0,5000.000043451786,302047.354645431,302047.354645431,0,302047.3502008319,302047.3502008319,0,473714.2646265626,473714.2646265626,0,0,0,0,0,0,0,1455792.004175484,1450868.772610188,4923.23156529665,.99831998,1,.67248577,,.34999999,1,
2019,507,3758.42122499624,2714.744365930557,.72230977,1752420.895434678,1742887.663516104,9533.23191857338,1752420.897880375,1742887.665961802,9533.23191857338,1934506.28254962,1924583.050696731,9923.231852889061,4609.999987125397,0,4609.999987125397,37099.99980139732,0,37099.99980139732,5000.000043451786,0,5000.000043451786,292018.8831258714,292018.8831258714,0,292018.88557145,292018.88557145,0,473714.2646265626,473714.2646265626,0,0,0,0,0,0,0,1455792.004175484,1450868.772610188,4923.23156529665,.99935383,1,.87403297,,.75,1,
2020,507,3758.42122499624,2714.744365930557,.72230977,1755198.949191153,1745277.717172682,9921.232018470764,1755198.951463759,1745277.719445288,9921.232018470764,1934506.28254962,1924583.050696731,9923.231852889061,4997.999964952469,0,4997.999964952469,37099.99980139732,0,37099.99980139732,5000.000043451786,0,5000.000043451786,294408.9365689456,294408.9365689456,0,294408.9388413131,294408.9388413131,0,473714.2646265626,473714.2646265626,0,0,0,0,0,0,0,1455792.004175484,1450868.772610188,4923.23156529665,.96343178,.9653216,.59690553,,.2,.85911036,
2021,507,3758.42122499624,2714.744365930557,.72230977,1677315.750973046,1667936.519245446,9379.231727600098,1677315.750716031,1667936.518988431,9379.231727600098,1934506.28254962,1924583.050696731,9923.231852889061,4456.000040233135,0,4456.000040233135,37099.99980139732,0,37099.99980139732,5000.000043451786,0,5000.000043451786,217067.7423666418,217067.7423666418,0,217067.7421096265,217067.7421096265,0,473714.2646265626,473714.2646265626,0,0,0,0,0,0,0,1455792.004175484,1450868.772610188,4923.23156529665,.88457483,.88644779,.52132529,,.050000001,.53866553,
2022,507,3758.42122499624,2714.744365930557,.72230977,1522610.918503433,1513723.686921507,8887.231581926346,1522610.914042503,1513723.682460576,8887.231581926346,1934506.28254962,1924583.050696731,9923.231852889061,3964.000016599894,0,3964.000016599894,37099.99980139732,0,37099.99980139732,5000.000043451786,0,5000.000043451786,62854.90349567682,62854.90349567682,0,62854.89903477579,62854.89903477579,0,473714.2646265626,473714.2646265626,0,0,0,0,0,0,0,1455792.004175484,1450868.772610188,4923.23156529665,.78432602,.78568208,.52132529,,.050000001,.12927973,
2023,507,3758.42122499624,2714.744365930557,.72230977,1763601.602700591,1754469.370771766,9132.231928825378,1763601.602700591,1754469.370771766,9132.231928825378,1934506.28254962,1924583.050696731,9923.231852889061,4208.999997347593,0,4208.999997347593,37099.99980139732,0,37099.99980139732,5000.000043451786,0,5000.000043451786,303600.5866431296,303600.5866431296,0,303600.5866431296,303600.5866431296,0,473714.2646265626,473714.2646265626,0,0,0,0,0,0,0,1455792.004175484,1450868.772610188,4923.23156529665,1,1,1,,1,1,
2024,507,3758.42122499624,2714.744365930557,.72230977,1790740.573810816,1781884.342196226,8856.231614589691,1790740.573810816,1781884.342196226,8856.231614589691,1934506.28254962,1924583.050696731,9923.231852889061,3933.000049263239,0,3933.000049263239,37099.99980139732,0,37099.99980139732,5000.000043451786,0,5000.000043451786,331015.5578097701,331015.5578097701,0,331015.5578097701,331015.5578097701,0,473714.2646265626,473714.2646265626,0,0,0,0,0,0,0,1455792.004175484,1450868.772610188,4923.23156529665,.99844921,1,.6976791,,.40000001,1,
1993,508,19527.58834835278,64.26786745537538,.0032911319,1367262.910513268,1328192.151339032,39070.76163264361,1367262.910513268,1328192.151339032,39070.76163264361,1376906.617362212,1332902.677625157,44003.93965286231,442.1215391102924,0,442.1215391102924,1155.092370912091,0,1155.092370912091,1035.600001599923,0,1035.600001599923,0,0,0,0,0,0,9050.222252421081,4710.523027420044,4339.699527211487,0,0,0,0,0,0,1366820.791854934,1328192.151339032,38628.63842121063,1,1,1,,1,1,1
1994,508,19527.58834835278,64.26786745537538,.0032911319,1367310.707436391,1328192.151339032,39118.55855576604,1367310.707436391,1328192.151339032,39118.55855576604,1376906.617362212,1332902.677625157,44003.93965286231,489.918462232712,0,489.918462232712,1194.923078996348,0,1194.923078996348,1035.600001599923,0,1035.600001599923,0,0,0,0,0,0,9050.222252421081,4710.523027420044,4339.699527211487,0,0,0,0,0,0,1366820.791854934,1328192.151339032,38628.63842121063,.99766076,.99911648,.96357775,,.5,.75,.75
1995,508,19527.58834835278,64.26786745537538,.0032911319,1367127.485897681,1328192.151339032,38935.33701705619,1367127.485897681,1328192.151339032,38935.33701705619,1376906.617362212,1332902.677625157,44003.93965286231,306.6969235228662,0,306.6969235228662,1244.711495072348,0,1244.711495072348,1035.600001599923,0,1035.600001599923,0,0,0,0,0,0,9050.222252421081,4710.523027420044,4339.699527211487,0,0,0,0,0,0,1366820.791854934,1328192.151339032,38628.63842121063,.99960738,.99982327,.99506897,,1,.94999999,.94999999
1996,508,19527.58834835278,64.26786745537538,.0032911319,1367179.265897808,1328192.151339032,38987.11701718296,1367179.265897808,1328192.151339032,38987.11701718296,1376906.617362212,1332902.677625157,44003.93965286231,358.4769236496395,0,358.4769236496395,1294.500032279408,0,1294.500032279408,1035.600001599923,0,1035.600001599923,0,0,0,0,0,0,9050.222252421081,4710.523027420044,4339.699527211487,0,0,0,0,0,0,1366820.791854934,1328192.151339032,38628.63842121063,1,1,1,,1,1,1
1997,508,19527.58834835278,64.26786745537538,.0032911319,1367050.811674487,1328192.151339032,38858.66279386255,1367050.811674487,1328192.151339032,38858.66279386255,1376906.617362212,1332902.677625157,44003.93965286231,230.0227003292275,0,230.0227003292275,1344.288448375431,0,1344.288448375431,1035.600001599923,0,1035.600001599923,0,0,0,0,0,0,9050.222252421081,4710.523027420044,4339.699527211487,0,0,0,0,0,0,1366820.791854934,1328192.151339032,38628.63842121063,.99960738,.99982327,.99506897,,1,.94999999,.94999999
1998,508,19527.58834835278,64.26786745537538,.0032911319,1366820.788974158,1328192.151339032,38628.64009353332,1366820.788974158,1328192.151339032,38628.64009353332,1376906.617362212,1332902.677625157,44003.93965286231,0,0,0,1394.076986521279,0,1394.076986521279,1035.600001599923,0,1035.600001599923,0,0,0,0,0,0,9050.222252421081,4710.523027420044,4339.699527211487,0,0,0,0,0,0,1366820.791854934,1328192.151339032,38628.63842121063,1,1,1,,1,1,1
1999,508,19527.58834835278,64.26786745537538,.0032911319,1366820.788974158,1328192.151339032,38628.64009353332,1366820.788974158,1328192.151339032,38628.64009353332,1376906.617362212,1332902.677625157,44003.93965286231,0,0,0,1443.865402612166,0,1443.865402612166,1035.600001599923,0,1035.600001599923,0,0,0,0,0,0,9050.222252421081,4710.523027420044,4339.699527211487,0,0,0,0,0,0,1366820.791854934,1328192.151339032,38628.63842121063,.99960738,.99982327,.99506897,,1,.94999999,.94999999
2000,508,19527.58834835278,64.26786745537538,.0032911319,1366820.788974158,1328192.151339032,38628.64009353332,1366820.788974158,1328192.151339032,38628.64009353332,1376906.617362212,1332902.677625157,44003.93965286231,0,0,0,1503.61152576255,0,1503.61152576255,1035.600001599923,0,1035.600001599923,0,0,0,0,0,0,9050.222252421081,4710.523027420044,4339.699527211487,0,0,0,0,0,0,1366820.791854934,1328192.151339032,38628.63842121063,.99992478,1,.99764657,,.89999998,1,1
2001,508,19527.58834835278,64.26786745537538,.0032911319,1366820.788974158,1328192.151339032,38628.64009353332,1366820.788974158,1328192.151339032,38628.64009353332,1376906.617362212,1332902.677625157,44003.93965286231,0,0,0,1563.357648898018,0,1563.357648898018,1035.600001599923,0,1035.600001599923,0,0,0,0,0,0,9050.222252421081,4710.523027420044,4339.699527211487,0,0,0,0,0,0,1366820.791854934,1328192.151339032,38628.63842121063,.99836332,.99946988,.970851,,.38999999,.85000002,.85000002
2002,508,19527.58834835278,64.26786745537538,.0032911319,1366820.788974158,1328192.151339032,38628.64009353332,1366820.788974158,1328192.151339032,38628.64009353332,1376906.617362212,1332902.677625157,44003.93965286231,0,0,0,1623.103895065389,0,1623.103895065389,1035.600001599923,0,1035.600001599923,0,0,0,0,0,0,9050.222252421081,4710.523027420044,4339.699527211487,0,0,0,0,0,0,1366820.791854934,1328192.151339032,38628.63842121063,.99977434,1,.99293971,,.69999999,1,1
2003,508,19527.58834835278,64.26786745537538,.0032911319,1366820.788974158,1328192.151339032,38628.64009353332,1366820.788974158,1328192.151339032,38628.64009353332,1376906.617362212,1332902.677625157,44003.93965286231,0,0,0,1682.850018215773,0,1682.850018215773,1035.600001599923,0,1035.600001599923,0,0,0,0,0,0,9050.222252421081,4710.523027420044,4339.699527211487,0,0,0,0,0,0,1366820.791854934,1328192.151339032,38628.63842121063,.99992478,1,.99764657,,.89999998,1,1
2004,508,19527.58834835278,64.26786745537538,.0032911319,1366820.788974158,1328192.151339032,38628.64009353332,1366820.788974158,1328192.151339032,38628.64009353332,1376906.617362212,1332902.677625157,44003.93965286231,0,0,0,0,0,0,1035.600001599923,0,1035.600001599923,0,0,0,0,0,0,9050.222252421081,4710.523027420044,4339.699527211487,0,0,0,0,0,0,1366820.791854934,1328192.151339032,38628.63842121063,.99973679,1,.991763,,.64999998,1,1
2005,508,19527.58834835278,64.26786745537538,.0032911319,1366820.788974158,1328192.151339032,38628.64009353332,1366820.788974158,1328192.151339032,38628.64009353332,1376906.617362212,1332902.677625157,44003.93965286231,0,0,0,0,0,0,1035.600001599923,0,1035.600001599923,0,0,0,0,0,0,9050.222252421081,4710.523027420044,4339.699527211487,0,0,0,0,0,0,1366820.791854934,1328192.151339032,38628.63842121063,.99992478,1,.99764657,,.89999998,1,1
2006,508,19527.58834835278,64.26786745537538,.0032911319,1366820.788974158,1328192.151339032,38628.64009353332,1366820.788974158,1328192.151339032,38628.64009353332,1376906.617362212,1332902.677625157,44003.93965286231,0,0,0,322.6292313056983,0,322.6292313056983,1035.600001599923,0,1035.600001599923,0,0,0,0,0,0,9050.222252421081,4710.523027420044,4339.699527211487,0,0,0,0,0,0,1366820.791854934,1328192.151339032,38628.63842121063,1,1,1,,1,1,1
2007,508,19527.58834835278,64.26786745537538,.0032911319,1366820.788974158,1328192.151339032,38628.64009353332,1366820.788974158,1328192.151339032,38628.64009353332,1376906.617362212,1332902.677625157,44003.93965286231,0,0,0,716.953847299279,0,716.953847299279,1035.600001599923,0,1035.600001599923,0,0,0,0,0,0,9050.222252421081,4710.523027420044,4339.699527211487,0,0,0,0,0,0,1366820.791854934,1328192.151339032,38628.63842121063,.99969918,1,.99058628,,.60000002,1,1
2008,508,19527.58834835278,64.26786745537538,.0032911319,1367062.760905269,1328192.151339032,38870.61202464429,1367062.760905269,1328192.151339032,38870.61202464429,1376906.617362212,1332902.677625157,44003.93965286231,241.9719311109675,0,241.9719311109675,2011.453880056928,0,2011.453880056928,1035.600001599923,0,1035.600001599923,0,0,0,0,0,0,9050.222252421081,4710.523027420044,4339.699527211487,0,0,0,0,0,0,1366820.791854934,1328192.151339032,38628.63842121063,.99754792,.99911648,.9600476,,.34999999,.75,.75
2009,508,19527.58834835278,64.26786745537538,.0032911319,1367019.942820657,1328192.151339032,38827.7939400324,1367019.942820657,1328192.151339032,38827.7939400324,1376906.617362212,1332902.677625157,44003.93965286231,199.1538464990808,0,199.1538464990808,2081.15771122092,0,2081.15771122092,1035.600001599923,0,1035.600001599923,0,0,0,0,0,0,9050.222252421081,4710.523027420044,4339.699527211487,0,0,0,0,0,0,1366820.791854934,1328192.151339032,38628.63842121063,.99954873,1,.98587942,,.40000001,1,1
2010,508,19527.58834835278,64.26786745537538,.0032911319,1367062.760905269,1328192.151339032,38870.61202464429,1367062.760905269,1328192.151339032,38870.61202464429,1376906.617362212,1332902.677625157,44003.93965286231,241.9719311109675,0,241.9719311109675,2150.861664444979,0,2150.861664444979,1035.600001599923,0,1035.600001599923,0,0,0,0,0,0,9050.222252421081,4710.523027420044,4339.699527211487,0,0,0,0,0,0,1366820.791854934,1328192.151339032,38628.63842121063,.99962395,1,.98823285,,.5,1,1
2011,508,19527.58834835278,64.26786745537538,.0032911319,1366918.374358904,1328192.151339032,38726.22547827935,1366918.374358904,1328192.151339032,38726.22547827935,1376906.617362212,1332902.677625157,44003.93965286231,97.58538474602574,0,97.58538474602574,2230.523080591156,0,2230.523080591156,1035.600001599923,0,1035.600001599923,0,0,0,0,0,0,9050.222252421081,4710.523027420044,4339.699527211487,0,0,0,0,0,0,1366820.791854934,1328192.151339032,38628.63842121063,.99984956,1,.99529314,,.80000001,1,1
2012,508,19527.58834835278,64.26786745537538,.0032911319,1366899.454743541,1328192.151339032,38707.3058629163,1366899.454743541,1328192.151339032,38707.3058629163,1376906.617362212,1332902.677625157,44003.93965286231,78.66576938298022,0,78.66576938298022,2310.184741824181,0,2310.184741824181,1035.600001599923,0,1035.600001599923,0,0,0,0,0,0,9050.222252421081,4710.523027420044,4339.699527211487,0,0,0,0,0,0,1366820.791854934,1328192.151339032,38628.63842121063,.99973679,1,.991763,,.64999998,1,1
2013,508,19527.58834835278,64.26786745537538,.0032911319,1367185.240528575,1328192.151339032,38993.09164795066,1367185.240528575,1328192.151339032,38993.09164795066,1376906.617362212,1332902.677625157,44003.93965286231,364.451554417341,0,364.451554417341,2399.803865998867,0,2399.803865998867,1035.600001599923,0,1035.600001599923,0,0,0,0,0,0,9050.222252421081,4710.523027420044,4339.699527211487,0,0,0,0,0,0,1366820.791854934,1328192.151339032,38628.63842121063,.99754792,.99911648,.9600476,,.34999999,.75,.75
2014,508,19527.58834835278,64.26786745537538,.0032911319,1367070.72705916,1328192.151339032,38878.57817853542,1367070.72705916,1328192.151339032,38878.57817853542,1376906.617362212,1332902.677625157,44003.93965286231,249.9380850020934,0,249.9380850020934,2489.422990144696,0,2489.422990144696,1035.600001599923,0,1035.600001599923,0,0,0,0,0,0,9050.222252421081,4710.523027420044,4339.699527211487,0,0,0,0,0,0,1366820.791854934,1328192.151339032,38628.63842121063,.99535912,.99823296,.92833215,,.050000001,.5,.5
2015,508,19527.58834835278,64.26786745537538,.0032911319,1367104.58321312,1328192.151339032,38912.43433249481,1367104.58321312,1328192.151339032,38912.43433249481,1376906.617362212,1332902.677625157,44003.93965286231,283.7942389614946,0,283.7942389614946,2589.000064558815,0,2589.000064558815,1035.600001599923,0,1035.600001599923,0,0,0,0,0,0,9050.222252421081,4710.523027420044,4339.699527211487,0,0,0,0,0,0,1366820.791854934,1328192.151339032,38628.63842121063,.99350882,.9973495,.90720713,,.2,.25,.25
2016,508,19527.58834835278,64.26786745537538,.0032911319,1367206.151659376,1328192.151339032,39014.0027787509,1367206.151659376,1328192.151339032,39014.0027787509,1376906.617362212,1332902.677625157,44003.93965286231,385.362685217573,0,385.362685217573,2688.576896750863,0,2688.576896750863,1035.600001599923,0,1035.600001599923,0,0,0,0,0,0,9050.222252421081,4710.523027420044,4339.699527211487,0,0,0,0,0,0,1366820.791854934,1328192.151339032,38628.63842121063,.99969918,1,.99058628,,.60000002,1,1
2017,508,19527.58834835278,64.26786745537538,.0032911319,1367182.253197811,1328192.151339032,38990.10431718649,1367182.253197811,1328192.151339032,38990.10431718649,1376906.617362212,1332902.677625157,44003.93965286231,361.4642236531618,0,361.4642236531618,2688.576896750863,0,2688.576896750863,1035.600001599923,0,1035.600001599923,0,0,0,0,0,0,9050.222252421081,4710.523027420044,4339.699527211487,0,0,0,0,0,0,1366820.791854934,1328192.151339032,38628.63842121063,.99988717,1,.99646986,,.85000002,1,1
2018,508,19527.58834835278,64.26786745537538,.0032911319,1367326.639744174,1328192.151339032,39134.49086354922,1367326.639744174,1328192.151339032,39134.49086354922,1376906.617362212,1332902.677625157,44003.93965286231,505.8507700158953,0,505.8507700158953,2688.576896750863,0,2688.576896750863,1035.600001599923,0,1035.600001599923,0,0,0,0,0,0,9050.222252421081,4710.523027420044,4339.699527211487,0,0,0,0,0,0,1366820.791854934,1328192.151339032,38628.63842121063,.99951112,1,.98470271,,.34999999,1,1
2019,508,19527.58834835278,64.26786745537538,.0032911319,1367254.944359496,1328192.151339032,39062.7954788717,1367254.944359496,1328192.151339032,39062.7954788717,1376906.617362212,1332902.677625157,44003.93965286231,434.1553853383775,0,434.1553853383775,2688.576896750863,0,2688.576896750863,1035.600001599923,0,1035.600001599923,0,0,0,0,0,0,9050.222252421081,4710.523027420044,4339.699527211487,0,0,0,0,0,0,1366820.791854934,1328192.151339032,38628.63842121063,.99981195,1,.99411643,,.75,1,1
2020,508,19527.58834835278,64.26786745537538,.0032911319,1367225.071297687,1328192.151339032,39032.92241706182,1367225.071297687,1328192.151339032,39032.92241706182,1376906.617362212,1332902.677625157,44003.93965286231,404.2823235284959,0,404.2823235284959,2688.576896750863,0,2688.576896750863,1035.600001599923,0,1035.600001599923,0,0,0,0,0,0,9050.222252421081,4710.523027420044,4339.699527211487,0,0,0,0,0,0,1366820.791854934,1328192.151339032,38628.63842121063,.99743515,.99911648,.95651746,,.2,.75,.75
2021,508,19527.58834835278,64.26786745537538,.0032911319,1367198.185505598,1328192.151339032,39006.03662497339,1367198.185505598,1328192.151339032,39006.03662497339,1376906.617362212,1332902.677625157,44003.93965286231,377.3965314400702,0,377.3965314400702,2688.576896750863,0,2688.576896750863,1035.600001599923,0,1035.600001599923,0,0,0,0,0,0,9050.222252421081,4710.523027420044,4339.699527211487,0,0,0,0,0,0,1366820.791854934,1328192.151339032,38628.63842121063,.99339598,.9973495,.90367699,,.050000001,.25,.25
2022,508,19527.58834835278,64.26786745537538,.0032911319,1367263.906290271,1328192.151339032,39071.75740964666,1367263.906290271,1328192.151339032,39071.75740964666,1376906.617362212,1332902.677625157,44003.93965286231,443.1173161133302,0,443.1173161133302,2688.576896750863,0,2688.576896750863,1035.600001599923,0,1035.600001599923,0,0,0,0,0,0,9050.222252421081,4710.523027420044,4339.699527211487,0,0,0,0,0,0,1366820.791854934,1328192.151339032,38628.63842121063,.99261069,.9969961,.89381492,,.050000001,.15000001,.15000001
2023,508,19527.58834835278,64.26786745537538,.0032911319,1367174.287044041,1328192.151339032,38982.13816341631,1367174.287044041,1328192.151339032,38982.13816341631,1376906.617362212,1332902.677625157,44003.93965286231,353.4980698829931,0,353.4980698829931,2688.576896750863,0,2688.576896750863,1035.600001599923,0,1035.600001599923,0,0,0,0,0,0,9050.222252421081,4710.523027420044,4339.699527211487,0,0,0,0,0,0,1366820.791854934,1328192.151339032,38628.63842121063,1,1,1,,1,1,1
2024,508,19527.58834835278,64.26786745537538,.0032911319,1367213.122066907,1328192.151339032,39020.97318628229,1367213.122066907,1328192.151339032,39020.97318628229,1376906.617362212,1332902.677625157,44003.93965286231,392.333092748966,0,392.333092748966,2688.576896750863,0,2688.576896750863,1035.600001599923,0,1035.600001599923,0,0,0,0,0,0,9050.222252421081,4710.523027420044,4339.699527211487,0,0,0,0,0,0,1366820.791854934,1328192.151339032,38628.63842121063,.99954873,1,.98587942,,.40000001,1,1
1993,509,2476.9116125556,1339.016429901123,.54059923,790376.3303112127,775134.4153802693,15241.91981178895,790376.3303112127,775134.4153802693,15241.91981178895,823651.9186660685,811787.1492536366,11864.77527258173,12429.54780781269,0,12429.54780781269,11131.25049713254,0,11131.25049713254,9052.403268605471,0,9052.403268605471,26118.42002296448,26118.42002296448,0,26118.42002296448,26118.42002296448,0,62771.15389633179,62771.15389633179,0,0,0,0,0,0,0,751828.3673612811,749015.9953573048,2812.372003976256,1,1,1,,1,1,
1994,509,2476.9116125556,1339.016429901123,.54059923,799111.3855422474,785540.4146097004,13570.96995509043,799111.3855422474,785540.4146097004,13570.96995509043,823651.9186660685,811787.1492536366,11864.77527258173,10758.59795111418,0,10758.59795111418,11961.9437096417,0,11961.9437096417,9052.403268605471,0,9052.403268605471,36524.41925239563,36524.41925239563,0,36524.41925239563,36524.41925239563,0,62771.15389633179,62771.15389633179,0,0,0,0,0,0,0,751828.3673612811,749015.9953573048,2812.372003976256,.96883041,.97718251,.6185177,,.5,.70491272,
1995,509,2476.9116125556,1339.016429901123,.54059923,775958.9194825329,764054.092128545,11904.8234484531,775958.9194825329,764054.092128545,11904.8234484531,823651.9186660685,811787.1492536366,11864.77527258173,9092.451444476843,0,9092.451444476843,14590.01276934147,0,14590.01276934147,9052.403268605471,0,9052.403268605471,15038.09677124023,15038.09677124023,0,15038.09677124023,15038.09677124023,0,62771.15389633179,62771.15389633179,0,0,0,0,0,0,0,751828.3673612811,749015.9953573048,2812.372003976256,.99999565,1,1,,1,1,
1996,509,2476.9116125556,1339.016429901123,.54059923,782787.8064528741,767197.1520154774,15590.65541050211,782787.8064528741,767197.1520154774,15590.65541050211,823651.9186660685,811787.1492536366,11864.77527258173,12778.28340652585,0,12778.28340652585,16102.17602938414,0,16102.17602938414,9052.403268605471,0,9052.403268605471,18181.15665817261,18181.15665817261,0,18181.15665817261,18181.15665817261,0,62771.15389633179,62771.15389633179,0,0,0,0,0,0,0,751828.3673612811,749015.9953573048,2812.372003976256,1,1,1,,1,1,
1997,509,2476.9116125556,1339.016429901123,.54059923,798709.2451003529,781614.7958486378,17094.44339019433,798709.2451003529,781614.7958486378,17094.44339019433,823651.9186660685,811787.1492536366,11864.77527258173,14282.07138621807,0,14282.07138621807,16293.98983430862,0,16293.98983430862,9052.403268605471,0,9052.403268605471,32598.80049133301,32598.80049133301,0,32598.80049133301,32598.80049133301,0,62771.15389633179,62771.15389633179,0,0,0,0,0,0,0,751828.3673612811,749015.9953573048,2812.372003976256,.99905676,.9991284,1,,1,.98872817,
1998,509,2476.9116125556,1339.016429901123,.54059923,771848.1183196045,756356.587264806,15491.52519619837,771848.1183196045,756356.587264806,15491.52519619837,823651.9186660685,811787.1492536366,11864.77527258173,12679.15319222212,0,12679.15319222212,16490.06458336115,0,16490.06458336115,9052.403268605471,0,9052.403268605471,7340.591907501221,7340.591907501221,0,7340.591907501221,7340.591907501221,0,62771.15389633179,62771.15389633179,0,0,0,0,0,0,0,751828.3673612811,749015.9953573048,2812.372003976256,1,1,1,,1,1,
1999,509,2476.9116125556,1339.016429901123,.54059923,799508.9165207483,781893.3452585042,17615.56833124533,799508.9165207483,781893.3452585042,17615.56833124533,823651.9186660685,811787.1492536366,11864.77527258173,14803.19632726908,0,14803.19632726908,16686.96092796326,0,16686.96092796326,9052.403268605471,0,9052.403268605471,32877.35014533997,32877.35014533997,0,32877.35014533997,32877.35014533997,0,62771.15389633179,62771.15389633179,0,0,0,0,0,0,0,751828.3673612811,749015.9953573048,2812.372003976256,.99999565,1,1,,1,1,
2000,509,2476.9116125556,1339.016429901123,.54059923,806529.0722887255,787950.155836612,18578.91547698155,806529.0722887255,787950.155836612,18578.91547698155,823651.9186660685,811787.1492536366,11864.77527258173,15766.54347300529,0,15766.54347300529,16878.73687517643,0,16878.73687517643,9052.403268605471,0,9052.403268605471,38934.1607234478,38934.1607234478,0,38934.1607234478,38934.1607234478,0,62771.15389633179,62771.15389633179,0,0,0,0,0,0,0,751828.3673612811,749015.9953573048,2812.372003976256,.99837202,1,.92370355,,.89999998,1,
2001,509,2476.9116125556,1339.016429901123,.54059923,805370.8351220526,787825.4391839802,17545.39105406776,805370.8351220526,787825.4391839802,17545.39105406776,823651.9186660685,811787.1492536366,11864.77527258173,14733.01905009151,0,14733.01905009151,19527.28072464466,0,19527.28072464466,9052.403268605471,0,9052.403268605471,38809.44407081604,38809.44407081604,0,38809.44407081604,38809.44407081604,0,62771.15389633179,62771.15389633179,0,0,0,0,0,0,0,751828.3673612811,749015.9953573048,2812.372003976256,.98630071,.99651366,.53459162,,.38999999,.95491272,
2002,509,2476.9116125556,1339.016429901123,.54059923,807390.4051284529,788153.0010526478,19237.40993541852,807390.4051284529,788153.0010526478,19237.40993541852,823651.9186660685,811787.1492536366,11864.77527258173,16425.03793144226,0,16425.03793144226,19723.29290401936,0,19723.29290401936,9052.403268605471,0,9052.403268605471,39137.00569534302,39137.00569534302,0,39137.00569534302,39137.00569534302,0,62771.15389633179,62771.15389633179,0,0,0,0,0,0,0,751828.3673612811,749015.9953573048,2812.372003976256,.99511606,1,.77111059,,.69999999,1,
2003,509,2476.9116125556,1339.016429901123,.54059923,791809.3923898973,774534.8642223179,17274.53304776922,791809.3923898973,774534.8642223179,17274.53304776922,823651.9186660685,811787.1492536366,11864.77527258173,14462.16104379296,0,14462.16104379296,19919.30313003063,0,19919.30313003063,9052.403268605471,0,9052.403268605471,25518.86886501312,25518.86886501312,0,25518.86886501312,25518.86886501312,0,62771.15389633179,62771.15389633179,0,0,0,0,0,0,0,751828.3673612811,749015.9953573048,2812.372003976256,.99837202,1,.92370355,,.89999998,1,
2004,509,2476.9116125556,1339.016429901123,.54059923,810423.7561482228,789294.124784261,21129.63721976057,810423.7561482228,789294.124784261,21129.63721976057,823651.9186660685,811787.1492536366,11864.77527258173,18317.26521578431,0,18317.26521578431,20111.05554139614,0,20111.05554139614,9052.403268605471,0,9052.403268605471,40278.12942695618,40278.12942695618,0,40278.12942695618,40278.12942695618,0,62771.15389633179,62771.15389633179,0,0,0,0,0,0,0,751828.3673612811,749015.9953573048,2812.372003976256,.99430209,1,.73296237,,.64999998,1,
2005,509,2476.9116125556,1339.016429901123,.54059923,792949.162038628,774027.169088155,18921.99197200313,792949.162038628,774027.169088155,18921.99197200313,823651.9186660685,811787.1492536366,11864.77527258173,16109.61996802688,0,16109.61996802688,20132.43873226643,0,20132.43873226643,9052.403268605471,0,9052.403268605471,25011.17373085022,25011.17373085022,0,25011.17373085022,25011.17373085022,0,62771.15389633179,62771.15389633179,0,0,0,0,0,0,0,751828.3673612811,749015.9953573048,2812.372003976256,.99837202,1,.92370355,,.89999998,1,
2006,509,2476.9116125556,1339.016429901123,.54059923,788645.6123432554,770704.4789197743,17941.12951818481,788645.6123432554,770704.4789197743,17941.12951818481,823651.9186660685,811787.1492536366,11864.77527258173,15128.75751420856,0,15128.75751420856,20153.8121086359,0,20153.8121086359,9052.403268605471,0,9052.403268605471,21688.48356246948,21688.48356246948,0,21688.48356246948,21688.48356246948,0,62771.15389633179,62771.15389633179,0,0,0,0,0,0,0,751828.3673612811,749015.9953573048,2812.372003976256,1,1,1,,1,1,
2007,509,2476.9116125556,1339.016429901123,.54059923,808020.5799367167,785059.6782205403,22960.89976066723,808020.5799367167,785059.6782205403,22960.89976066723,823651.9186660685,811787.1492536366,11864.77527258173,20148.52775669098,0,20148.52775669098,20175.18353128433,0,20175.18353128433,9052.403268605471,0,9052.403268605471,36043.68286323547,36043.68286323547,0,36043.68286323547,36043.68286323547,0,62771.15389633179,62771.15389633179,0,0,0,0,0,0,0,751828.3673612811,749015.9953573048,2812.372003976256,.99348813,1,.69481421,,.60000002,1,
2008,509,2476.9116125556,1339.016429901123,.54059923,801965.2522354461,781550.7982614338,20414.45593023673,801965.2522354461,781550.7982614338,20414.45593023673,823651.9186660685,811787.1492536366,11864.77527258173,17602.08392626047,0,17602.08392626047,20196.5569075346,0,20196.5569075346,9052.403268605471,0,9052.403268605471,32534.80290412903,32534.80290412903,0,32534.80290412903,32534.80290412903,0,62771.15389633179,62771.15389633179,0,0,0,0,0,0,0,751828.3673612811,749015.9953573048,2812.372003976256,.98376298,.99477047,.50407302,,.34999999,.93236911,
2009,509,2476.9116125556,1339.016429901123,.54059923,814514.2980477549,798517.1835782826,15997.11837822571,814514.2980477549,798517.1835782826,15997.11837822571,823651.9186660685,811787.1492536366,11864.77527258173,13184.74637424946,0,13184.74637424946,20217.92833018303,0,20217.92833018303,9052.403268605471,0,9052.403268605471,49501.18822097778,49501.18822097778,0,49501.18822097778,49501.18822097778,0,62771.15389633179,62771.15389633179,0,0,0,0,0,0,0,751828.3673612811,749015.9953573048,2812.372003976256,.98459876,.99477047,.54222125,,.40000001,.93236911,
2010,509,2476.9116125556,1339.016429901123,.54059923,800064.1381399967,784123.740648061,15940.40139943734,800064.1381399967,784123.740648061,15940.40139943734,823651.9186660685,811787.1492536366,11864.77527258173,13128.02939546108,0,13128.02939546108,20240.5196775198,0,20240.5196775198,9052.403268605471,0,9052.403268605471,35107.74529075623,35107.74529075623,0,35107.74529075623,35107.74529075623,0,62771.15389633179,62771.15389633179,0,0,0,0,0,0,0,751828.3673612811,749015.9953573048,2812.372003976256,.99186009,1,.6185177,,.5,1,
2011,509,2476.9116125556,1339.016429901123,.54059923,796641.6132635213,781902.9956605732,14738.62541360036,796641.6132635213,781902.9956605732,14738.62541360036,823651.9186660685,811787.1492536366,11864.77527258173,11926.2534096241,0,11926.2534096241,20261.81460952759,0,20261.81460952759,9052.403268605471,0,9052.403268605471,32887.00030326843,32887.00030326843,0,32887.00030326843,32887.00030326843,0,62771.15389633179,62771.15389633179,0,0,0,0,0,0,0,751828.3673612811,749015.9953573048,2812.372003976256,.99674404,1,.8474071,,.80000001,1,
2012,509,2476.9116125556,1339.016429901123,.54059923,802999.347459469,787685.2185437977,15314.13574904576,802999.347459469,787685.2185437977,15314.13574904576,823651.9186660685,811787.1492536366,11864.77527258173,12501.7637450695,0,12501.7637450695,20283.11149466038,0,20283.11149466038,9052.403268605471,0,9052.403268605471,38669.22343063354,38669.22343063354,0,38669.22343063354,38669.22343063354,0,62771.15389633179,62771.15389633179,0,0,0,0,0,0,0,751828.3673612811,749015.9953573048,2812.372003976256,.99430209,1,.73296237,,.64999998,1,
2013,509,2476.9116125556,1339.016429901123,.54059923,805812.5206202008,787719.9192216694,18092.59651703015,805812.5206202008,787719.9192216694,18092.59651703015,823651.9186660685,811787.1492536366,11864.77527258173,15280.22451305389,0,15280.22451305389,20304.40642666817,0,20304.40642666817,9052.403268605471,0,9052.403268605471,38703.92386436462,38703.92386436462,0,38703.92386436462,38703.92386436462,0,62771.15389633179,62771.15389633179,0,0,0,0,0,0,0,751828.3673612811,749015.9953573048,2812.372003976256,.98704916,.99782103,.50407302,,.34999999,.97182047,
2014,509,2476.9116125556,1339.016429901123,.54059923,772304.0135988928,761106.6636197865,11197.35681534186,772304.0135988928,761106.6636197865,11197.35681534186,823651.9186660685,811787.1492536366,11864.77527258173,8384.984811365604,0,8384.984811365604,20325.70331180096,0,20325.70331180096,9052.403268605471,0,9052.403268605471,12090.66826248169,12090.66826248169,0,12090.66826248169,12090.66826248169,0,62771.15389633179,62771.15389633179,0,0,0,0,0,0,0,751828.3673612811,749015.9953573048,2812.372003976256,.95819658,.97413194,.27518365,,.050000001,.66546136,
2015,509,2476.9116125556,1339.016429901123,.54059923,774450.7795454003,761483.5802762806,12967.20317650214,774450.7795454003,761483.5802762806,12967.20317650214,823651.9186660685,811787.1492536366,11864.77527258173,10154.83117252588,0,10154.83117252588,20346.99824380875,0,20346.99824380875,9052.403268605471,0,9052.403268605471,12467.58491897583,12467.58491897583,0,12467.58491897583,12467.58491897583,0,62771.15389633179,62771.15389633179,0,0,0,0,0,0,0,751828.3673612811,749015.9953573048,2812.372003976256,.96061677,.97413194,.38962835,,.2,.66546136,
2016,509,2476.9116125556,1339.016429901123,.54059923,796031.7377186157,783163.4465596974,12868.29701912776,796031.7377186157,783163.4465596974,12868.29701912776,823651.9186660685,811787.1492536366,11864.77527258173,10055.9250151515,0,10055.9250151515,20346.99824380875,0,20346.99824380875,9052.403268605471,0,9052.403268605471,34147.45120239258,34147.45120239258,0,34147.45120239258,34147.45120239258,0,62771.15389633179,62771.15389633179,0,0,0,0,0,0,0,751828.3673612811,749015.9953573048,2812.372003976256,.99348813,1,.69481421,,.60000002,1,
2017,509,2476.9116125556,1339.016429901123,.54059923,790462.4574801065,775609.5609796345,14852.89649784938,790462.4574801065,775609.5609796345,14852.89649784938,823651.9186660685,811787.1492536366,11864.77527258173,12040.52449387312,0,12040.52449387312,20346.99824380875,0,20346.99824380875,9052.403268605471,0,9052.403268605471,26593.56562232971,26593.56562232971,0,26593.56562232971,26593.56562232971,0,62771.15389633179,62771.15389633179,0,0,0,0,0,0,0,751828.3673612811,749015.9953573048,2812.372003976256,.99755806,1,.88555533,,.85000002,1,
2018,509,2476.9116125556,1339.016429901123,.54059923,803550.025768254,785797.0941617787,17752.93746954575,803550.025768254,785797.0941617787,17752.93746954575,823651.9186660685,811787.1492536366,11864.77527258173,14940.5654655695,0,14940.5654655695,20346.99824380875,0,20346.99824380875,9052.403268605471,0,9052.403268605471,36781.09880447388,36781.09880447388,0,36781.09880447388,36781.09880447388,0,62771.15389633179,62771.15389633179,0,0,0,0,0,0,0,751828.3673612811,749015.9953573048,2812.372003976256,.98941815,1,.50407302,,.34999999,1,
2019,509,2476.9116125556,1339.016429901123,.54059923,786339.3182444908,770115.525710851,16223.79643738642,786339.3182444908,770115.525710851,16223.79643738642,823651.9186660685,811787.1492536366,11864.77527258173,13411.42443341017,0,13411.42443341017,20346.99824380875,0,20346.99824380875,9052.403268605471,0,9052.403268605471,21099.53035354614,21099.53035354614,0,21099.53035354614,21099.53035354614,0,62771.15389633179,62771.15389633179,0,0,0,0,0,0,0,751828.3673612811,749015.9953573048,2812.372003976256,.99593008,1,.80925888,,.75,1,
2020,509,2476.9116125556,1339.016429901123,.54059923,810741.3167059161,791884.2981603444,18857.01463991776,810741.3167059161,791884.2981603444,18857.01463991776,823651.9186660685,811787.1492536366,11864.77527258173,16044.64263594151,0,16044.64263594151,20346.99824380875,0,20346.99824380875,9052.403268605471,0,9052.403268605471,42868.30280303955,42868.30280303955,0,42868.30280303955,42868.30280303955,0,62771.15389633179,62771.15389633179,0,0,0,0,0,0,0,751828.3673612811,749015.9953573048,2812.372003976256,.98225993,.99564207,.38962835,,.2,.94364089,
2021,509,2476.9116125556,1339.016429901123,.54059923,793605.0336129405,778052.0788343251,15552.95672852173,793605.0336129405,778052.0788343251,15552.95672852173,823651.9186660685,811787.1492536366,11864.77527258173,12740.58472454548,0,12740.58472454548,20346.99824380875,0,20346.99824380875,9052.403268605471,0,9052.403268605471,29036.08347702026,29036.08347702026,0,29036.08347702026,29036.08347702026,0,62771.15389633179,62771.15389633179,0,0,0,0,0,0,0,751828.3673612811,749015.9953573048,2812.372003976256,.95817482,.97413194,.27518365,,.050000001,.66546136,
2022,509,2476.9116125556,1339.016429901123,.54059923,783667.0405020453,770107.5436971486,13559.49387425557,783667.0405020453,770107.5436971486,13559.49387425557,823651.9186660685,811787.1492536366,11864.77527258173,10747.12187027931,0,10747.12187027931,20346.99824380875,0,20346.99824380875,9052.403268605471,0,9052.403268605471,21091.54833984375,21091.54833984375,0,21091.54833984375,21091.54833984375,0,62771.15389633179,62771.15389633179,0,0,0,0,0,0,0,751828.3673612811,749015.9953573048,2812.372003976256,.91962248,.93502492,.27518365,,.050000001,.15971074,
2023,509,2476.9116125556,1339.016429901123,.54059923,788924.7199074663,773588.0684869587,15336.65141663328,788924.7199074663,773588.0684869587,15336.65141663328,823651.9186660685,811787.1492536366,11864.77527258173,12524.27941265702,0,12524.27941265702,20346.99824380875,0,20346.99824380875,9052.403268605471,0,9052.403268605471,24572.07312965393,24572.07312965393,0,24572.07312965393,24572.07312965393,0,62771.15389633179,62771.15389633179,0,0,0,0,0,0,0,751828.3673612811,749015.9953573048,2812.372003976256,1,1,1,,1,1,
2024,509,2476.9116125556,1339.016429901123,.54059923,793663.9349337555,780482.1009862721,13181.83980816975,793663.9349337555,780482.1009862721,13181.83980816975,823651.9186660685,811787.1492536366,11864.77527258173,10369.4678041935,0,10369.4678041935,20346.99824380875,0,20346.99824380875,9052.403268605471,0,9052.403268605471,31466.10562896729,31466.10562896729,0,31466.10562896729,31466.10562896729,0,62771.15389633179,62771.15389633179,0,0,0,0,0,0,0,751828.3673612811,749015.9953573048,2812.372003976256,.99023217,1,.54222125,,.40000001,1,
1993,510,1133.418039824,825.3484344482422,.72819418,598031.3909868263,570550.4089604616,27480.98349974677,598031.3909868263,570550.4089604616,27480.98349974677,646812.594914604,620309.7634593248,26502.82952860743,3666.711520686746,0,3666.711520686746,3283.453601494431,0,3283.453601494431,2670.24049185589,0,2670.24049185589,0,0,0,0,0,0,49777.67159843445,49759.35457897186,18.31706237792969,0,0,0,0,0,0,594364.6809390374,570550.4089614153,23814.27197142318,1,1,1,,1,1,1
1994,510,1133.418039824,825.3484344482422,.72819418,597538.3092202209,570550.4089604616,26987.90002377704,597538.3092202209,570550.4089604616,26987.90002377704,646812.594914604,620309.7634593248,26502.82952860743,3173.628044717014,0,3173.628044717014,3528.487405046821,0,3528.487405046821,2670.24049185589,0,2670.24049185589,0,0,0,0,0,0,49777.67159843445,49759.35457897186,18.31706237792969,0,0,0,0,0,0,594364.6809390374,570550.4089614153,23814.27197142318,.96013755,.96122372,.94945067,,.5,.51660717,.75
1995,510,1133.418039824,825.3484344482422,.72819418,597046.858739879,570550.4089604616,26496.45003144816,597046.858739879,570550.4089604616,26496.45003144816,646812.594914604,620309.7634593248,26502.82952860743,2682.178052388132,0,2682.178052388132,4303.799507480115,0,4303.799507480115,2670.24049185589,0,2670.24049185589,0,0,0,0,0,0,49777.67159843445,49759.35457897186,18.31706237792969,0,0,0,0,0,0,594364.6809390374,570550.4089614153,23814.27197142318,.99848241,.99835312,.99996543,,1,.97946948,.95000005
1996,510,1133.418039824,825.3484344482422,.72819418,598134.3065712713,570550.4089604616,27583.89761890471,598134.3065712713,570550.4089604616,27583.89761890471,646812.594914604,620309.7634593248,26502.82952860743,3769.625639844686,0,3769.625639844686,4749.887013606727,0,4749.887013606727,2670.24049185589,0,2670.24049185589,0,0,0,0,0,0,49777.67159843445,49759.35457897186,18.31706237792969,0,0,0,0,0,0,594364.6809390374,570550.4089614153,23814.27197142318,1,1,1,,1,1,1
1997,510,1133.418039824,825.3484344482422,.72819418,598578.0077860616,570550.4089604616,28027.59736887738,598578.0077860616,570550.4089604616,28027.59736887738,646812.594914604,620309.7634593248,26502.82952860743,4213.325389817357,0,4213.325389817357,4806.433276109397,0,4806.433276109397,2670.24049185589,0,2670.24049185589,0,0,0,0,0,0,49777.67159843445,49759.35457897186,18.31706237792969,0,0,0,0,0,0,594364.6809390374,570550.4089614153,23814.27197142318,.99414277,.99367261,.99996543,,1,.9211213,.95000005
1998,510,1133.418039824,825.3484344482422,.72819418,598105.0295346044,570550.4089604616,27554.61936110631,598105.0295346044,570550.4089604616,27554.61936110631,646812.594914604,620309.7634593248,26502.82952860743,3740.347382046282,0,3740.347382046282,4864.235764048994,0,4864.235764048994,2670.24049185589,0,2670.24049185589,0,0,0,0,0,0,49777.67159843445,49759.35457897186,18.31706237792969,0,0,0,0,0,0,594364.6809390374,570550.4089614153,23814.27197142318,1,1,1,,1,1,1
1999,510,1133.418039824,825.3484344482422,.72819418,598731.6848433279,570550.4089604616,28181.27784363925,598731.6848433279,570550.4089604616,28181.27784363925,646812.594914604,620309.7634593248,26502.82952860743,4367.005864579231,0,4367.005864579231,4922.03874026984,0,4922.03874026984,2670.24049185589,0,2670.24049185589,0,0,0,0,0,0,49777.67159843445,49759.35457897186,18.31706237792969,0,0,0,0,0,0,594364.6809390374,570550.4089614153,23814.27197142318,.99848241,.99835312,.99996543,,1,.97946948,.95000005
2000,510,1133.418039824,825.3484344482422,.72819418,599015.927140858,570550.4089604616,28465.51672366634,599015.927140858,570550.4089604616,28465.51672366634,646812.594914604,620309.7634593248,26502.82952860743,4651.244744606316,0,4651.244744606316,4978.585002295673,0,4978.585002295673,2670.24049185589,0,2670.24049185589,0,0,0,0,0,0,49777.67159843445,49759.35457897186,18.31706237792969,0,0,0,0,0,0,594364.6809390374,570550.4089614153,23814.27197142318,.99920928,1,.98992467,,.89999998,1,1
2001,510,1133.418039824,825.3484344482422,.72819418,598710.7011410259,570550.4089604616,28160.29267602786,598710.7011410259,570550.4089604616,28160.29267602786,646812.594914604,620309.7634593248,26502.82952860743,4346.02069696784,0,4346.02069696784,5759.677744053304,0,5759.677744053304,2670.24049185589,0,2670.24049185589,0,0,0,0,0,0,49777.67159843445,49759.35457897186,18.31706237792969,0,0,0,0,0,0,594364.6809390374,570550.4089614153,23814.27197142318,.97326517,.97633725,.93843699,,.38999999,.70501578,.85000002
2002,510,1133.418039824,825.3484344482422,.72819418,599210.0694067739,570550.4089604616,28659.65898862109,599210.0694067739,570550.4089604616,28659.65898862109,646812.594914604,620309.7634593248,26502.82952860743,4845.387009561062,0,4845.387009561062,5817.4802319929,0,5817.4802319929,2670.24049185589,0,2670.24049185589,0,0,0,0,0,0,49777.67159843445,49759.35457897186,18.31706237792969,0,0,0,0,0,0,594364.6809390374,570550.4089614153,23814.27197142318,.99762779,1,.96977407,,.69999999,1,1
2003,510,1133.418039824,825.3484344482422,.72819418,598630.9090913795,570550.4089604616,28080.49964980036,598630.9090913795,570550.4089604616,28080.49964980036,646812.594914604,620309.7634593248,26502.82952860743,4266.227670740336,0,4266.227670740336,5875.283208206296,0,5875.283208206296,2670.24049185589,0,2670.24049185589,0,0,0,0,0,0,49777.67159843445,49759.35457897186,18.31706237792969,0,0,0,0,0,0,594364.6809390374,570550.4089614153,23814.27197142318,.99920928,1,.98992467,,.89999998,1,1
2004,510,1133.418039824,825.3484344482422,.72819418,599768.2421136163,570550.4089604616,29217.83364859596,599768.2421136163,570550.4089604616,29217.83364859596,646812.594914604,620309.7634593248,26502.82952860743,5403.561669535935,0,5403.561669535935,5931.829470716417,0,5931.829470716417,2670.24049185589,0,2670.24049185589,0,0,0,0,0,0,49777.67159843445,49759.35457897186,18.31706237792969,0,0,0,0,0,0,594364.6809390374,570550.4089614153,23814.27197142318,.99723244,1,.96473646,,.64999998,1,1
2005,510,1133.418039824,825.3484344482422,.72819418,599116.9571669362,570550.4089604616,28566.54626053944,599116.9571669362,570550.4089604616,28566.54626053944,646812.594914604,620309.7634593248,26502.82952860743,4752.274281479418,0,4752.274281479418,5938.112550996244,0,5938.112550996244,2670.24049185589,0,2670.24049185589,0,0,0,0,0,0,49777.67159843445,49759.35457897186,18.31706237792969,0,0,0,0,0,0,594364.6809390374,570550.4089614153,23814.27197142318,.99920928,1,.98992467,,.89999998,1,1
2006,510,1133.418039824,825.3484344482422,.72819418,598827.5628296398,570550.4089604616,28277.15485389903,598827.5628296398,570550.4089604616,28277.15485389903,646812.594914604,620309.7634593248,26502.82952860743,4462.882874839008,0,4462.882874839008,5944.395143955946,0,5944.395143955946,2670.24049185589,0,2670.24049185589,0,0,0,0,0,0,49777.67159843445,49759.35457897186,18.31706237792969,0,0,0,0,0,0,594364.6809390374,570550.4089614153,23814.27197142318,1,1,1,,1,1,1
2007,510,1133.418039824,825.3484344482422,.72819418,600308.3220477365,570550.4089604616,29757.91358269379,600308.3220477365,570550.4089604616,29757.91358269379,646812.594914604,620309.7634593248,26502.82952860743,5943.641603633761,0,5943.641603633761,5950.678224243224,0,5950.678224243224,2670.24049185589,0,2670.24049185589,0,0,0,0,0,0,49777.67159843445,49759.35457897186,18.31706237792969,0,0,0,0,0,0,594364.6809390374,570550.4089614153,23814.27197142318,.99683708,1,.9596988,,.60000002,1,1
2008,510,1133.418039824,825.3484344482422,.72819418,599556.887262132,570550.4089604616,29006.47635765001,599556.887262132,570550.4089604616,29006.47635765001,646812.594914604,620309.7634593248,26502.82952860743,5192.204378589988,0,5192.204378589988,5956.961305484176,0,5956.961305484176,2670.24049185589,0,2670.24049185589,0,0,0,0,0,0,49777.67159843445,49759.35457897186,18.31706237792969,0,0,0,0,0,0,594364.6809390374,570550.4089614153,23814.27197142318,.96123439,.96368247,.93433774,,.34999999,.54725844,.75
2009,510,1133.418039824,825.3484344482422,.72819418,598253.8088244461,570550.4089604616,27703.39889595285,598253.8088244461,570550.4089604616,27703.39889595285,646812.594914604,620309.7634593248,26502.82952860743,3889.126916892827,0,3889.126916892827,5963.243897490203,0,5963.243897490203,2670.24049185589,0,2670.24049185589,0,0,0,0,0,0,49777.67159843445,49759.35457897186,18.31706237792969,0,0,0,0,0,0,594364.6809390374,570550.4089614153,23814.27197142318,.96921599,.97191691,.93950212,,.40000004,.64991075,.93336368
2010,510,1133.418039824,825.3484344482422,.72819418,598236.9678834938,570550.4089604616,27686.56063964963,598236.9678834938,570550.4089604616,27686.56063964963,646812.594914604,620309.7634593248,26502.82952860743,3872.288660589606,0,3872.288660589606,5969.526978731155,0,5969.526978731155,2670.24049185589,0,2670.24049185589,0,0,0,0,0,0,49777.67159843445,49759.35457897186,18.31706237792969,0,0,0,0,0,0,594364.6809390374,570550.4089614153,23814.27197142318,.99604636,1,.94962347,,.5,1,1
2011,510,1133.418039824,825.3484344482422,.72819418,597882.4865130447,570550.4089604616,27332.07829314843,597882.4865130447,570550.4089604616,27332.07829314843,646812.594914604,620309.7634593248,26502.82952860743,3517.806314088404,0,3517.806314088404,5975.810059018433,0,5975.810059018433,2670.24049185589,0,2670.24049185589,0,0,0,0,0,0,49777.67159843445,49759.35457897186,18.31706237792969,0,0,0,0,0,0,594364.6809390374,570550.4089614153,23814.27197142318,.99841851,1,.9798494,,.80000007,1,1
2012,510,1133.418039824,825.3484344482422,.72819418,598052.3785962127,570550.4089604616,27501.96842321381,598052.3785962127,570550.4089604616,27501.96842321381,646812.594914604,620309.7634593248,26502.82952860743,3687.696444153786,0,3687.696444153786,5982.092651978135,0,5982.092651978135,2670.24049185589,0,2670.24049185589,0,0,0,0,0,0,49777.67159843445,49759.35457897186,18.31706237792969,0,0,0,0,0,0,594364.6809390374,570550.4089614153,23814.27197142318,.99723244,1,.96473646,,.64999998,1,1
2013,510,1133.418039824,825.3484344482422,.72819418,598871.9204337858,570550.4089604616,28321.51245698705,598871.9204337858,570550.4089604616,28321.51245698705,646812.594914604,620309.7634593248,26502.82952860743,4507.240477927029,0,4507.240477927029,5988.375733219087,0,5988.375733219087,2670.24049185589,0,2670.24049185589,0,0,0,0,0,0,49777.67159843445,49759.35457897186,18.31706237792969,0,0,0,0,0,0,594364.6809390374,570550.4089614153,23814.27197142318,.97642308,.98006427,.93433774,,.34999999,.75147712,.75
2014,510,1133.418039824,825.3484344482422,.72819418,596837.5107254647,570550.4089604616,26287.10323821008,596837.5107254647,570550.4089604616,26287.10323821008,646812.594914604,620309.7634593248,26502.82952860743,2472.831259150058,0,2472.831259150058,5994.658813506365,0,5994.658813506365,2670.24049185589,0,2670.24049185589,0,0,0,0,0,0,49777.67159843445,49759.35457897186,18.31706237792969,0,0,0,0,0,0,594364.6809390374,570550.4089614153,23814.27197142318,.93380249,.93660742,.90393907,,.050000004,.20973615,.5
2015,510,1133.418039824,825.3484344482422,.72819418,597359.8734357618,570550.4089604616,26809.46521635354,597359.8734357618,570550.4089604616,26809.46521635354,646812.594914604,620309.7634593248,26502.82952860743,2995.193237293512,0,2995.193237293512,6000.941406466067,0,6000.941406466067,2670.24049185589,0,2670.24049185589,0,0,0,0,0,0,49777.67159843445,49759.35457897186,18.31706237792969,0,0,0,0,0,0,594364.6809390374,570550.4089614153,23814.27197142318,.92740053,.92837298,.91887921,,.20000002,.1070838,.25
2016,510,1133.418039824,825.3484344482422,.72819418,597330.8467651866,570550.4089604616,26780.43805696815,597330.8467651866,570550.4089604616,26780.43805696815,646812.594914604,620309.7634593248,26502.82952860743,2966.166077908129,0,2966.166077908129,6000.941406466067,0,6000.941406466067,2670.24049185589,0,2670.24049185589,0,0,0,0,0,0,49777.67159843445,49759.35457897186,18.31706237792969,0,0,0,0,0,0,594364.6809390374,570550.4089614153,23814.27197142318,.99683708,1,.9596988,,.60000002,1,1
2017,510,1133.418039824,825.3484344482422,.72819418,597916.4148565792,570550.4089604616,27366.00614830852,597916.4148565792,570550.4089604616,27366.00614830852,646812.594914604,620309.7634593248,26502.82952860743,3551.734169248492,0,3551.734169248492,6000.941406466067,0,6000.941406466067,2670.24049185589,0,2670.24049185589,0,0,0,0,0,0,49777.67159843445,49759.35457897186,18.31706237792969,0,0,0,0,0,0,594364.6809390374,570550.4089614153,23814.27197142318,.99881393,1,.98488706,,.85000002,1,1
2018,510,1133.418039824,825.3484344482422,.72819418,598771.7705948614,570550.4089604616,28221.3626199998,598771.7705948614,570550.4089604616,28221.3626199998,646812.594914604,620309.7634593248,26502.82952860743,4407.090640939772,0,4407.090640939772,6000.941406466067,0,6000.941406466067,2670.24049185589,0,2670.24049185589,0,0,0,0,0,0,49777.67159843445,49759.35457897186,18.31706237792969,0,0,0,0,0,0,594364.6809390374,570550.4089614153,23814.27197142318,.99486023,1,.93451053,,.34999999,1,1
2019,510,1133.418039824,825.3484344482422,.72819418,598320.6562347673,570550.4089604616,27770.24923510849,598320.6562347673,570550.4089604616,27770.24923510849,646812.594914604,620309.7634593248,26502.82952860743,3955.977256048471,0,3955.977256048471,6000.941406466067,0,6000.941406466067,2670.24049185589,0,2670.24049185589,0,0,0,0,0,0,49777.67159843445,49759.35457897186,18.31706237792969,0,0,0,0,0,0,594364.6809390374,570550.4089614153,23814.27197142318,.99802315,1,.97481173,,.75,1,1
2020,510,1133.418039824,825.3484344482422,.72819418,599097.4795668386,570550.4089604616,28547.06914966926,599097.4795668386,570550.4089604616,28547.06914966926,646812.594914604,620309.7634593248,26502.82952860743,4732.797170609236,0,4732.797170609236,6000.941406466067,0,6000.941406466067,2670.24049185589,0,2670.24049185589,0,0,0,0,0,0,49777.67159843445,49759.35457897186,18.31706237792969,0,0,0,0,0,0,594364.6809390374,570550.4089614153,23814.27197142318,.96438789,.96836299,.9192248,,.20000002,.60560668,.75
2021,510,1133.418039824,825.3484344482422,.72819418,598122.6215744279,570550.4089604616,27572.21140140295,598122.6215744279,570550.4089604616,27572.21140140295,646812.594914604,620309.7634593248,26502.82952860743,3757.939422342926,0,3757.939422342926,6000.941406466067,0,6000.941406466067,2670.24049185589,0,2670.24049185589,0,0,0,0,0,0,49777.67159843445,49759.35457897186,18.31706237792969,0,0,0,0,0,0,594364.6809390374,570550.4089614153,23814.27197142318,.92621446,.92837298,.90376627,,.050000004,.1070838,.25
2022,510,1133.418039824,825.3484344482422,.72819418,597534.6632845663,570550.4089604616,26984.25604171678,597534.6632845663,570550.4089604616,26984.25604171678,646812.594914604,620309.7634593248,26502.82952860743,3169.98406265676,0,3169.98406265676,6000.941406466067,0,6000.941406466067,2670.24049185589,0,2670.24049185589,0,0,0,0,0,0,49777.67159843445,49759.35457897186,18.31706237792969,0,0,0,0,0,0,594364.6809390374,570550.4089614153,23814.27197142318,.92292261,.92480904,.90373033,,.050000004,.06265495,.19797817
2023,510,1133.418039824,825.3484344482422,.72819418,598059.2871041559,570550.4089604616,27508.87961669639,598059.2871041559,570550.4089604616,27508.87961669639,646812.594914604,620309.7634593248,26502.82952860743,3694.607637636364,0,3694.607637636364,6000.941406466067,0,6000.941406466067,2670.24049185589,0,2670.24049185589,0,0,0,0,0,0,49777.67159843445,49759.35457897186,18.31706237792969,0,0,0,0,0,0,594364.6809390374,570550.4089614153,23814.27197142318,1,1,1,,1,1,1
2024,510,1133.418039824,825.3484344482422,.72819418,597423.2079060338,570550.4089604616,26872.79700106382,597423.2079060338,570550.4089604616,26872.79700106382,646812.594914604,620309.7634593248,26502.82952860743,3058.5250220038,0,3058.5250220038,6000.941406466067,0,6000.941406466067,2670.24049185589,0,2670.24049185589,0,0,0,0,0,0,49777.67159843445,49759.35457897186,18.31706237792969,0,0,0,0,0,0,594364.6809390374,570550.4089614153,23814.27197142318,.99525559,1,.93954819,,.40000004,1,1
1993,511,2109.962513346738,720.5791950561106,.3415128,826291.3602485806,639069.6778896004,187221.6875500828,826291.3602485806,639069.6778896004,187221.6875500828,1310941.765975192,1089350.981876865,221590.7806229144,0,0,0,0,0,0,0,0,0,90782.9921875,90782.9921875,0,90782.9921875,90782.9921875,0,575433.3891469836,541064.296277523,34369.09344786406,0,0,0,0,0,0,735508.3688545376,548286.6857327372,187221.6880863905,1,1,1,,,1,1
1994,511,2109.962513346738,720.5791950561106,.3415128,844149.1883735806,656927.5060146004,187221.6875500828,844149.1883735806,656927.5060146004,187221.6875500828,1310941.765975192,1089350.981876865,221590.7806229144,0,0,0,0,0,0,0,0,0,108640.8203125,108640.8203125,0,108640.8203125,108640.8203125,0,575433.3891469836,541064.296277523,34369.09344786406,0,0,0,0,0,0,735508.3688545376,548286.6857327372,187221.6880863905,.85674232,.83605409,.96122462,,,.66991979,.75
1995,511,2109.962513346738,720.5791950561106,.3415128,818600.5868110806,631378.9044521004,187221.6875500828,818600.5868110806,631378.9044521004,187221.6875500828,1310941.765975192,1089350.981876865,221590.7806229144,0,0,0,0,0,0,0,0,0,83092.21875,83092.21875,0,83092.21875,83092.21875,0,575433.3891469836,541064.296277523,34369.09344786406,0,0,0,0,0,0,735508.3688545376,548286.6857327372,187221.6880863905,.98683816,.98581356,.9922449,,,.97143775,.94999999
1996,511,2109.962513346738,720.5791950561106,.3415128,837025.0243110806,649803.3419521004,187221.6875500828,837025.0243110806,649803.3419521004,187221.6875500828,1310941.765975192,1089350.981876865,221590.7806229144,0,0,0,0,0,0,0,0,0,101516.65625,101516.65625,0,101516.65625,101516.65625,0,575433.3891469836,541064.296277523,34369.09344786406,0,0,0,0,0,0,735508.3688545376,548286.6857327372,187221.6880863905,1,1,1,,,1,1
1997,511,2109.962513346738,720.5791950561106,.3415128,837952.3681221157,650730.6857631356,187221.6875500828,837952.3681221157,650730.6857631356,187221.6875500828,1310941.765975192,1089350.981876865,221590.7806229144,0,0,0,0,0,0,0,0,0,102444,102444,0,102444,102444,0,575433.3891469836,541064.296277523,34369.09344786406,0,0,0,0,0,0,735508.3688545376,548286.6857327372,187221.6880863905,.97855151,.97586989,.9922449,,,.95141768,.94999999
1998,511,2109.962513346738,720.5791950561106,.3415128,813059.9051704556,625838.2228114754,187221.6875500828,813059.9051704556,625838.2228114754,187221.6875500828,1310941.765975192,1089350.981876865,221590.7806229144,0,0,0,0,0,0,0,0,0,77551.537109375,77551.537109375,0,77551.537109375,77551.537109375,0,575433.3891469836,541064.296277523,34369.09344786406,0,0,0,0,0,0,735508.3688545376,548286.6857327372,187221.6880863905,1,1,1,,,1,1
1999,511,2109.962513346738,720.5791950561106,.3415128,846262.3485908657,659040.6662318856,187221.6875500828,846262.3485908657,659040.6662318856,187221.6875500828,1310941.765975192,1089350.981876865,221590.7806229144,0,0,0,0,0,0,0,0,0,110753.98046875,110753.98046875,0,110753.98046875,110753.98046875,0,575433.3891469836,541064.296277523,34369.09344786406,0,0,0,0,0,0,735508.3688545376,548286.6857327372,187221.6880863905,.98683816,.98581356,.9922449,,,.97143775,.94999999
2000,511,2109.962513346738,720.5791950561106,.3415128,836393.0829658657,649171.4006068856,187221.6875500828,836393.0829658657,649171.4006068856,187221.6875500828,1310941.765975192,1089350.981876865,221590.7806229144,0,0,0,0,0,0,0,0,0,100884.71484375,100884.71484375,0,100884.71484375,100884.71484375,0,575433.3891469836,541064.296277523,34369.09344786406,0,0,0,0,0,0,735508.3688545376,548286.6857327372,187221.6880863905,1,1,1,,,1,1
2001,511,2109.962513346738,720.5791950561106,.3415128,823042.9247627407,635821.2424037606,187221.6875500828,823042.9247627407,635821.2424037606,187221.6875500828,1310941.765975192,1089350.981876865,221590.7806229144,0,0,0,0,0,0,0,0,0,87534.556640625,87534.556640625,0,87534.556640625,87534.556640625,0,575433.3891469836,541064.296277523,34369.09344786406,0,0,0,0,0,0,735508.3688545376,548286.6857327372,187221.6880863905,.92736781,.91766602,.97673476,,,.83423299,.85000002
2002,511,2109.962513346738,720.5791950561106,.3415128,840702.3641548306,653480.6817958504,187221.6875500828,840702.3641548306,653480.6817958504,187221.6875500828,1310941.765975192,1089350.981876865,221590.7806229144,0,0,0,0,0,0,0,0,0,105193.99609375,105193.99609375,0,105193.99609375,105193.99609375,0,575433.3891469836,541064.296277523,34369.09344786406,0,0,0,0,0,0,735508.3688545376,548286.6857327372,187221.6880863905,1,1,1,,,1,1
2003,511,2109.962513346738,720.5791950561106,.3415128,825897.3173408657,638675.6349818856,187221.6875500828,825897.3173408657,638675.6349818856,187221.6875500828,1310941.765975192,1089350.981876865,221590.7806229144,0,0,0,0,0,0,0,0,0,90388.94921875,90388.94921875,0,90388.94921875,90388.94921875,0,575433.3891469836,541064.296277523,34369.09344786406,0,0,0,0,0,0,735508.3688545376,548286.6857327372,187221.6880863905,1,1,1,,,1,1
2004,511,2109.962513346738,720.5791950561106,.3415128,849217.8564033657,661996.1740443856,187221.6875500828,849217.8564033657,661996.1740443856,187221.6875500828,1310941.765975192,1089350.981876865,221590.7806229144,0,0,0,0,0,0,0,0,0,113709.48828125,113709.48828125,0,113709.48828125,113709.48828125,0,575433.3891469836,541064.296277523,34369.09344786406,0,0,0,0,0,0,735508.3688545376,548286.6857327372,187221.6880863905,1,1,1,,,1,1
2005,511,2109.962513346738,720.5791950561106,.3415128,830780.1922798306,643558.5099208504,187221.6875500828,830780.1922798306,643558.5099208504,187221.6875500828,1310941.765975192,1089350.981876865,221590.7806229144,0,0,0,0,0,0,0,0,0,95271.82421875,95271.82421875,0,95271.82421875,95271.82421875,0,575433.3891469836,541064.296277523,34369.09344786406,0,0,0,0,0,0,735508.3688545376,548286.6857327372,187221.6880863905,1,1,1,,,1,1
2006,511,2109.962513346738,720.5791950561106,.3415128,824578.8836860806,637357.2013271004,187221.6875500828,824578.8836860806,637357.2013271004,187221.6875500828,1310941.765975192,1089350.981876865,221590.7806229144,0,0,0,0,0,0,0,0,0,89070.515625,89070.515625,0,89070.515625,89070.515625,0,575433.3891469836,541064.296277523,34369.09344786406,0,0,0,0,0,0,735508.3688545376,548286.6857327372,187221.6880863905,1,1,1,,,1,1
2007,511,2109.962513346738,720.5791950561106,.3415128,817005.6864204556,629784.0040614754,187221.6875500828,817005.6864204556,629784.0040614754,187221.6875500828,1310941.765975192,1089350.981876865,221590.7806229144,0,0,0,0,0,0,0,0,0,81497.318359375,81497.318359375,0,81497.318359375,81497.318359375,0,575433.3891469836,541064.296277523,34369.09344786406,0,0,0,0,0,0,735508.3688545376,548286.6857327372,187221.6880863905,1,1,1,,,1,1
2008,511,2109.962513346738,720.5791950561106,.3415128,810071.5653267056,622849.8829677254,187221.6875500828,810071.5653267056,622849.8829677254,187221.6875500828,1310941.765975192,1089350.981876865,221590.7806229144,0,0,0,0,0,0,0,0,0,74563.197265625,74563.197265625,0,74563.197265625,74563.197265625,0,575433.3891469836,541064.296277523,34369.09344786406,0,0,0,0,0,0,735508.3688545376,548286.6857327372,187221.6880863905,.88447076,.86940575,.96122462,,,.7370683,.75
2009,511,2109.962513346738,720.5791950561106,.3415128,803701.1805610806,616479.4982021004,187221.6875500828,803701.1805610806,616479.4982021004,187221.6875500828,1310941.765975192,1089350.981876865,221590.7806229144,0,0,0,0,0,0,0,0,0,68192.8125,68192.8125,0,68192.8125,68192.8125,0,575433.3891469836,541064.296277523,34369.09344786406,0,0,0,0,0,0,735508.3688545376,548286.6857327372,187221.6880863905,.95028013,.94033802,1,,,.87987965,1
2010,511,2109.962513346738,720.5791950561106,.3415128,799070.6239204556,611848.9415614754,187221.6875500828,799070.6239204556,611848.9415614754,187221.6875500828,1310941.765975192,1089350.981876865,221590.7806229144,0,0,0,0,0,0,0,0,0,63562.255859375,63562.255859375,0,63562.255859375,63562.255859375,0,575433.3891469836,541064.296277523,34369.09344786406,0,0,0,0,0,0,735508.3688545376,548286.6857327372,187221.6880863905,1,1,1,,,1,1
2011,511,2109.962513346738,720.5791950561106,.3415128,796637.3680610806,609415.6857021004,187221.6875500828,796637.3680610806,609415.6857021004,187221.6875500828,1310941.765975192,1089350.981876865,221590.7806229144,0,0,0,0,0,0,0,0,0,61129,61129,0,61129,61129,0,575433.3891469836,541064.296277523,34369.09344786406,0,0,0,0,0,0,735508.3688545376,548286.6857327372,187221.6880863905,1,1,1,,,1,1
2012,511,2109.962513346738,720.5791950561106,.3415128,812403.1454048306,625181.4630458504,187221.6875500828,812403.1454048306,625181.4630458504,187221.6875500828,1310941.765975192,1089350.981876865,221590.7806229144,0,0,0,0,0,0,0,0,0,76894.77734375,76894.77734375,0,76894.77734375,76894.77734375,0,575433.3891469836,541064.296277523,34369.09344786406,0,0,0,0,0,0,735508.3688545376,548286.6857327372,187221.6880863905,1,1,1,,,1,1
2013,511,2109.962513346738,720.5791950561106,.3415128,822086.4422798306,634864.7599208504,187221.6875500828,822086.4422798306,634864.7599208504,187221.6875500828,1310941.765975192,1089350.981876865,221590.7806229144,0,0,0,0,0,0,0,0,0,86578.07421875,86578.07421875,0,86578.07421875,86578.07421875,0,575433.3891469836,541064.296277523,34369.09344786406,0,0,0,0,0,0,735508.3688545376,548286.6857327372,187221.6880863905,.91347402,.9042086,.96122462,,,.8071385,.75
2014,511,2109.962513346738,720.5791950561106,.3415128,812238.6981392056,625017.0157802254,187221.6875500828,812238.6981392056,625017.0157802254,187221.6875500828,1310941.765975192,1089350.981876865,221590.7806229144,0,0,0,0,0,0,0,0,0,76730.330078125,76730.330078125,0,76730.330078125,76730.330078125,0,575433.3891469836,541064.296277523,34369.09344786406,0,0,0,0,0,0,735508.3688545376,548286.6857327372,187221.6880863905,.76192969,.73031902,.92244917,,,.45703822,.5
2015,511,2109.962513346738,720.5791950561106,.3415128,804686.7840767056,617465.1017177254,187221.6875500828,804686.7840767056,617465.1017177254,187221.6875500828,1310941.765975192,1089350.981876865,221590.7806229144,0,0,0,0,0,0,0,0,0,69178.416015625,69178.416015625,0,69178.416015625,69178.416015625,0,575433.3891469836,541064.296277523,34369.09344786406,0,0,0,0,0,0,735508.3688545376,548286.6857327372,187221.6880863905,.69612032,.65938675,.88367379,,,.31422684,.25
2016,511,2109.962513346738,720.5791950561106,.3415128,822071.9149360806,634850.2325771004,187221.6875500828,822071.9149360806,634850.2325771004,187221.6875500828,1310941.765975192,1089350.981876865,221590.7806229144,0,0,0,0,0,0,0,0,0,86563.546875,86563.546875,0,86563.546875,86563.546875,0,575433.3891469836,541064.296277523,34369.09344786406,0,0,0,0,0,0,735508.3688545376,548286.6857327372,187221.6880863905,1,1,1,,,1,1
2017,511,2109.962513346738,720.5791950561106,.3415128,801332.8016548306,614111.1192958504,187221.6875500828,801332.8016548306,614111.1192958504,187221.6875500828,1310941.765975192,1089350.981876865,221590.7806229144,0,0,0,0,0,0,0,0,0,65824.43359375,65824.43359375,0,65824.43359375,65824.43359375,0,575433.3891469836,541064.296277523,34369.09344786406,0,0,0,0,0,0,735508.3688545376,548286.6857327372,187221.6880863905,1,1,1,,,1,1
2018,511,2109.962513346738,720.5791950561106,.3415128,817009.2704048306,629787.5880458504,187221.6875500828,817009.2704048306,629787.5880458504,187221.6875500828,1310941.765975192,1089350.981876865,221590.7806229144,0,0,0,0,0,0,0,0,0,81500.90234375,81500.90234375,0,81500.90234375,81500.90234375,0,575433.3891469836,541064.296277523,34369.09344786406,0,0,0,0,0,0,735508.3688545376,548286.6857327372,187221.6880863905,1,1,1,,,1,1
2019,511,2109.962513346738,720.5791950561106,.3415128,802179.8387642056,614958.1564052254,187221.6875500828,802179.8387642056,614958.1564052254,187221.6875500828,1310941.765975192,1089350.981876865,221590.7806229144,0,0,0,0,0,0,0,0,0,66671.470703125,66671.470703125,0,66671.470703125,66671.470703125,0,575433.3891469836,541064.296277523,34369.09344786406,0,0,0,0,0,0,735508.3688545376,548286.6857327372,187221.6880863905,1,1,1,,,1,1
2020,511,2109.962513346738,720.5791950561106,.3415128,827130.0672798306,639908.3849208504,187221.6875500828,827130.0672798306,639908.3849208504,187221.6875500828,1310941.765975192,1089350.981876865,221590.7806229144,0,0,0,0,0,0,0,0,0,91621.69921875,91621.69921875,0,91621.69921875,91621.69921875,0,575433.3891469836,541064.296277523,34369.09344786406,0,0,0,0,0,0,735508.3688545376,548286.6857327372,187221.6880863905,.89275742,.87934941,.96122462,,,.75708836,.75
2021,511,2109.962513346738,720.5791950561106,.3415128,812783.2840767056,625561.6017177254,187221.6875500828,812783.2840767056,625561.6017177254,187221.6875500828,1310941.765975192,1089350.981876865,221590.7806229144,0,0,0,0,0,0,0,0,0,77274.916015625,77274.916015625,0,77274.916015625,77274.916015625,0,575433.3891469836,541064.296277523,34369.09344786406,0,0,0,0,0,0,735508.3688545376,548286.6857327372,187221.6880863905,.69612032,.65938675,.88367379,,,.31422684,.25
2022,511,2109.962513346738,720.5791950561106,.3415128,769857.8202095181,582636.1378505379,187221.6875500828,769857.8202095181,582636.1378505379,187221.6875500828,1310941.765975192,1089350.981876865,221590.7806229144,0,0,0,0,0,0,0,0,0,34349.4521484375,34349.4521484375,0,34349.4521484375,34349.4521484375,0,575433.3891469836,541064.296277523,34369.09344786406,0,0,0,0,0,0,735508.3688545376,548286.6857327372,187221.6880863905,.61602235,.56630784,.86816359,,,.12682654,.15000001
2023,511,2109.962513346738,720.5791950561106,.3415128,811600.2977485806,624378.6153896004,187221.6875500828,811600.2977485806,624378.6153896004,187221.6875500828,1310941.765975192,1089350.981876865,221590.7806229144,0,0,0,0,0,0,0,0,0,76091.9296875,76091.9296875,0,76091.9296875,76091.9296875,0,575433.3891469836,541064.296277523,34369.09344786406,0,0,0,0,0,0,735508.3688545376,548286.6857327372,187221.6880863905,1,1,1,,,1,1
2024,511,2109.962513346738,720.5791950561106,.3415128,806772.2606392056,619550.5782802254,187221.6875500828,806772.2606392056,619550.5782802254,187221.6875500828,1310941.765975192,1089350.981876865,221590.7806229144,0,0,0,0,0,0,0,0,0,71263.892578125,71263.892578125,0,71263.892578125,71263.892578125,0,575433.3891469836,541064.296277523,34369.09344786406,0,0,0,0,0,0,735508.3688545376,548286.6857327372,187221.6880863905,1,1,1,,,1,1
1993,601,817.510001269,48.2810406088829,.059058655,27019.16222245991,18851.61792530119,8167.544159293175,27321.19643647969,19142.53659023345,8178.659551501274,110352.2590477616,36511.2157894522,73841.04219692945,5289.931205272675,0,5289.931205272675,5976.435047030449,0,5976.435047030449,5032.78743571043,0,5032.78743571043,10038.74573993683,8975.367217540741,1063.378325343132,10340.78030586243,9266.286111831665,1074.4939006567,93628.98346805573,26634.96518707275,66994.02179765701,0,0,0,0,0,0,11690.4851089865,9876.250725403428,1814.234414100647,.89333278,.70565927,.99055576,,1,.59651762,.98959053
1994,601,817.510001269,48.2810406088829,.059058655,24682.44524906576,18599.04305614531,6083.40226867795,24455.11506603658,18351.88705600798,6103.227501899004,110352.2590477616,36511.2157894522,73841.04219692945,3230.735098272562,0,3230.735098272562,6290.9844186306,0,6290.9844186306,5032.78743571043,0,5032.78743571043,9761.225681304932,8722.792728424072,1038.432724833488,9533.894193649292,8475.636102199554,1058.257897019386,93628.98346805573,26634.96518707275,66994.02179765701,0,0,0,0,0,0,11690.4851089865,9876.250725403428,1814.234414100647,.68829483,.58215219,.73910308,,.5,.42721415,.75
1995,601,817.510001269,48.2810406088829,.059058655,29151.67480565608,21453.24711479247,7698.427981436253,29015.97887612879,21400.06796897948,7615.911402285099,110352.2590477616,36511.2157894522,73841.04219692945,4732.550068795681,0,4732.550068795681,6605.533294320107,0,6605.533294320107,5032.78743571043,0,5032.78743571043,12728.63881874084,11576.99591851234,1151.643406033516,12592.9432258606,11523.8167579174,1069.126887917519,93628.98346805573,26634.96518707275,66994.02179765701,0,0,0,0,0,0,11690.4851089865,9876.250725403428,1814.234414100647,.96915406,.99295902,.95652521,,1,.99034822,.95208192
1996,601,817.510001269,48.2810406088829,.059058655,28840.16624827683,22846.72465480864,5993.442561626434,28885.91481013596,22891.72516979277,5994.190608501434,110352.2590477616,36511.2157894522,73841.04219692945,2972.961960673332,0,2972.961960673332,6920.082658350468,0,6920.082658350468,5032.78743571043,0,5032.78743571043,14176.71908426285,12970.47368454933,1206.245972275734,14222.46756982803,13015.47400069237,1206.994141221046,93628.98346805573,26634.96518707275,66994.02179765701,0,0,0,0,0,0,11690.4851089865,9876.250725403428,1814.234414100647,.98979735,.97056592,1,,1,.95965177,1
1997,601,817.510001269,48.2810406088829,.059058655,31304.20011295378,24104.54238571227,7199.657139599323,31280.72580780089,24061.48422493041,7219.241618454456,110352.2590477616,36511.2157894522,73841.04219692945,4328.511535227299,0,4328.511535227299,7234.632029950619,0,7234.632029950619,5032.78743571043,0,5032.78743571043,15285.20346879959,14228.29190683365,1056.911158800125,15261.72949838638,14185.23330283165,1076.495637655258,93628.98346805573,26634.96518707275,66994.02179765701,0,0,0,0,0,0,11690.4851089865,9876.250725403428,1814.234414100647,.9478206,.93409085,.95463634,,1,.90965176,.94999999
1998,601,817.510001269,48.2810406088829,.059058655,25147.6610429436,19676.14074672759,5471.520479381084,25449.53692223132,19977.82965435088,5471.707253396511,110352.2590477616,36511.2157894522,73841.04219692945,2821.663824737072,0,2821.663824737072,7234.632029950619,0,7234.632029950619,5032.78743571043,0,5032.78743571043,10635.51236844063,9799.890191793442,835.6220870018005,10937.38713502884,10101.57860386372,835.8089220523834,93628.98346805573,26634.96518707275,66994.02179765701,0,0,0,0,0,0,11690.4851089865,9876.250725403428,1814.234414100647,1,1,1,,1,1,1
1999,601,817.510001269,48.2810406088829,.059058655,33441.90185894072,22602.96771492064,10838.93494766951,33233.1606041342,22405.55054821074,10827.61074584723,110352.2590477616,36511.2157894522,73841.04219692945,8006.850301325321,0,8006.850301325321,7234.632029950619,0,7234.632029950619,5032.78743571043,0,5032.78743571043,13744.56662011147,12726.71686959267,1017.850200772285,13535.82541155815,12529.29987120628,1006.525998950005,93628.98346805573,26634.96518707275,66994.02179765701,0,0,0,0,0,0,11690.4851089865,9876.250725403428,1814.234414100647,.9070099,.81635463,.95463634,,1,.74825883,.94999999
2000,601,817.510001269,48.2810406088829,.059058655,31733.27664740384,19632.2802349478,12100.99665594101,31754.08925516903,19641.50326694548,12112.58551740646,110352.2590477616,36511.2157894522,73841.04219692945,9218.965902090073,0,9218.965902090073,10694.67360711098,0,10694.67360711098,5032.78743571043,0,5032.78743571043,10823.82632565498,9756.029923081398,1067.796186208725,10844.6379802227,9765.252840638161,1079.385047674179,93628.98346805573,26634.96518707275,66994.02179765701,0,0,0,0,0,0,11690.4851089865,9876.250725403428,1814.234414100647,.92268503,.79396147,.98940659,,.89999998,.71756232,.9958362
2001,601,817.510001269,48.2810406088829,.059058655,26741.43414784968,18576.27632774413,8165.157679796219,26804.12021447718,18660.67603935301,8143.444341123104,110352.2590477616,36511.2157894522,73841.04219692945,5411.662017762661,0,5411.662017762661,12267.4189697504,0,12267.4189697504,5032.78743571043,0,5032.78743571043,9639.287104845047,8700.025719344616,939.2612164616585,9701.973270654678,8784.425400316715,917.5477557182312,93628.98346805573,26634.96518707275,66994.02179765701,0,0,0,0,0,0,11690.4851089865,9876.250725403428,1814.234414100647,.77448136,.67864954,.81931096,,.38999999,.55949271,.84666902
2002,601,817.510001269,48.2810406088829,.059058655,31051.59532369673,19848.33837474883,11203.25721436739,31135.05514349043,19872.9584890753,11262.09729105234,110352.2590477616,36511.2157894522,73841.04219692945,8376.602477133274,0,8376.602477133274,12267.4189697504,0,12267.4189697504,5032.78743571043,0,5032.78743571043,10984.50748109818,9972.08762049675,1012.42023062706,11067.96785831451,9996.707948684692,1071.260246276855,93628.98346805573,26634.96518707275,66994.02179765701,0,0,0,0,0,0,11690.4851089865,9876.250725403428,1814.234414100647,.92573565,.82339561,.97766405,,.69999999,.75791061,.99791813
2003,601,817.510001269,48.2810406088829,.059058655,30541.33413828909,20270.96586383879,10270.36873072386,30358.35005129874,20090.95948280394,10267.39144676924,110352.2590477616,36511.2157894522,73841.04219692945,7148.131133377552,0,7148.131133377552,12330.32933688164,0,12330.32933688164,5032.78743571043,0,5032.78743571043,11702.71759736538,10394.71492624283,1308.00309073925,11519.73426949978,10214.70897638798,1305.025684714317,93628.98346805573,26634.96518707275,66994.02179765701,0,0,0,0,0,0,11690.4851089865,9876.250725403428,1814.234414100647,.94494659,.85282964,.99318427,,.89999998,.79825884,1
2004,601,817.510001269,48.2810406088829,.059058655,32163.24317999184,20670.88258709013,11492.36128759384,32106.31792230904,20634.788530007,11471.52998316288,110352.2590477616,36511.2157894522,73841.04219692945,8235.527652382851,0,8235.527652382851,12679.32166922092,0,12679.32166922092,5032.78743571043,0,5032.78743571043,12237.23039102554,10794.63170695305,1442.599128603935,12180.30506539345,10758.53780639172,1421.767702102661,93628.98346805573,26634.96518707275,66994.02179765701,0,0,0,0,0,0,11690.4851089865,9876.250725403428,1814.234414100647,.92371559,.82339561,.97425616,,.64999998,.75791061,.99791813
2005,601,817.510001269,48.2810406088829,.059058655,30349.29364944994,19902.08439697325,10447.20995098352,30536.24787308276,20122.97036899626,10413.27805501223,110352.2590477616,36511.2157894522,73841.04219692945,7472.431298911572,0,7472.431298911572,12679.32166922092,0,12679.32166922092,5032.78743571043,0,5032.78743571043,11186.37754368782,10025.83381980658,1160.544145464897,11373.331366539,10246.71935278177,1126.612371563911,93628.98346805573,26634.96518707275,66994.02179765701,0,0,0,0,0,0,11690.4851089865,9876.250725403428,1814.234414100647,.96535194,.9116978,.99318427,,.89999998,.8789553,1
2006,601,817.510001269,48.2810406088829,.059058655,30976.80015803874,19787.30933631957,11189.49142581224,31168.61380626261,19979.48950828612,11189.12497645617,110352.2590477616,36511.2157894522,73841.04219692945,8575.712752759457,0,8575.712752759457,12679.32166922092,0,12679.32166922092,5032.78743571043,0,5032.78743571043,10710.60210871696,9911.05843770504,799.5441054105759,10902.4158642292,10103.23861718178,799.1776560544968,93628.98346805573,26634.96518707275,66994.02179765701,0,0,0,0,0,0,11690.4851089865,9876.250725403428,1814.234414100647,1,1,1,,1,1,1
2007,601,817.510001269,48.2810406088829,.059058655,29234.32520128787,20253.68543972075,8980.640606224537,28872.2994082123,19857.72756256163,9014.572380125523,110352.2590477616,36511.2157894522,73841.04219692945,6315.676585376263,0,6315.676585376263,12679.32166922092,0,12679.32166922092,5032.78743571043,0,5032.78743571043,11228.16393518448,10377.43493533134,850.7294532060623,10866.13767957687,9981.476752281189,884.6613491773605,93628.98346805573,26634.96518707275,66994.02179765701,0,0,0,0,0,0,11690.4851089865,9876.250725403428,1814.234414100647,.87717247,.70565927,.96329296,,.60000002,.59651762,.98959053
2008,601,817.510001269,48.2810406088829,.059058655,26677.25651009381,17465.97790302336,9211.278519034386,26722.73926003277,17515.20152820647,9207.537796378136,110352.2590477616,36511.2157894522,73841.04219692945,6477.511741876602,0,6477.511741876602,12679.32166922092,0,12679.32166922092,5032.78743571043,0,5032.78743571043,8509.259649276733,7589.727131843567,919.5322705507278,8554.742394924164,7638.950752735138,915.7914868593216,93628.98346805573,26634.96518707275,66994.02179765701,0,0,0,0,0,0,11690.4851089865,9876.250725403428,1814.234414100647,.69243741,.61158627,.72887951,,.34999999,.46756235,.75
2009,601,817.510001269,48.2810406088829,.059058655,22562.97898454964,15190.40208019316,7372.577335298061,22457.86321516335,15116.21036781371,7341.653385102749,110352.2590477616,36511.2157894522,73841.04219692945,4889.195630669594,0,4889.195630669594,12679.32166922092,0,12679.32166922092,5032.78743571043,0,5032.78743571043,5983.29838347435,5314.151407748461,669.1471980214119,5878.182568907738,5239.959528118372,638.2232478260994,93628.98346805573,26634.96518707275,66994.02179765701,0,0,0,0,0,0,11690.4851089865,9876.250725403428,1814.234414100647,.6304571,.43498182,.72662085,,.40000001,.22547294,.74375433
2010,601,817.510001269,48.2810406088829,.059058655,26885.02553220093,16916.52581085265,9968.49957805872,27028.16192097962,17058.92958034575,9969.232476949692,110352.2590477616,36511.2157894522,73841.04219692945,7445.851519942284,0,7445.851519942284,12679.32166922092,0,12679.32166922092,5032.78743571043,0,5032.78743571043,7748.688534736633,7040.274863958359,708.4134904742241,7891.825571894646,7182.679003119469,709.1463893651962,93628.98346805573,26634.96518707275,66994.02179765701,0,0,0,0,0,0,11690.4851089865,9876.250725403428,1814.234414100647,.86292976,.67622519,.95647722,,.5,.55616939,.98959053
2011,601,817.510001269,48.2810406088829,.059058655,29839.99341024458,19075.55806602538,10764.43617290258,30724.57086290419,19954.18734325469,10770.38434904814,110352.2590477616,36511.2157894522,73841.04219692945,8292.460489332676,0,8292.460489332676,12679.32166922092,0,12679.32166922092,5032.78743571043,0,5032.78743571043,9857.047877788544,9199.307114899158,657.7411769628525,10741.62558555603,10077.93667066097,663.6893531084061,93628.98346805573,26634.96518707275,66994.02179765701,0,0,0,0,0,0,11690.4851089865,9876.250725403428,1814.234414100647,.95110917,.88226366,.9863686,,.80000001,.83860701,1
2012,601,817.510001269,48.2810406088829,.059058655,30458.92959161103,19263.02738822997,11195.90208685398,29673.649044469,18483.69501651824,11189.95391106606,110352.2590477616,36511.2157894522,73841.04219692945,8687.692271590233,0,8687.692271590233,12679.32166922092,0,12679.32166922092,5032.78743571043,0,5032.78743571043,10080.75221264362,9386.776823401451,693.9752476215363,9295.471323132515,8607.444147109985,688.0270718336105,93628.98346805573,26634.96518707275,66994.02179765701,0,0,0,0,0,0,11690.4851089865,9876.250725403428,1814.234414100647,.85878718,.6467911,.96670079,,.64999998,.51582116,.98959053
2013,601,817.510001269,48.2810406088829,.059058655,26831.40901000798,17276.38912548125,9555.019852161407,26883.3548861295,17327.60189403594,9555.752750992775,110352.2590477616,36511.2157894522,73841.04219692945,7054.70964050293,0,7054.70964050293,12679.32166922092,0,12679.32166922092,5032.78743571043,0,5032.78743571043,8086.214269638062,7400.138365268707,686.0757050514221,8138.159817934036,7451.351015806198,686.8086038827896,93628.98346805573,26634.96518707275,66994.02179765701,0,0,0,0,0,0,11690.4851089865,9876.250725403428,1814.234414100647,.6506986,.49384996,.7269907,,.34999999,.30616942,.74791813
2014,601,817.510001269,48.2810406088829,.059058655,21962.06211163104,14177.62883628905,7784.433474898338,21733.07872749865,13950.1963840872,7782.882692545652,110352.2590477616,36511.2157894522,73841.04219692945,5393.889962852001,0,5393.889962852001,12679.32166922092,0,12679.32166922092,5032.78743571043,0,5032.78743571043,4877.687252044678,4301.378134846687,576.3090054392815,4648.703906059265,4073.945850610733,574.7582230865955,93628.98346805573,26634.96518707275,66994.02179765701,0,0,0,0,0,0,11690.4851089865,9876.250725403428,1814.234414100647,.43982574,.3409088,.48161405,,.050000001,.096517645,.5
2015,601,817.510001269,48.2810406088829,.059058655,21322.27900965512,13946.43051303923,7375.848360836506,21278.9144295007,13903.06593288481,7375.848360836506,110352.2590477616,36511.2157894522,73841.04219692945,5100.730294942856,0,5100.730294942856,12679.32166922092,0,12679.32166922092,5032.78743571043,0,5032.78743571043,4531.063420057297,4070.179779648781,460.8834982514381,4487.698832035065,4026.815191626549,460.8834982514381,93628.98346805573,26634.96518707275,66994.02179765701,0,0,0,0,0,0,11690.4851089865,9876.250725403428,1814.234414100647,.2870158,.30570394,.26501924,,.2,.048258822,.25
2016,601,817.510001269,48.2810406088829,.059058655,24526.65470542014,13892.52802814543,10634.12694835663,24488.18562163413,13854.79150356352,10633.39404940605,110352.2590477616,36511.2157894522,73841.04219692945,8411.675298035145,0,8411.675298035145,12679.32166922092,0,12679.32166922092,5032.78743571043,0,5032.78743571043,4424.494581460953,4016.277348041534,408.2171131968498,4386.025186061859,3978.54085457325,407.484214246273,93628.98346805573,26634.96518707275,66994.02179765701,0,0,0,0,0,0,11690.4851089865,9876.250725403428,1814.234414100647,.78163606,.4407526,.95573753,,.60000002,.23338352,.98126292
2017,601,817.510001269,48.2810406088829,.059058655,29293.5905097276,17881.04713119566,11412.54306066036,29719.48136742413,18303.92120708525,11415.55963289738,110352.2590477616,36511.2157894522,73841.04219692945,8879.410166025162,0,8879.410166025162,12679.32166922092,0,12679.32166922092,5032.78743571043,0,5032.78743571043,8723.69465637207,8004.796176791191,718.8983269929886,9149.585399150848,8427.670359253883,721.9148992300034,93628.98346805573,26634.96518707275,66994.02179765701,0,0,0,0,0,0,11690.4851089865,9876.250725403428,1814.234414100647,.99393988,1,.98977643,,.85000002,1,1
2018,601,817.510001269,48.2810406088829,.059058655,26413.36904241145,17617.57882846892,8795.790126740932,26085.68354035914,17240.46859611571,8845.214476883411,110352.2590477616,36511.2157894522,73841.04219692945,6215.964348733425,0,6215.964348733425,12679.32166922092,0,12679.32166922092,5032.78743571043,0,5032.78743571043,8506.919707536697,7741.328262925148,765.5912103652954,8179.233756065369,7364.217992663383,815.0155605077744,93628.98346805573,26634.96518707275,66994.02179765701,0,0,0,0,0,0,11690.4851089865,9876.250725403428,1814.234414100647,.86707228,.70565927,.94625366,,.34999999,.59651762,.98959053
2019,601,817.510001269,48.2810406088829,.059058655,28871.36337162554,17818.77479614317,11052.5880458951,29279.55084492266,18205.88803257048,11073.66223043203,110352.2590477616,36511.2157894522,73841.04219692945,8224.83280056715,0,8224.83280056715,12679.32166922092,0,12679.32166922092,5032.78743571043,0,5032.78743571043,8956.045157909393,7942.524200201035,1013.520738720894,9364.232632160187,8329.637482881546,1034.594984292984,93628.98346805573,26634.96518707275,66994.02179765701,0,0,0,0,0,0,11690.4851089865,9876.250725403428,1814.234414100647,.93888646,.85282964,.98296076,,.75,.79825884,1
2020,601,817.510001269,48.2810406088829,.059058655,24111.22252728045,17273.34429802001,6837.878099024296,23763.78036285937,16998.26500667632,6765.515119969845,110352.2590477616,36511.2157894522,73841.04219692945,4117.449140250683,0,4117.449140250683,12679.32166922092,0,12679.32166922092,5032.78743571043,0,5032.78743571043,8303.288086563349,7397.093459874392,906.1943911314011,7955.846204906702,7122.014458447695,833.8314731121063,93628.98346805573,26634.96518707275,66994.02179765701,0,0,0,0,0,0,11690.4851089865,9876.250725403428,1814.234414100647,.64463848,.49384996,.71676713,,.2,.30616942,.74791813
2021,601,817.510001269,48.2810406088829,.059058655,21966.63915170729,15067.35912002623,6899.280168831348,22239.88887609541,15170.5423323065,7069.346685826778,110352.2590477616,36511.2157894522,73841.04219692945,4433.09916883707,0,4433.09916883707,12679.32166922092,0,12679.32166922092,5032.78743571043,0,5032.78743571043,5843.054978132248,5191.108478307724,651.946432352066,6116.304382324219,5294.291400671005,822.012949347496,93628.98346805573,26634.96518707275,66994.02179765701,0,0,0,0,0,0,11690.4851089865,9876.250725403428,1814.234414100647,.28095567,.30570394,.25479567,,.050000001,.048258822,.25
2022,601,817.510001269,48.2810406088829,.059058655,21913.68906082213,14643.51480163634,7270.174314200878,21489.47542633116,14390.10055793822,7099.374897956848,110352.2590477616,36511.2157894522,73841.04219692945,4617.425170481205,0,4617.425170481205,12679.32166922092,0,12679.32166922092,5032.78743571043,0,5032.78743571043,5605.778878450394,4767.264152407646,838.5146371126175,5181.564926624298,4513.849664211273,667.7152208685875,93628.98346805573,26634.96518707275,66994.02179765701,0,0,0,0,0,0,11690.4851089865,9876.250725403428,1814.234414100647,.33179411,.31696948,.32737759,,.050000001,.063701645,.33000001
2023,601,817.510001269,48.2810406088829,.059058655,29257.79661245644,18062.67602695525,11195.12063509226,29419.1493165046,18111.05634941161,11308.09304720163,110352.2590477616,36511.2157894522,73841.04219692945,8073.849106431007,0,8073.849106431007,12679.32166922092,0,12679.32166922092,5032.78743571043,0,5032.78743571043,9493.462211370468,8186.425056874752,1307.037022054195,9654.814908504486,8234.805372416973,1420.009312093258,93628.98346805573,26634.96518707275,66994.02179765701,0,0,0,0,0,0,11690.4851089865,9876.250725403428,1814.234414100647,1,1,1,,1,1,1
2024,601,817.510001269,48.2810406088829,.059058655,28822.90635181963,18681.56587947905,10141.34032481909,28811.31912018359,18782.86580909789,10028.45301908255,110352.2590477616,36511.2157894522,73841.04219692945,7403.387782752514,0,7403.387782752514,12679.32166922092,0,12679.32166922092,5032.78743571043,0,5032.78743571043,9729.033346652985,8805.315268158913,923.7179133892059,9717.445908784866,8906.615113735199,810.8306686878204,93628.98346805573,26634.96518707275,66994.02179765701,0,0,0,0,0,0,11690.4851089865,9876.250725403428,1814.234414100647,.86909235,.70565927,.94966155,,.40000001,.59651762,.98959053
1993,602,1619.3487872431,1197.890855789185,.73973614,1718294.741144516,1697269.143280841,21025.5985732195,1718597.17275653,1697544.691592075,21052.48293067189,1787807.19339589,1741167.936167575,46639.25784562808,599.490616440773,0,599.490616440773,677.2898568212986,0,677.2898568212986,570.3493276238441,0,570.3493276238441,26339.48762702942,23304.84180450439,3034.645589236636,26641.91923904419,23580.3890171051,3061.530190829653,95881.07933807373,67203.63371276855,28677.44637934398,0,0,0,0,0,0,1691355.765954711,1673964.300989963,17391.46518445015,.98091686,.98550004,.77646595,,1,.62432355,.63645786
1994,602,1619.3487872431,1197.890855789185,.73973614,1713531.774685897,1692774.506975986,20757.26772400457,1713494.188389815,1692671.83240781,20822.35690897377,1787807.19339589,1741167.936167575,46639.25784562808,366.1286499947309,0,366.1286499947309,712.9366585612297,0,712.9366585612297,570.3493276238441,0,570.3493276238441,21809.88267850876,18810.20586538315,2999.676706467755,21772.29742002487,18707.53123617172,3064.766135577578,95881.07933807373,67203.63371276855,28677.44637934398,0,0,0,0,0,0,1691355.765954711,1673964.300989963,17391.46518445015,.97143036,.97877669,.7047295,,.5,.45012876,.52973419
1995,602,1619.3487872431,1197.890855789185,.73973614,1715761.027788378,1694538.43535886,21222.59410218755,1715155.10488341,1694178.996096469,20976.11068849126,1787807.19339589,1741167.936167575,46639.25784562808,536.3244290351868,0,536.3244290351868,748.5835213363171,0,748.5835213363171,570.3493276238441,0,570.3493276238441,23868.94223022461,20574.13510322571,3294.807305610273,23263.0198135376,20214.69584083557,3048.323891913984,95881.07933807373,67203.63371276855,28677.44637934398,0,0,0,0,0,0,1691355.765954711,1673964.300989963,17391.46518445015,.99450725,.99897718,.80629349,,1,.97349948,.68496752
1996,602,1619.3487872431,1197.890855789185,.73973614,1715455.307464577,1694279.555554248,21175.75397072686,1715470.803018548,1694292.799399234,21178.00543557061,1787807.19339589,1741167.936167575,46639.25784562808,336.9160664081573,0,336.9160664081573,784.2303249835968,0,784.2303249835968,570.3493276238441,0,570.3493276238441,23762.63087368011,20315.25517368317,3447.375536776613,23778.12533187866,20328.49828910828,3449.627245760988,95881.07933807373,67203.63371276855,28677.44637934398,0,0,0,0,0,0,1691355.765954711,1673964.300989963,17391.46518445015,.99413931,.9980846,.81941789,,1,.95037389,.70631224
1997,602,1619.3487872431,1197.890855789185,.73973614,1716786.549727358,1695914.671789981,20871.87916095555,1716918.446635164,1695987.153414585,20931.29492862523,1787807.19339589,1741167.936167575,46639.25784562808,490.5360786020756,0,490.5360786020756,819.8771877586842,0,819.8771877586842,570.3493276238441,0,570.3493276238441,24940.25049877167,21950.36970043182,2989.88095895201,25072.14814090729,22022.85181522369,3049.296482481062,95881.07933807373,67203.63371276855,28677.44637934398,0,0,0,0,0,0,1691355.765954711,1673964.300989963,17391.46518445015,.99612361,.99669772,.97828519,,1,.91444212,.96468437
1998,602,1619.3487872431,1197.890855789185,.73973614,1704167.244521953,1684058.355625965,20108.89029156975,1704215.248317577,1684107.460144855,20107.78885569982,1787807.19339589,1741167.936167575,46639.25784562808,319.7699138075113,0,319.7699138075113,819.8771877586842,0,819.8771877586842,570.3493276238441,0,570.3493276238441,12491.71121883392,10094.05335521698,2397.658010220155,12539.71495342255,10143.15799617767,2396.556574350223,95881.07933807373,67203.63371276855,28677.44637934398,0,0,0,0,0,0,1691355.765954711,1673964.300989963,17391.46518445015,.9969213,.99964833,.87720418,,1,.99088919,.80029231
1999,602,1619.3487872431,1197.890855789185,.73973614,1710319.529270865,1689098.821295597,21220.70910467161,1710201.043120123,1689013.011658527,21188.0330602075,1787807.19339589,1741167.936167575,46639.25784562808,907.3901510238647,0,907.3901510238647,819.8771877586842,0,819.8771877586842,570.3493276238441,0,570.3493276238441,18056.37633895874,15134.51981735229,2921.856586105656,17937.89079856873,15048.71005821228,2889.18078578217,95881.07933807373,67203.63371276855,28677.44637934398,0,0,0,0,0,0,1691355.765954711,1673964.300989963,17391.46518445015,.9880293,.99078918,.86813015,,1,.7613579,.78553486
2000,602,1619.3487872431,1197.890855789185,.73973614,1707263.257754125,1685738.556912281,21524.70166615956,1707364.459286489,1685805.348532535,21559.11256246082,1787807.19339589,1741167.936167575,46639.25784562808,1044.755263388157,0,1044.755263388157,1211.992380797863,0,1211.992380797863,570.3493276238441,0,570.3493276238441,14862.73886013031,11774.25494670868,3088.483791088685,14963.94246673584,11841.04748153687,3122.89493153058,95881.07933807373,67203.63371276855,28677.44637934398,0,0,0,0,0,0,1691355.765954711,1673964.300989963,17391.46518445015,.98814464,.98999482,.90575182,,.89999998,.74077803,.84870934
2001,602,1619.3487872431,1197.890855789185,.73973614,1703034.786444224,1682260.106512882,20774.68163893884,1702855.888353862,1682145.409729816,20710.48055840842,1787807.19339589,1741167.936167575,46639.25784562808,613.2859695255756,0,613.2859695255756,1390.226576387882,0,1390.226576387882,570.3493276238441,0,570.3493276238441,11065.73909568787,8295.805553436279,2769.933546011802,10886.84042644501,8181.107947349548,2705.732221340761,95881.07933807373,67203.63371276855,28677.44637934398,0,0,0,0,0,0,1691355.765954711,1673964.300989963,17391.46518445015,.97804224,.98381704,.77279735,,.38999999,.58071882,.64262331
2002,602,1619.3487872431,1197.890855789185,.73973614,1705128.96019534,1683811.261107303,21317.70052344911,1705549.579400815,1684055.720400669,21493.8606911432,1787807.19339589,1741167.936167575,46639.25784562808,949.2930107712746,0,949.2930107712746,1390.226576387882,0,1390.226576387882,570.3493276238441,0,570.3493276238441,12823.90489292145,9846.959752082825,2976.945145135745,13244.52367019653,10091.41867828369,3153.105068689212,95881.07933807373,67203.63371276855,28677.44637934398,0,0,0,0,0,0,1691355.765954711,1673964.300989963,17391.46518445015,.98719448,.99113458,.82160538,,.69999999,.77030671,.71583641
2003,602,1619.3487872431,1197.890855789185,.73973614,1705603.618555404,1683529.635378696,22073.98429815331,1705551.676514007,1683485.715798236,22065.96182386437,1787807.19339589,1741167.936167575,46639.25784562808,810.0743089914322,0,810.0743089914322,1397.355873405933,0,1397.355873405933,570.3493276238441,0,570.3493276238441,13437.78064537048,9565.332954406738,3872.447621619795,13385.83848381042,9521.413772583008,3864.424903190229,95881.07933807373,67203.63371276855,28677.44637934398,0,0,0,0,0,0,1691355.765954711,1673964.300989963,17391.46518445015,.98894626,.99252248,.82902992,,.89999998,.80626655,.72393352
2004,602,1619.3487872431,1197.890855789185,.73973614,1706815.335589446,1684207.632201053,22607.70444004145,1706684.456950225,1684139.921530582,22544.53623382654,1787807.19339589,1741167.936167575,46639.25784562808,933.3053983151913,0,933.3053983151913,1436.906058430672,0,1436.906058430672,570.3493276238441,0,570.3493276238441,14526.26954841614,10243.33188247681,4282.937162465416,14395.38923168182,10175.62026691437,4219.768467969261,95881.07933807373,67203.63371276855,28677.44637934398,0,0,0,0,0,0,1691355.765954711,1673964.300989963,17391.46518445015,.98676622,.99109316,.8065474,,.64999998,.76923484,.69234139
2005,602,1619.3487872431,1197.890855789185,.73973614,1704443.704520501,1682773.510813572,21670.1949056224,1704256.626332559,1682689.500740863,21567.12704692641,1787807.19339589,1741167.936167575,46639.25784562808,846.8262172341347,0,846.8262172341347,1436.906058430672,0,1436.906058430672,570.3493276238441,0,570.3493276238441,12241.11469745636,8809.208327293396,3431.906564986799,12054.03776168823,8725.198987960815,3328.83846215019,95881.07933807373,67203.63371276855,28677.44637934398,0,0,0,0,0,0,1691355.765954711,1673964.300989963,17391.46518445015,.99259692,.99543148,.86829197,,.89999998,.88163525,.7877869
2006,602,1619.3487872431,1197.890855789185,.73973614,1702719.7548391,1682019.529702045,20700.22625659266,1702701.394603886,1682001.802767612,20699.5927040414,1787807.19339589,1741167.936167575,46639.25784562808,971.8574642539024,0,971.8574642539024,1436.906058430672,0,1436.906058430672,570.3493276238441,0,570.3493276238441,10392.1356306076,8055.229016304016,2336.906668937299,10373.77509021759,8037.502081871033,2336.27311638603,95881.07933807373,67203.63371276855,28677.44637934398,0,0,0,0,0,0,1691355.765954711,1673964.300989963,17391.46518445015,1,1,1,,1,1,1
2007,602,1619.3487872431,1197.890855789185,.73973614,1702017.801482476,1681415.884423114,20601.91861949721,1702215.915551461,1681510.930865146,20704.98647914687,1787807.19339589,1741167.936167575,46639.25784562808,715.7349334359169,0,715.7349334359169,1436.906058430672,0,1436.906058430672,570.3493276238441,0,570.3493276238441,9946.304867744446,7451.583250999451,2494.721318519209,10144.41905879974,7546.629326820374,2597.789422309492,95881.07933807373,67203.63371276855,28677.44637934398,0,0,0,0,0,0,1691355.765954711,1673964.300989963,17391.46518445015,.98170263,.98565018,.82400143,,.60000002,.62821341,.72172201
2008,602,1619.3487872431,1197.890855789185,.73973614,1703664.970331468,1682834.941487171,20830.02941457601,1703693.535984315,1682874.766905643,20818.77013723226,1787807.19339589,1741167.936167575,46639.25784562808,734.0752854645252,0,734.0752854645252,1436.906058430672,0,1436.906058430672,570.3493276238441,0,570.3493276238441,11575.13126134872,8870.639430522919,2704.491761569399,11603.69752407074,8910.464970588684,2693.232484225649,95881.07933807373,67203.63371276855,28677.44637934398,0,0,0,0,0,0,1691355.765954711,1673964.300989963,17391.46518445015,.97358763,.98029172,.74367172,,.34999999,.489382,.59605074
2009,602,1619.3487872431,1197.890855789185,.73973614,1700650.945792831,1680722.787969448,19928.15966744302,1700380.570219673,1680545.488079883,19835.08349556802,1787807.19339589,1741167.936167575,46639.25784562808,554.0765971243382,0,554.0765971243382,1436.906058430672,0,1436.906058430672,570.3493276238441,0,570.3493276238441,8741.108140587807,6758.487177491188,1982.620824846905,8470.731590867043,6581.186799645424,1889.544775042217,95881.07933807373,67203.63371276855,28677.44637934398,0,0,0,0,0,0,1691355.765954711,1673964.300989963,17391.46518445015,.96442378,.97184533,.69870627,,.40000001,.2705456,.52192724
2010,602,1619.3487872431,1197.890855789185,.73973614,1700687.179626919,1680368.293501712,20318.88687766762,1700841.632862546,1680521.479159214,20320.15397990914,1787807.19339589,1741167.936167575,46639.25784562808,843.8140304088593,0,843.8140304088593,1436.906058430672,0,1436.906058430672,570.3493276238441,0,570.3493276238441,8487.601591587067,6403.990864276886,2083.610479716677,8642.053973197937,6557.176186561584,2084.877581958193,95881.07933807373,67203.63371276855,28677.44637934398,0,0,0,0,0,0,1691355.765954711,1673964.300989963,17391.46518445015,.98345041,.9846189,.95093358,,.5,.60149401,.93014562
2011,602,1619.3487872431,1197.890855789185,.73973614,1698955.964993037,1678703.12260709,20252.84404451959,1699149.128532924,1678886.149075367,20262.98120461265,1787807.19339589,1741167.936167575,46639.25784562808,939.7574794888496,0,939.7574794888496,1436.906058430672,0,1436.906058430672,570.3493276238441,0,570.3493276238441,6660.445972442627,4738.821723937988,1921.624197488651,6853.61000084877,4921.848558664322,1931.761357581709,95881.07933807373,67203.63371276855,28677.44637934398,0,0,0,0,0,0,1691355.765954711,1673964.300989963,17391.46518445015,.99440312,.99440688,.99755418,,.80000001,.85508877,1
2012,602,1619.3487872431,1197.890855789185,.73973614,1701662.864881732,1681284.551091053,20378.31469319575,1701738.909019686,1681370.732300617,20368.17753119534,1787807.19339589,1741167.936167575,46639.25784562808,984.547712802887,0,984.547712802887,1436.906058430672,0,1436.906058430672,570.3493276238441,0,570.3493276238441,9322.554204940796,7320.249551773071,2002.304734921083,9398.597549915314,7406.430090427399,1992.167572920676,95881.07933807373,67203.63371276855,28677.44637934398,0,0,0,0,0,0,1691355.765954711,1673964.300989963,17391.46518445015,.98231554,.98322064,.95276797,,.64999998,.56526625,.93014562
2013,602,1619.3487872431,1197.890855789185,.73973614,1699763.714178242,1679572.817641117,20190.89791996451,1699450.509668507,1679258.346529819,20192.16501743766,1787807.19339589,1741167.936167575,46639.25784562808,799.4872249960899,0,799.4872249960899,1436.906058430672,0,1436.906058430672,570.3493276238441,0,570.3493276238441,7608.463653087616,5608.515553951263,1999.948327426333,7295.25993680954,5294.044717311859,2001.215424899478,95881.07933807373,67203.63371276855,28677.44637934398,0,0,0,0,0,0,1691355.765954711,1673964.300989963,17391.46518445015,.97151542,.97509897,.87488687,,.34999999,.35484362,.80945104
2014,602,1619.3487872431,1197.890855789185,.73973614,1698887.177483,1679230.241114475,19656.93703637482,1698802.483057417,1679148.081220485,19654.40248400893,1787807.19339589,1741167.936167575,46639.25784562808,611.271901756525,0,611.271901756525,1436.906058430672,0,1436.906058430672,570.3493276238441,0,570.3493276238441,6920.142614841461,5265.939698696136,1654.203011216829,6835.448250293732,5183.77986574173,1651.668458850938,95881.07933807373,67203.63371276855,28677.44637934398,0,0,0,0,0,0,1691355.765954711,1673964.300989963,17391.46518445015,.95794338,.9667446,.68997264,,.050000001,.13839176,.51468438
2015,602,1619.3487872431,1197.890855789185,.73973614,1711529.099565364,1692234.961318828,19294.1397441125,1711534.075675823,1692239.937429287,19294.1397441125,1787807.19339589,1741167.936167575,46639.25784562808,578.0490418672562,0,578.0490418672562,1436.906058430672,0,1436.906058430672,570.3493276238441,0,570.3493276238441,19595.28878307343,18270.66032981873,1324.628456773469,19600.26452732086,18275.63604354858,1324.628456773469,95881.07933807373,67203.63371276855,28677.44637934398,0,0,0,0,0,0,1691355.765954711,1673964.300989963,17391.46518445015,.94960105,.96393168,.48391291,,.2,.065511353,.17657806
2016,602,1619.3487872431,1197.890855789185,.73973614,1697533.892543592,1678025.868201114,19508.02489400865,1697500.377909459,1677993.621633388,19506.75779081346,1787807.19339589,1741167.936167575,46639.25784562808,953.2676554322243,0,953.2676554322243,1436.906058430672,0,1436.906058430672,570.3493276238441,0,570.3493276238441,5224.862169504166,4061.567334413528,1163.294871034333,5191.348389863968,4029.320583581924,1162.027767839143,95881.07933807373,67203.63371276855,28677.44637934398,0,0,0,0,0,0,1691355.765954711,1673964.300989963,17391.46518445015,.96741056,.97291553,.7372129,,.60000002,.29827324,.58057433
2017,602,1619.3487872431,1197.890855789185,.73973614,1700605.324328043,1680145.463490345,20459.86235786648,1700757.760847665,1680292.830811359,20464.93111090083,1787807.19339589,1741167.936167575,46639.25784562808,1006.274464488029,0,1006.274464488029,1436.906058430672,0,1436.906058430672,570.3493276238441,0,570.3493276238441,8243.288242340088,6181.162195205688,2062.125769976992,8395.72464132309,6328.529883861542,2067.194523011334,95881.07933807373,67203.63371276855,28677.44637934398,0,0,0,0,0,0,1691355.765954711,1673964.300989963,17391.46518445015,.99980175,1,.99816567,,.85000002,1,1
2018,602,1619.3487872431,1197.890855789185,.73973614,1700958.711768486,1680666.468735553,20292.24469922134,1701200.899930336,1680757.080725528,20443.82034276077,1787807.19339589,1741167.936167575,46639.25784562808,704.4349075555801,0,704.4349075555801,1436.906058430672,0,1436.906058430672,570.3493276238441,0,570.3493276238441,8898.514386922121,6702.167135030031,2196.347424123669,9140.703035652637,6792.779978096485,2347.923067663098,95881.07933807373,67203.63371276855,28677.44637934398,0,0,0,0,0,0,1691355.765954711,1673964.300989963,17391.46518445015,.98458529,.98601723,.94909924,,.34999999,.63772184,.93014562
2019,602,1619.3487872431,1197.890855789185,.73973614,1704897.220100798,1683611.162245609,21286.05884514423,1706161.122913755,1684817.053965427,21344.07024420518,1787807.19339589,1741167.936167575,46639.25784562808,932.0934283435345,0,932.0934283435345,1436.906058430672,0,1436.906058430672,570.3493276238441,0,570.3493276238441,12609.3645611126,9646.861255677417,2962.503293399233,13873.26645854302,10852.75230410881,3020.514448319562,95881.07933807373,67203.63371276855,28677.44637934398,0,0,0,0,0,0,1691355.765954711,1673964.300989963,17391.46518445015,.9930039,.99300861,.99694276,,.75,.81886095,1
2020,602,1619.3487872431,1197.890855789185,.73973614,1706071.868526377,1685582.045380451,20489.82367924997,1704461.207841791,1684184.02336774,20277.18666104623,1787807.19339589,1741167.936167575,46639.25784562808,466.6170675158501,0,466.6170675158501,1436.906058430672,0,1436.906058430672,570.3493276238441,0,570.3493276238441,14249.48794353008,11617.7437800169,2631.744244192028,12638.82921206951,10219.7219504118,2419.107225988293,95881.07933807373,67203.63371276855,28677.44637934398,0,0,0,0,0,0,1691355.765954711,1673964.300989963,17391.46518445015,.97131717,.97509897,.87305248,,.2,.35484362,.80945104
2021,602,1619.3487872431,1197.890855789185,.73973614,1699606.394627489,1679821.808424808,19784.58709807228,1700772.11902038,1680476.599956371,20295.52070326637,1787807.19339589,1741167.936167575,46639.25784562808,502.3886577486992,0,502.3886577486992,1436.906058430672,0,1436.906058430672,570.3493276238441,0,570.3493276238441,7748.243953227997,5857.507680416107,1890.736316922121,8913.969016313553,6512.299393892288,2401.669677975588,95881.07933807373,67203.63371276855,28677.44637934398,0,0,0,0,0,0,1691355.765954711,1673964.300989963,17391.46518445015,.95393032,.96444881,.66266066,,.050000001,.078909643,.47026581
2022,602,1619.3487872431,1197.890855789185,.73973614,1699625.03512124,1679243.214212276,20381.82254750538,1698411.301562585,1678541.680604793,19869.62232930469,1787807.19339589,1741167.936167575,46639.25784562808,523.2777095735073,0,523.2777095735073,1436.906058430672,0,1436.906058430672,570.3493276238441,0,570.3493276238441,7745.996646881104,5278.913680076599,2467.082714530407,6532.261532783508,4577.379493713379,1954.882130118785,95881.07933807373,67203.63371276855,28677.44637934398,0,0,0,0,0,0,1691355.765954711,1673964.300989963,17391.46518445015,.95133889,.96474081,.51682228,,.050000001,.086474992,.23308305
2023,602,1619.3487872431,1197.890855789185,.73973614,1703607.135957576,1681422.620493747,22184.51740817446,1704367.445197918,1681842.901413776,22524.54524020571,1787807.19339589,1741167.936167575,46639.25784562808,914.9829388856888,0,914.9829388856888,1436.906058430672,0,1436.906058430672,570.3493276238441,0,570.3493276238441,11336.39179587364,7458.319291830063,3878.072345887311,12096.70021224022,7878.60036444664,4218.099933777936,95881.07933807373,67203.63371276855,28677.44637934398,0,0,0,0,0,0,1691355.765954711,1673964.300989963,17391.46518445015,1,1,1,,1,1,1
2024,602,1619.3487872431,1197.890855789185,.73973614,1701162.475371875,1680221.536022998,20940.94072173303,1700411.527234592,1679810.614876606,20600.91324139945,1787807.19339589,1741167.936167575,46639.25784562808,839.0016858875751,0,839.0016858875751,1436.906058430672,0,1436.906058430672,570.3493276238441,0,570.3493276238441,8967.711879134178,6257.235215544701,2710.476668303367,8216.764290928841,5846.314618229866,2370.449432110414,95881.07933807373,67203.63371276855,28677.44637934398,0,0,0,0,0,0,1691355.765954711,1673964.300989963,17391.46518445015,.98465139,.98601723,.94971073,,.40000001,.63772184,.93014562
1993,603,3478.174737879,1214.267312288284,.34911048,177894.3631783429,171899.3750869706,5994.989035867504,177894.3631783429,171899.3750869706,5994.989035867504,366159.4648045007,317267.0365679935,48892.42479398136,0,0,0,0,0,0,0,0,0,0,0,0,0,0,0,188265.0981775522,145367.6602526903,42897.4358496666,0,0,0,0,0,0,177894.3631783429,171899.3751022294,5994.989033602527,.60647094,.66360378,.26009133,,,.26581037,.15668787
1994,603,3478.174737879,1214.267312288284,.34911048,177894.3631783429,171899.3750869706,5994.989035867504,177894.3631783429,171899.3750869706,5994.989035867504,366159.4648045007,317267.0365679935,48892.42479398136,0,0,0,0,0,0,0,0,0,0,0,0,0,0,0,188265.0981775522,145367.6602526903,42897.4358496666,0,0,0,0,0,0,177894.3631783429,171899.3751022294,5994.989033602527,.57605755,.63307023,.22572249,,,.19917047,.1175159
1995,603,3478.174737879,1214.267312288284,.34911048,177894.3631783429,171899.3750869706,5994.989035867504,177894.3631783429,171899.3750869706,5994.989035867504,366159.4648045007,317267.0365679935,48892.42479398136,0,0,0,0,0,0,0,0,0,0,0,0,0,0,0,188265.0981775522,145367.6602526903,42897.4358496666,0,0,0,0,0,0,177894.3631783429,171899.3751022294,5994.989033602527,.60043007,.6575492,.25321758,,,.2525962,.14885348
1996,603,3478.174737879,1214.267312288284,.34911048,177894.3631783429,171899.3750869706,5994.989035867504,177894.3631783429,171899.3750869706,5994.989035867504,366159.4648045007,317267.0365679935,48892.42479398136,0,0,0,0,0,0,0,0,0,0,0,0,0,0,0,188265.0981775522,145367.6602526903,42897.4358496666,0,0,0,0,0,0,177894.3631783429,171899.3751022294,5994.989033602527,.60647094,.66360378,.26009133,,,.26581037,.15668787
1997,603,3478.174737879,1214.267312288284,.34911048,177894.3631783429,171899.3750869706,5994.989035867504,177894.3631783429,171899.3750869706,5994.989035867504,366159.4648045007,317267.0365679935,48892.42479398136,0,0,0,0,0,0,0,0,0,0,0,0,0,0,0,188265.0981775522,145367.6602526903,42897.4358496666,0,0,0,0,0,0,177894.3631783429,171899.3751022294,5994.989033602527,.9939419,.99392396,.99312621,,,.98673898,.99216563
1998,603,3478.174737879,1214.267312288284,.34911048,177894.3631783429,171899.3750869706,5994.989035867504,177894.3631783429,171899.3750869706,5994.989035867504,366159.4648045007,317267.0365679935,48892.42479398136,0,0,0,0,0,0,0,0,0,0,0,0,0,0,0,188265.0981775522,145367.6602526903,42897.4358496666,0,0,0,0,0,0,177894.3631783429,171899.3751022294,5994.989033602527,.73240024,.77125055,.49686211,,,.50075102,.42654777
1999,603,3478.174737879,1214.267312288284,.34911048,177894.3631783429,171899.3750869706,5994.989035867504,177894.3631783429,171899.3750869706,5994.989035867504,366159.4648045007,317267.0365679935,48892.42479398136,0,0,0,0,0,0,0,0,0,0,0,0,0,0,0,188265.0981775522,145367.6602526903,42897.4358496666,0,0,0,0,0,0,177894.3631783429,171899.3751022294,5994.989033602527,.75390637,.78874373,.54178196,,,.53893012,.47774521
2000,603,3478.174737879,1214.267312288284,.34911048,177894.3631783429,171899.3750869706,5994.989035867504,177894.3631783429,171899.3750869706,5994.989035867504,366159.4648045007,317267.0365679935,48892.42479398136,0,0,0,0,0,0,0,0,0,0,0,0,0,0,0,188265.0981775522,145367.6602526903,42897.4358496666,0,0,0,0,0,0,177894.3631783429,171899.3751022294,5994.989033602527,.83471781,.85871357,.68923831,,,.69164038,.64580888
2001,603,3478.174737879,1214.267312288284,.34911048,177894.3631783429,171899.3750869706,5994.989035867504,177894.3631783429,171899.3750869706,5994.989035867504,366159.4648045007,317267.0365679935,48892.42479398136,0,0,0,0,0,0,0,0,0,0,0,0,0,0,0,188265.0981775522,145367.6602526903,42897.4358496666,0,0,0,0,0,0,177894.3631783429,171899.3751022294,5994.989033602527,.67485589,.71936142,.40224993,,,.38750225,.31871334
2002,603,3478.174737879,1214.267312288284,.34911048,177894.3631783429,171899.3750869706,5994.989035867504,177894.3631783429,171899.3750869706,5994.989035867504,366159.4648045007,317267.0365679935,48892.42479398136,0,0,0,0,0,0,0,0,0,0,0,0,0,0,0,188265.0981775522,145367.6602526903,42897.4358496666,0,0,0,0,0,0,177894.3631783429,171899.3751022294,5994.989033602527,.63795322,.69051546,.31928405,,,.32454553,.22415283
2003,603,3478.174737879,1214.267312288284,.34911048,177894.3631783429,171899.3750869706,5994.989035867504,177894.3631783429,171899.3750869706,5994.989035867504,366159.4648045007,317267.0365679935,48892.42479398136,0,0,0,0,0,0,0,0,0,0,0,0,0,0,0,188265.0981775522,145367.6602526903,42897.4358496666,0,0,0,0,0,0,177894.3631783429,171899.3751022294,5994.989033602527,.63008267,.68378758,.30448586,,,.30986175,.2072866
2004,603,3478.174737879,1214.267312288284,.34911048,177894.3631783429,171899.3750869706,5994.989035867504,177894.3631783429,171899.3750869706,5994.989035867504,366159.4648045007,317267.0365679935,48892.42479398136,0,0,0,0,0,0,0,0,0,0,0,0,0,0,0,188265.0981775522,145367.6602526903,42897.4358496666,0,0,0,0,0,0,177894.3631783429,171899.3751022294,5994.989033602527,.60647094,.66360378,.26009133,,,.26581037,.15668787
2005,603,3478.174737879,1214.267312288284,.34911048,177894.3631783429,171899.3750869706,5994.989035867504,177894.3631783429,171899.3750869706,5994.989035867504,366159.4648045007,317267.0365679935,48892.42479398136,0,0,0,0,0,0,0,0,0,0,0,0,0,0,0,188265.0981775522,145367.6602526903,42897.4358496666,0,0,0,0,0,0,177894.3631783429,171899.3751022294,5994.989033602527,.71564353,.7569266,.46535632,,,.46948877,.39063898
2006,603,3478.174737879,1214.267312288284,.34911048,177894.3631783429,171899.3750869706,5994.989035867504,177894.3631783429,171899.3750869706,5994.989035867504,366159.4648045007,317267.0365679935,48892.42479398136,0,0,0,0,0,0,0,0,0,0,0,0,0,0,0,188265.0981775522,145367.6602526903,42897.4358496666,0,0,0,0,0,0,177894.3631783429,171899.3751022294,5994.989033602527,1,1,1,,,1,1
2007,603,3478.174737879,1214.267312288284,.34911048,177894.3631783429,171899.3750869706,5994.989035867504,177894.3631783429,171899.3750869706,5994.989035867504,366159.4648045007,317267.0365679935,48892.42479398136,0,0,0,0,0,0,0,0,0,0,0,0,0,0,0,188265.0981775522,145367.6602526903,42897.4358496666,0,0,0,0,0,0,177894.3631783429,171899.3751022294,5994.989033602527,.7207213,.76126719,.47490352,,,.47896218,.4015204
2008,603,3478.174737879,1214.267312288284,.34911048,177894.3631783429,171899.3750869706,5994.989035867504,177894.3631783429,171899.3750869706,5994.989035867504,366159.4648045007,317267.0365679935,48892.42479398136,0,0,0,0,0,0,0,0,0,0,0,0,0,0,0,188265.0981775522,145367.6602526903,42897.4358496666,0,0,0,0,0,0,177894.3631783429,171899.3751022294,5994.989033602527,.66502476,.70916265,.39279863,,,.36524329,.30794123
2009,603,3478.174737879,1214.267312288284,.34911048,177894.3631783429,171899.3750869706,5994.989035867504,177894.3631783429,171899.3750869706,5994.989035867504,366159.4648045007,317267.0365679935,48892.42479398136,0,0,0,0,0,0,0,0,0,0,0,0,0,0,0,188265.0981775522,145367.6602526903,42897.4358496666,0,0,0,0,0,0,177894.3631783429,171899.3751022294,5994.989033602527,.6520679,.70254046,.34601623,,,.35079014,.25462088
2010,603,3478.174737879,1214.267312288284,.34911048,177894.3631783429,171899.3750869706,5994.989035867504,177894.3631783429,171899.3750869706,5994.989035867504,366159.4648045007,317267.0365679935,48892.42479398136,0,0,0,0,0,0,0,0,0,0,0,0,0,0,0,188265.0981775522,145367.6602526903,42897.4358496666,0,0,0,0,0,0,177894.3631783429,171899.3751022294,5994.989033602527,1,1,1,,,1,1
2011,603,3478.174737879,1214.267312288284,.34911048,177894.3631783429,171899.3750869706,5994.989035867504,177894.3631783429,171899.3750869706,5994.989035867504,366159.4648045007,317267.0365679935,48892.42479398136,0,0,0,0,0,0,0,0,0,0,0,0,0,0,0,188265.0981775522,145367.6602526903,42897.4358496666,0,0,0,0,0,0,177894.3631783429,171899.3751022294,5994.989033602527,1,1,1,,,1,1
2012,603,3478.174737879,1214.267312288284,.34911048,177894.3631783429,171899.3750869706,5994.989035867504,177894.3631783429,171899.3750869706,5994.989035867504,366159.4648045007,317267.0365679935,48892.42479398136,0,0,0,0,0,0,0,0,0,0,0,0,0,0,0,188265.0981775522,145367.6602526903,42897.4358496666,0,0,0,0,0,0,177894.3631783429,171899.3751022294,5994.989033602527,1,1,1,,,1,1
2013,603,3478.174737879,1214.267312288284,.34911048,177894.3631783429,171899.3750869706,5994.989035867504,177894.3631783429,171899.3750869706,5994.989035867504,366159.4648045007,317267.0365679935,48892.42479398136,0,0,0,0,0,0,0,0,0,0,0,0,0,0,0,188265.0981775522,145367.6602526903,42897.4358496666,0,0,0,0,0,0,177894.3631783429,171899.3751022294,5994.989033602527,.96975261,.96967351,.96563113,,,.93381208,.96082801
2014,603,3478.174737879,1214.267312288284,.34911048,177894.3631783429,171899.3750869706,5994.989035867504,177894.3631783429,171899.3750869706,5994.989035867504,366159.4648045007,317267.0365679935,48892.42479398136,0,0,0,0,0,0,0,0,0,0,0,0,0,0,0,188265.0981775522,145367.6602526903,42897.4358496666,0,0,0,0,0,0,177894.3631783429,171899.3751022294,5994.989033602527,.76223397,.78774029,.59830344,,,.53674001,.54216564
2015,603,3478.174737879,1214.267312288284,.34911048,177894.3631783429,171899.3750869706,5994.989035867504,177894.3631783429,171899.3750869706,5994.989035867504,366159.4648045007,317267.0365679935,48892.42479398136,0,0,0,0,0,0,0,0,0,0,0,0,0,0,0,188265.0981775522,145367.6602526903,42897.4358496666,0,0,0,0,0,0,177894.3631783429,171899.3751022294,5994.989033602527,.51558864,.57244951,.15698476,,,.066864848,.039171968
2016,603,3478.174737879,1214.267312288284,.34911048,177894.3631783429,171899.3750869706,5994.989035867504,177894.3631783429,171899.3750869706,5994.989035867504,366159.4648045007,317267.0365679935,48892.42479398136,0,0,0,0,0,0,0,0,0,0,0,0,0,0,0,188265.0981775522,145367.6602526903,42897.4358496666,0,0,0,0,0,0,177894.3631783429,171899.3751022294,5994.989033602527,.60647094,.66360378,.26009133,,,.26581037,.15668787
2017,603,3478.174737879,1214.267312288284,.34911048,177894.3631783429,171899.3750869706,5994.989035867504,177894.3631783429,171899.3750869706,5994.989035867504,366159.4648045007,317267.0365679935,48892.42479398136,0,0,0,0,0,0,0,0,0,0,0,0,0,0,0,188265.0981775522,145367.6602526903,42897.4358496666,0,0,0,0,0,0,177894.3631783429,171899.3751022294,5994.989033602527,1,1,1,,,1,1
2018,603,3478.174737879,1214.267312288284,.34911048,177894.3631783429,171899.3750869706,5994.989035867504,177894.3631783429,171899.3750869706,5994.989035867504,366159.4648045007,317267.0365679935,48892.42479398136,0,0,0,0,0,0,0,0,0,0,0,0,0,0,0,188265.0981775522,145367.6602526903,42897.4358496666,0,0,0,0,0,0,177894.3631783429,171899.3751022294,5994.989033602527,1,1,1,,,1,1
2019,603,3478.174737879,1214.267312288284,.34911048,177894.3631783429,171899.3750869706,5994.989035867504,177894.3631783429,171899.3750869706,5994.989035867504,366159.4648045007,317267.0365679935,48892.42479398136,0,0,0,0,0,0,0,0,0,0,0,0,0,0,0,188265.0981775522,145367.6602526903,42897.4358496666,0,0,0,0,0,0,177894.3631783429,171899.3751022294,5994.989033602527,1,1,1,,,1,1
2020,603,3478.174737879,1214.267312288284,.34911048,177894.3631783429,171899.3750869706,5994.989035867504,177894.3631783429,171899.3750869706,5994.989035867504,366159.4648045007,317267.0365679935,48892.42479398136,0,0,0,0,0,0,0,0,0,0,0,0,0,0,0,188265.0981775522,145367.6602526903,42897.4358496666,0,0,0,0,0,0,177894.3631783429,171899.3751022294,5994.989033602527,.96970963,.96961993,.96563113,,,.93369502,.96082801
2021,603,3478.174737879,1214.267312288284,.34911048,177894.3631783429,171899.3750869706,5994.989035867504,177894.3631783429,171899.3750869706,5994.989035867504,366159.4648045007,317267.0365679935,48892.42479398136,0,0,0,0,0,0,0,0,0,0,0,0,0,0,0,188265.0981775522,145367.6602526903,42897.4358496666,0,0,0,0,0,0,177894.3631783429,171899.3751022294,5994.989033602527,.9091177,.90884572,.89689344,,,.80105448,.88248408
2022,603,3478.174737879,1214.267312288284,.34911048,177894.3631783429,171899.3750869706,5994.989035867504,177894.3631783429,171899.3750869706,5994.989035867504,366159.4648045007,317267.0365679935,48892.42479398136,0,0,0,0,0,0,0,0,0,0,0,0,0,0,0,188265.0981775522,145367.6602526903,42897.4358496666,0,0,0,0,0,0,177894.3631783429,171899.3751022294,5994.989033602527,.50328523,.5600639,.14323722,,,.03983308,.023503181
2023,603,3478.174737879,1214.267312288284,.34911048,177894.3631783429,171899.3750869706,5994.989035867504,177894.3631783429,171899.3750869706,5994.989035867504,366159.4648045007,317267.0365679935,48892.42479398136,0,0,0,0,0,0,0,0,0,0,0,0,0,0,0,188265.0981775522,145367.6602526903,42897.4358496666,0,0,0,0,0,0,177894.3631783429,171899.3751022294,5994.989033602527,1,1,1,,,1,1
2024,603,3478.174737879,1214.267312288284,.34911048,177894.3631783429,171899.3750869706,5994.989035867504,177894.3631783429,171899.3750869706,5994.989035867504,366159.4648045007,317267.0365679935,48892.42479398136,0,0,0,0,0,0,0,0,0,0,0,0,0,0,0,188265.0981775522,145367.6602526903,42897.4358496666,0,0,0,0,0,0,177894.3631783429,171899.3751022294,5994.989033602527,1,1,1,,,1,1
1993,604,11477.11662049929,10.60901519469917,.00092436239,105723.8156989788,98144.31607879698,7579.500419718563,105723.8156989788,98144.31607879698,7579.500419718563,108389.1118918931,98206.34684051573,10182.76542366797,0,0,0,0,0,0,0,0,0,0,0,0,0,0,0,2665.295948982239,62.03085327148438,2603.265187263489,0,0,0,0,0,0,105723.8191250538,98144.31607879698,7579.503360373317,1,1,1,,,1,1
1994,604,11477.11662049929,10.60901519469917,.00092436239,105723.8156989788,98144.31607879698,7579.500419718563,105723.8156989788,98144.31607879698,7579.500419718563,108389.1118918931,98206.34684051573,10182.76542366797,0,0,0,0,0,0,0,0,0,0,0,0,0,0,0,2665.295948982239,62.03085327148438,2603.265187263489,0,0,0,0,0,0,105723.8191250538,98144.31607879698,7579.503360373317,.99789882,.99984211,.93608654,,,.75,.75
1995,604,11477.11662049929,10.60901519469917,.00092436239,105723.8156989788,98144.31607879698,7579.500419718563,105723.8156989788,98144.31607879698,7579.500419718563,108389.1118918931,98206.34684051573,10182.76542366797,0,0,0,0,0,0,0,0,0,0,0,0,0,0,0,2665.295948982239,62.03085327148438,2603.265187263489,0,0,0,0,0,0,105723.8191250538,98144.31607879698,7579.503360373317,.99957979,.99996841,.98721731,,,.94999999,.94999999
1996,604,11477.11662049929,10.60901519469917,.00092436239,105723.8156989788,98144.31607879698,7579.500419718563,105723.8156989788,98144.31607879698,7579.500419718563,108389.1118918931,98206.34684051573,10182.76542366797,0,0,0,0,0,0,0,0,0,0,0,0,0,0,0,2665.295948982239,62.03085327148438,2603.265187263489,0,0,0,0,0,0,105723.8191250538,98144.31607879698,7579.503360373317,1,1,1,,,1,1
1997,604,11477.11662049929,10.60901519469917,.00092436239,105723.8156989788,98144.31607879698,7579.500419718563,105723.8156989788,98144.31607879698,7579.500419718563,108389.1118918931,98206.34684051573,10182.76542366797,0,0,0,0,0,0,0,0,0,0,0,0,0,0,0,2665.295948982239,62.03085327148438,2603.265187263489,0,0,0,0,0,0,105723.8191250538,98144.31607879698,7579.503360373317,.99957979,.99996841,.98721731,,,.94999999,.94999999
1998,604,11477.11662049929,10.60901519469917,.00092436239,105723.8156989788,98144.31607879698,7579.500419718563,105723.8156989788,98144.31607879698,7579.500419718563,108389.1118918931,98206.34684051573,10182.76542366797,0,0,0,0,0,0,0,0,0,0,0,0,0,0,0,2665.295948982239,62.03085327148438,2603.265187263489,0,0,0,0,0,0,105723.8191250538,98144.31607879698,7579.503360373317,1,1,1,,,1,1
1999,604,11477.11662049929,10.60901519469917,.00092436239,105723.8156989788,98144.31607879698,7579.500419718563,105723.8156989788,98144.31607879698,7579.500419718563,108389.1118918931,98206.34684051573,10182.76542366797,0,0,0,0,0,0,0,0,0,0,0,0,0,0,0,2665.295948982239,62.03085327148438,2603.265187263489,0,0,0,0,0,0,105723.8191250538,98144.31607879698,7579.503360373317,.99957979,.99996841,.98721731,,,.94999999,.94999999
2000,604,11477.11662049929,10.60901519469917,.00092436239,105723.8156989788,98144.31607879698,7579.500419718563,105723.8156989788,98144.31607879698,7579.500419718563,108389.1118918931,98206.34684051573,10182.76542366797,0,0,0,0,0,0,0,0,0,0,0,0,0,0,0,2665.295948982239,62.03085327148438,2603.265187263489,0,0,0,0,0,0,105723.8191250538,98144.31607879698,7579.503360373317,1,1,1,,,1,1
2001,604,11477.11662049929,10.60901519469917,.00092436239,105723.8156989788,98144.31607879698,7579.500419718563,105723.8156989788,98144.31607879698,7579.500419718563,108389.1118918931,98206.34684051573,10182.76542366797,0,0,0,0,0,0,0,0,0,0,0,0,0,0,0,2665.295948982239,62.03085327148438,2603.265187263489,0,0,0,0,0,0,105723.8191250538,98144.31607879698,7579.503360373317,.9987393,.99990523,.96165192,,,.84999996,.85000002
2002,604,11477.11662049929,10.60901519469917,.00092436239,105723.8156989788,98144.31607879698,7579.500419718563,105723.8156989788,98144.31607879698,7579.500419718563,108389.1118918931,98206.34684051573,10182.76542366797,0,0,0,0,0,0,0,0,0,0,0,0,0,0,0,2665.295948982239,62.03085327148438,2603.265187263489,0,0,0,0,0,0,105723.8191250538,98144.31607879698,7579.503360373317,1,1,1,,,1,1
2003,604,11477.11662049929,10.60901519469917,.00092436239,105723.8156989788,98144.31607879698,7579.500419718563,105723.8156989788,98144.31607879698,7579.500419718563,108389.1118918931,98206.34684051573,10182.76542366797,0,0,0,0,0,0,0,0,0,0,0,0,0,0,0,2665.295948982239,62.03085327148438,2603.265187263489,0,0,0,0,0,0,105723.8191250538,98144.31607879698,7579.503360373317,1,1,1,,,1,1
2004,604,11477.11662049929,10.60901519469917,.00092436239,105723.8156989788,98144.31607879698,7579.500419718563,105723.8156989788,98144.31607879698,7579.500419718563,108389.1118918931,98206.34684051573,10182.76542366797,0,0,0,0,0,0,0,0,0,0,0,0,0,0,0,2665.295948982239,62.03085327148438,2603.265187263489,0,0,0,0,0,0,105723.8191250538,98144.31607879698,7579.503360373317,1,1,1,,,1,1
2005,604,11477.11662049929,10.60901519469917,.00092436239,105723.8156989788,98144.31607879698,7579.500419718563,105723.8156989788,98144.31607879698,7579.500419718563,108389.1118918931,98206.34684051573,10182.76542366797,0,0,0,0,0,0,0,0,0,0,0,0,0,0,0,2665.295948982239,62.03085327148438,2603.265187263489,0,0,0,0,0,0,105723.8191250538,98144.31607879698,7579.503360373317,1,1,1,,,1,1
2006,604,11477.11662049929,10.60901519469917,.00092436239,105723.8156989788,98144.31607879698,7579.500419718563,105723.8156989788,98144.31607879698,7579.500419718563,108389.1118918931,98206.34684051573,10182.76542366797,0,0,0,0,0,0,0,0,0,0,0,0,0,0,0,2665.295948982239,62.03085327148438,2603.265187263489,0,0,0,0,0,0,105723.8191250538,98144.31607879698,7579.503360373317,1,1,1,,,1,1
2007,604,11477.11662049929,10.60901519469917,.00092436239,105723.8156989788,98144.31607879698,7579.500419718563,105723.8156989788,98144.31607879698,7579.500419718563,108389.1118918931,98206.34684051573,10182.76542366797,0,0,0,0,0,0,0,0,0,0,0,0,0,0,0,2665.295948982239,62.03085327148438,2603.265187263489,0,0,0,0,0,0,105723.8191250538,98144.31607879698,7579.503360373317,1,1,1,,,1,1
2008,604,11477.11662049929,10.60901519469917,.00092436239,105723.8156989788,98144.31607879698,7579.500419718563,105723.8156989788,98144.31607879698,7579.500419718563,108389.1118918931,98206.34684051573,10182.76542366797,0,0,0,0,0,0,0,0,0,0,0,0,0,0,0,2665.295948982239,62.03085327148438,2603.265187263489,0,0,0,0,0,0,105723.8191250538,98144.31607879698,7579.503360373317,.99789882,.99984211,.93608654,,,.75,.75
2009,604,11477.11662049929,10.60901519469917,.00092436239,105723.8156989788,98144.31607879698,7579.500419718563,105723.8156989788,98144.31607879698,7579.500419718563,108389.1118918931,98206.34684051573,10182.76542366797,0,0,0,0,0,0,0,0,0,0,0,0,0,0,0,2665.295948982239,62.03085327148438,2603.265187263489,0,0,0,0,0,0,105723.8191250538,98144.31607879698,7579.503360373317,1,1,1,,,1,1
2010,604,11477.11662049929,10.60901519469917,.00092436239,105723.8156989788,98144.31607879698,7579.500419718563,105723.8156989788,98144.31607879698,7579.500419718563,108389.1118918931,98206.34684051573,10182.76542366797,0,0,0,0,0,0,0,0,0,0,0,0,0,0,0,2665.295948982239,62.03085327148438,2603.265187263489,0,0,0,0,0,0,105723.8191250538,98144.31607879698,7579.503360373317,1,1,1,,,1,1
2011,604,11477.11662049929,10.60901519469917,.00092436239,105723.8156989788,98144.31607879698,7579.500419718563,105723.8156989788,98144.31607879698,7579.500419718563,108389.1118918931,98206.34684051573,10182.76542366797,0,0,0,0,0,0,0,0,0,0,0,0,0,0,0,2665.295948982239,62.03085327148438,2603.265187263489,0,0,0,0,0,0,105723.8191250538,98144.31607879698,7579.503360373317,1,1,1,,,1,1
2012,604,11477.11662049929,10.60901519469917,.00092436239,105723.8156989788,98144.31607879698,7579.500419718563,105723.8156989788,98144.31607879698,7579.500419718563,108389.1118918931,98206.34684051573,10182.76542366797,0,0,0,0,0,0,0,0,0,0,0,0,0,0,0,2665.295948982239,62.03085327148438,2603.265187263489,0,0,0,0,0,0,105723.8191250538,98144.31607879698,7579.503360373317,1,1,1,,,1,1
2013,604,11477.11662049929,10.60901519469917,.00092436239,105723.8156989788,98144.31607879698,7579.500419718563,105723.8156989788,98144.31607879698,7579.500419718563,108389.1118918931,98206.34684051573,10182.76542366797,0,0,0,0,0,0,0,0,0,0,0,0,0,0,0,2665.295948982239,62.03085327148438,2603.265187263489,0,0,0,0,0,0,105723.8191250538,98144.31607879698,7579.503360373317,.99789882,.99984211,.93608654,,,.75,.75
2014,604,11477.11662049929,10.60901519469917,.00092436239,105723.8156989788,98144.31607879698,7579.500419718563,105723.8156989788,98144.31607879698,7579.500419718563,108389.1118918931,98206.34684051573,10182.76542366797,0,0,0,0,0,0,0,0,0,0,0,0,0,0,0,2665.295948982239,62.03085327148438,2603.265187263489,0,0,0,0,0,0,105723.8191250538,98144.31607879698,7579.503360373317,.99579763,.99968415,.87217307,,,.5,.5
2015,604,11477.11662049929,10.60901519469917,.00092436239,105723.8156989788,98144.31607879698,7579.500419718563,105723.8156989788,98144.31607879698,7579.500419718563,108389.1118918931,98206.34684051573,10182.76542366797,0,0,0,0,0,0,0,0,0,0,0,0,0,0,0,2665.295948982239,62.03085327148438,2603.265187263489,0,0,0,0,0,0,105723.8191250538,98144.31607879698,7579.503360373317,.99369645,.99952626,.80825967,,,.25,.25
2016,604,11477.11662049929,10.60901519469917,.00092436239,105723.8156989788,98144.31607879698,7579.500419718563,105723.8156989788,98144.31607879698,7579.500419718563,108389.1118918931,98206.34684051573,10182.76542366797,0,0,0,0,0,0,0,0,0,0,0,0,0,0,0,2665.295948982239,62.03085327148438,2603.265187263489,0,0,0,0,0,0,105723.8191250538,98144.31607879698,7579.503360373317,1,1,1,,,1,1
2017,604,11477.11662049929,10.60901519469917,.00092436239,105723.8156989788,98144.31607879698,7579.500419718563,105723.8156989788,98144.31607879698,7579.500419718563,108389.1118918931,98206.34684051573,10182.76542366797,0,0,0,0,0,0,0,0,0,0,0,0,0,0,0,2665.295948982239,62.03085327148438,2603.265187263489,0,0,0,0,0,0,105723.8191250538,98144.31607879698,7579.503360373317,1,1,1,,,1,1
2018,604,11477.11662049929,10.60901519469917,.00092436239,105723.8156989788,98144.31607879698,7579.500419718563,105723.8156989788,98144.31607879698,7579.500419718563,108389.1118918931,98206.34684051573,10182.76542366797,0,0,0,0,0,0,0,0,0,0,0,0,0,0,0,2665.295948982239,62.03085327148438,2603.265187263489,0,0,0,0,0,0,105723.8191250538,98144.31607879698,7579.503360373317,1,1,1,,,1,1
2019,604,11477.11662049929,10.60901519469917,.00092436239,105723.8156989788,98144.31607879698,7579.500419718563,105723.8156989788,98144.31607879698,7579.500419718563,108389.1118918931,98206.34684051573,10182.76542366797,0,0,0,0,0,0,0,0,0,0,0,0,0,0,0,2665.295948982239,62.03085327148438,2603.265187263489,0,0,0,0,0,0,105723.8191250538,98144.31607879698,7579.503360373317,1,1,1,,,1,1
2020,604,11477.11662049929,10.60901519469917,.00092436239,105723.8156989788,98144.31607879698,7579.500419718563,105723.8156989788,98144.31607879698,7579.500419718563,108389.1118918931,98206.34684051573,10182.76542366797,0,0,0,0,0,0,0,0,0,0,0,0,0,0,0,2665.295948982239,62.03085327148438,2603.265187263489,0,0,0,0,0,0,105723.8191250538,98144.31607879698,7579.503360373317,.99789882,.99984211,.93608654,,,.75,.75
2021,604,11477.11662049929,10.60901519469917,.00092436239,105723.8156989788,98144.31607879698,7579.500419718563,105723.8156989788,98144.31607879698,7579.500419718563,108389.1118918931,98206.34684051573,10182.76542366797,0,0,0,0,0,0,0,0,0,0,0,0,0,0,0,2665.295948982239,62.03085327148438,2603.265187263489,0,0,0,0,0,0,105723.8191250538,98144.31607879698,7579.503360373317,.99369645,.99952626,.80825967,,,.25,.25
2022,604,11477.11662049929,10.60901519469917,.00092436239,105723.8156989788,98144.31607879698,7579.500419718563,105723.8156989788,98144.31607879698,7579.500419718563,108389.1118918931,98206.34684051573,10182.76542366797,0,0,0,0,0,0,0,0,0,0,0,0,0,0,0,2665.295948982239,62.03085327148438,2603.265187263489,0,0,0,0,0,0,105723.8191250538,98144.31607879698,7579.503360373317,.99285597,.99946314,.78269428,,,.14999999,.15000001
2023,604,11477.11662049929,10.60901519469917,.00092436239,105723.8156989788,98144.31607879698,7579.500419718563,105723.8156989788,98144.31607879698,7579.500419718563,108389.1118918931,98206.34684051573,10182.76542366797,0,0,0,0,0,0,0,0,0,0,0,0,0,0,0,2665.295948982239,62.03085327148438,2603.265187263489,0,0,0,0,0,0,105723.8191250538,98144.31607879698,7579.503360373317,1,1,1,,,1,1
2024,604,11477.11662049929,10.60901519469917,.00092436239,105723.8156989788,98144.31607879698,7579.500419718563,105723.8156989788,98144.31607879698,7579.500419718563,108389.1118918931,98206.34684051573,10182.76542366797,0,0,0,0,0,0,0,0,0,0,0,0,0,0,0,2665.295948982239,62.03085327148438,2603.265187263489,0,0,0,0,0,0,105723.8191250538,98144.31607879698,7579.503360373317,1,1,1,,,1,1
1993,605,2316.1293912112,17.63332382717635,.0076132724,409.0260266661644,339.9445766210556,69.08144627511501,426.6653025746346,352.2818574905396,74.38344043493271,792.5119992047548,638.2857316732407,154.226252771914,49.84201580286026,21.07830619812012,28.76370960474014,66.97821895778179,24.73164749145508,42.24657146632671,63.62073273956776,24.73164749145508,38.88908524811268,306.3534069061279,267.5662701129913,38.78713302314281,323.9926838874817,279.9035509824753,44.08912825584412,676.0606606006622,562.2540838718414,113.8065619692206,0,0,0,0,0,0,52.83060250431299,51.30000030994415,1.530602194368839,.59413636,.55955929,.81552011,1,1,.5,.75
1994,605,2316.1293912112,17.63332382717635,.0076132724,425.9928192198277,353.1748329401016,72.81798877567053,414.8677660524845,342.3509219884872,72.51684089004993,792.5119992047548,638.2857316732407,154.226252771914,37.60950961709023,13.32471752166748,24.28479209542274,68.09738039970398,24.73164749145508,43.3657329082489,63.62073273956776,24.73164749145508,38.88908524811268,335.5527075529099,288.55011510849,47.00259494036436,324.4276548624039,277.7262041568756,46.70144753158092,676.0606606006622,562.2540838718414,113.8065619692206,0,0,0,0,0,0,52.83060250431299,51.30000030994415,1.530602194368839,.44368786,.40805355,.68944204,.5,.5,.34999999,.75
1995,605,2316.1293912112,17.63332382717635,.0076132724,494.7845957577229,424.1347752809525,70.64981077238917,497.7851246893406,426.2430378198624,71.54207656905055,792.5119992047548,638.2857316732407,154.226252771914,38.79918685555458,22.42770004272461,16.37148681282997,68.51712542772293,24.73164749145508,43.78547793626785,63.62073273956776,24.73164749145508,38.88908524811268,403.1548043489456,350.4070749282837,52.7477197162807,406.1553359031677,352.5153374671936,53.63998813554645,676.0606606006622,562.2540838718414,113.8065619692206,0,0,0,0,0,0,52.83060250431299,51.30000030994415,1.530602194368839,1,1,1,1,1,1,1
1996,605,2316.1293912112,17.63332382717635,.0076132724,565.9178673028946,474.4622036218643,91.45566358417273,565.2239451408386,474.8522801399231,90.3716646656394,792.5119992047548,638.2857316732407,154.226252771914,56.66640651226044,21.27789497375488,35.38851153850555,68.9368704855442,24.73164749145508,44.20522299408913,63.62073273956776,24.73164749145508,38.88908524811268,456.4208570718765,401.8843083381653,54.53654863685369,455.7269356250763,402.2743848562241,53.45255043357611,676.0606606006622,562.2540838718414,113.8065619692206,0,0,0,0,0,0,52.83060250431299,51.30000030994415,1.530602194368839,.96102571,.95595592,1,1,1,.95000005,1
1997,605,2316.1293912112,17.63332382717635,.0076132724,581.9517990201712,490.768660068512,91.18314629048109,576.4203864187002,486.8132848739624,89.60711089521647,792.5119992047548,638.2857316732407,154.226252771914,61.93565891683102,22.72708320617676,39.20857571065426,69.35661551356316,24.73164749145508,44.62496802210808,63.62073273956776,24.73164749145508,38.88908524811268,467.1855356693268,416.7415765523911,50.44396645575762,461.6541247367859,412.7862013578415,48.86793272942305,676.0606606006622,562.2540838718414,113.8065619692206,0,0,0,0,0,0,52.83060250431299,51.30000030994415,1.530602194368839,.91882724,.91191185,.96310401,1,1,.90000004,.94999999
1998,605,2316.1293912112,17.63332382717635,.0076132724,430.0108293890953,361.6371853351593,68.37364005297422,452.5549402832985,381.0963550806046,71.45858490839601,792.5119992047548,638.2857316732407,154.226252771914,45.03576284646988,19.09543609619141,25.94032675027847,69.35661551356316,24.73164749145508,44.62496802210808,63.62073273956776,24.73164749145508,38.88908524811268,332.1444640159607,291.2417489290237,40.90271108597517,354.6885740756989,310.700918674469,43.98765510693192,676.0606606006622,562.2540838718414,113.8065619692206,0,0,0,0,0,0,52.83060250431299,51.30000030994415,1.530602194368839,1,1,1,1,1,1,1
1999,605,2316.1293912112,17.63332382717635,.0076132724,554.7357292771339,455.5656793117523,99.17005403339863,536.5204926133156,440.4308342933655,96.08966146409512,792.5119992047548,638.2857316732407,154.226252771914,60.82587999105453,21.13471221923828,39.69116777181625,69.35661551356316,24.73164749145508,44.62496802210808,63.62073273956776,24.73164749145508,38.88908524811268,441.079247713089,383.1309667825699,57.94828499853611,422.8640081882477,367.996121764183,54.86788956820965,676.0606606006622,562.2540838718414,113.8065619692206,0,0,0,0,0,0,52.83060250431299,51.30000030994415,1.530602194368839,.76293021,.7357356,.96310401,1,1,.69999999,.94999999
2000,605,2316.1293912112,17.63332382717635,.0076132724,459.6463308036327,363.1899471282959,96.45637894421816,461.7993600070477,362.6874506473541,99.11190410703421,792.5119992047548,638.2857316732407,154.226252771914,67.52784571051598,19.55969619750977,47.96814951300621,73.97381189465523,24.73164749145508,49.24216440320015,63.62073273956776,24.73164749145508,38.88908524811268,339.2878804206848,292.330250620842,46.95762506872416,341.4409112930298,291.8277541399002,49.61315190047026,676.0606606006622,562.2540838718414,113.8065619692206,0,0,0,0,0,0,52.83060250431299,51.30000030994415,1.530602194368839,.71402657,.6878168,.90099245,.89999998,.89999998,.64999998,.89999998
2001,605,2316.1293912112,17.63332382717635,.0076132724,427.3855551481247,327.8077499866486,99.57781121134758,431.1634862422943,331.7024263143539,99.46105452626944,792.5119992047548,638.2857316732407,154.226252771914,50.05675220489502,15.58527660369873,34.47147560119629,76.07253709435463,24.73164749145508,51.34088960289955,63.62073273956776,24.73164749145508,38.88908524811268,324.4982016086578,260.9224730730057,63.57573458552361,328.2761336565018,264.8171494007111,63.45897885411978,676.0606606006622,562.2540838718414,113.8065619692206,0,0,0,0,0,0,52.83060250431299,51.30000030994415,1.530602194368839,.5467298,.52711475,.67646331,.38999999,.38999999,.48999998,.76999998
2002,605,2316.1293912112,17.63332382717635,.0076132724,452.0754590928555,356.25090944767,95.82453391328454,448.7397727668285,356.0586466789246,92.68111123517156,792.5119992047548,638.2857316732407,154.226252771914,54.1204386651516,21.19545555114746,32.92498311400414,76.07253709435463,24.73164749145508,51.34088960289955,63.62073273956776,24.73164749145508,38.88908524811268,345.1244217157364,283.7554535865784,61.36895239725709,341.7887327671051,283.5631908178329,58.22552709653974,676.0606606006622,562.2540838718414,113.8065619692206,0,0,0,0,0,0,52.83060250431299,51.30000030994415,1.530602194368839,.74281478,.7241115,.88745719,.69999999,.69999999,.69999999,.94999999
2003,605,2316.1293912112,17.63332382717635,.0076132724,472.6854935884476,368.3109767436981,104.3745053373277,470.6528671979904,363.0001873970032,107.6526687704027,792.5119992047548,638.2857316732407,154.226252771914,66.15995383262634,18.50968551635742,47.65026831626892,76.15648591518402,24.73164749145508,51.42483842372894,63.62073273956776,24.73164749145508,38.88908524811268,353.6949372291565,298.5012909173965,55.19363480433822,351.6623129844666,293.1905015707016,58.47180038318038,676.0606606006622,562.2540838718414,113.8065619692206,0,0,0,0,0,0,52.83060250431299,51.30000030994415,1.530602194368839,.79842353,.77590489,.97478437,.89999998,.89999998,.75,1
2004,605,2316.1293912112,17.63332382717635,.0076132724,474.3116015791893,380.9734189510345,93.33817756548524,469.7142793536186,378.9622230529785,90.75205099955201,792.5119992047548,638.2857316732407,154.226252771914,51.86742478609085,20.08470153808594,31.78272324800491,76.62219315767288,24.73164749145508,51.8905456662178,63.62073273956776,24.73164749145508,38.88908524811268,369.6135740280151,309.5887171030045,60.02485186234117,365.0162525177002,307.5775212049484,57.43872601166368,676.0606606006622,562.2540838718414,113.8065619692206,0,0,0,0,0,0,52.83060250431299,51.30000030994415,1.530602194368839,.7394622,.72217411,.87484938,.65000004,.64999998,.69999999,.94999999
2005,605,2316.1293912112,17.63332382717635,.0076132724,460.4604266881943,356.1001193523407,104.3602974079549,467.6156384944916,363.6280580759048,103.9875698201358,792.5119992047548,638.2857316732407,154.226252771914,73.01849126815796,18.19728660583496,54.821204662323,76.62219315767288,24.73164749145508,51.8905456662178,63.62073273956776,24.73164749145508,38.88908524811268,334.6113328933716,286.6028324365616,48.00849052891135,341.7665442228317,294.1307711601257,47.63576246425509,676.0606606006622,562.2540838718414,113.8065619692206,0,0,0,0,0,0,52.83060250431299,51.30000030994415,1.530602194368839,.87637204,.86399311,.97478437,.89999998,.89999998,.85000002,1
2006,605,2316.1293912112,17.63332382717635,.0076132724,455.1727434098721,355.2043159008026,99.96841713413596,465.6953165233135,361.7233680486679,103.971939008683,792.5119992047548,638.2857316732407,154.226252771914,74.68537351489067,18.40555191040039,56.27982160449028,76.62219315767288,24.73164749145508,51.8905456662178,63.62073273956776,24.73164749145508,38.88908524811268,327.6567665338516,285.4987636804581,42.15799247846007,338.1793394088745,292.0178158283234,46.1615141145885,676.0606606006622,562.2540838718414,113.8065619692206,0,0,0,0,0,0,52.83060250431299,51.30000030994415,1.530602194368839,1,1,1,1,1,1,1
2007,605,2316.1293912112,17.63332382717635,.0076132724,471.5972057729959,371.3231636285782,100.2740299217403,453.390983119607,358.1048274040222,95.28614669665694,792.5119992047548,638.2857316732407,154.226252771914,50.26636900007725,15.47680473327637,34.78956426680088,76.62219315767288,24.73164749145508,51.8905456662178,63.62073273956776,24.73164749145508,38.88908524811268,368.5002330541611,304.5463585853577,63.95386224612594,350.2940127849579,291.3280223608017,58.96598140522838,676.0606606006622,562.2540838718414,113.8065619692206,0,0,0,0,0,0,52.83060250431299,51.30000030994415,1.530602194368839,.56731582,.54406047,.71465766,.60000002,.60000002,.5,.75
2008,605,2316.1293912112,17.63332382717635,.0076132724,377.4822421073914,286.6983871459961,90.78385137021542,381.1908934116364,288.5399606227875,92.65092977881432,792.5119992047548,638.2857316732407,154.226252771914,37.94524168968201,8.612688064575195,29.33255362510681,76.62219315767288,24.73164749145508,51.8905456662178,63.62073273956776,24.73164749145508,38.88908524811268,286.7063982486725,226.7856987714767,59.92069588601589,290.4150500297546,228.6272722482681,61.78777477145195,676.0606606006622,562.2540838718414,113.8065619692206,0,0,0,0,0,0,52.83060250431299,51.30000030994415,1.530602194368839,.47260439,.44628555,.65161866,.34999999,.34999999,.39999998,.75
2009,605,2316.1293912112,17.63332382717635,.0076132724,316.0048409998417,230.4576254487038,85.54721449501812,311.1426818668842,227.8076474070549,83.33503260649741,792.5119992047548,638.2857316732407,154.226252771914,41.87648203969002,8.647398948669434,33.22908309102058,76.62219315767288,24.73164749145508,51.8905456662178,63.62073273956776,24.73164749145508,38.88908524811268,221.2977571487427,170.5102261900902,50.7875299025327,216.4355959892273,167.8602481484413,48.57534598745406,676.0606606006622,562.2540838718414,113.8065619692206,0,0,0,0,0,0,52.83060250431299,51.30000030994415,1.530602194368839,.23243879,.18395847,.55353856,.40000001,.40000001,.099999994,.59999996
2010,605,2316.1293912112,17.63332382717635,.0076132724,389.6375114917755,287.4558380842209,102.1816691160202,394.8279409408569,292.4674578905106,102.3604767173529,792.5119992047548,638.2857316732407,154.226252771914,60.26818370819092,12.60880184173584,47.65938186645508,76.62219315767288,24.73164749145508,51.8905456662178,63.62073273956776,24.73164749145508,38.88908524811268,276.5387256145477,223.5470359325409,52.99168539047241,281.7291547060013,228.5586557388306,53.17049263417721,676.0606606006622,562.2540838718414,113.8065619692206,0,0,0,0,0,0,52.83060250431299,51.30000030994415,1.530602194368839,.52163637,.4961417,.68944204,.5,.5,.45000002,.75
2011,605,2316.1293912112,17.63332382717635,.0076132724,464.0413193106651,351.1090474128723,112.9322757311165,497.3907979130745,376.4238663911819,120.9669197462499,792.5119992047548,638.2857316732407,154.226252771914,67.97986823320389,11.78007411956787,56.19979411363602,76.62219315767288,24.73164749145508,51.8905456662178,63.62073273956776,24.73164749145508,38.88908524811268,343.2308503389359,288.0289729833603,55.20188118889928,376.5803283452988,313.3437919616699,63.23652460798621,676.0606606006622,562.2540838718414,113.8065619692206,0,0,0,0,0,0,52.83060250431299,51.30000030994415,1.530602194368839,.83069259,.81607425,.94956881,.80000001,.80000001,.79999995,1
2012,605,2316.1293912112,17.63332382717635,.0076132724,458.8973747193813,349.0101534128189,109.8872177228332,428.6467213332653,326.5246245861053,102.1221006214619,792.5119992047548,638.2857316732407,154.226252771914,47.8215865790844,13.91914463043213,33.90244194865227,76.62219315767288,24.73164749145508,51.8905456662178,63.62073273956776,24.73164749145508,38.88908524811268,358.2451862096786,283.7910084724426,74.45417415350676,327.9945313930511,261.3054796457291,66.68905562162399,676.0606606006622,562.2540838718414,113.8065619692206,0,0,0,0,0,0,52.83060250431299,51.30000030994415,1.530602194368839,.4927198,.45790964,.72726548,.65000004,.64999998,.39999998,.75
2013,605,2316.1293912112,17.63332382717635,.0076132724,394.3435119092464,291.3852239847183,102.9582855254412,399.1536665856838,293.0701645612717,106.0834976136684,792.5119992047548,638.2857316732407,154.226252771914,51.24306711554527,12.23565769195557,39.00740942358971,76.62219315767288,24.73164749145508,51.8905456662178,63.62073273956776,24.73164749145508,38.88908524811268,290.2698417901993,227.8495659828186,62.42027340829372,295.0799976587296,229.5345065593719,65.54548668861389,676.0606606006622,562.2540838718414,113.8065619692206,0,0,0,0,0,0,52.83060250431299,51.30000030994415,1.530602194368839,.31348315,.27010927,.61472273,.34999999,.34999999,.19999999,.69999999
2014,605,2316.1293912112,17.63332382717635,.0076132724,261.662411108613,183.2117007672787,78.45070830732584,250.5870607346296,176.2707524299622,74.31630861014128,792.5119992047548,638.2857316732407,154.226252771914,37.37932123243809,6.59510612487793,30.78421510756016,76.62219315767288,24.73164749145508,51.8905456662178,63.62073273956776,24.73164749145508,38.88908524811268,171.4524873495102,125.3165943324566,46.1358909830451,160.3771372139454,118.3756459951401,42.00149152427912,676.0606606006622,562.2540838718414,113.8065619692206,0,0,0,0,0,0,52.83060250431299,51.30000030994415,1.530602194368839,.12457387,.082308881,.39149198,.050000001,.050000001,0,.5
2015,605,2316.1293912112,17.63332382717635,.0076132724,255.1693945676088,179.5324113965034,75.63698258250952,254.4410303980112,178.8700100183487,75.57101824134588,792.5119992047548,638.2857316732407,154.226252771914,40.46618910133839,4.672979831695557,35.79320926964283,76.62219315767288,24.73164749145508,51.8905456662178,63.62073273956776,24.73164749145508,38.88908524811268,161.8726034164429,123.5594312548637,38.31317157298326,161.1442390084267,122.897029876709,38.24720699340105,676.0606606006622,562.2540838718414,113.8065619692206,0,0,0,0,0,0,52.83060250431299,51.30000030994415,1.530602194368839,.11851064,.08812093,.2448355,.2,.2,0,.25
2016,605,2316.1293912112,17.63332382717635,.0076132724,312.0337266027927,198.3362402021885,113.6974857971072,310.4100500047207,195.7660556733608,114.6439939886332,792.5119992047548,638.2857316732407,154.226252771914,56.74959823489189,8.048632621765137,48.70096561312675,76.62219315767288,24.73164749145508,51.8905456662178,63.62073273956776,24.73164749145508,38.88908524811268,202.4535239338875,138.9876072704792,63.46591605991125,200.8298497200012,136.4174227416515,64.41242663562298,676.0606606006622,562.2540838718414,113.8065619692206,0,0,0,0,0,0,52.83060250431299,51.30000030994415,1.530602194368839,.20365061,.14766379,.56707376,.60000002,.60000002,.049999997,.55000001
2017,605,2316.1293912112,17.63332382717635,.0076132724,431.1594829261303,313.7616816759109,117.397802695632,444.2390745580196,327.1239078044891,117.1151689067483,792.5119992047548,638.2857316732407,154.226252771914,68.86853978037834,12.55239582061768,56.31614395976067,76.62219315767288,24.73164749145508,51.8905456662178,63.62073273956776,24.73164749145508,38.88908524811268,309.4603390693665,249.9092855453491,59.55105496942997,322.5399327278137,263.2715116739273,59.26842320710421,676.0606606006622,562.2540838718414,113.8065619692206,0,0,0,0,0,0,52.83060250431299,51.30000030994415,1.530602194368839,.98994231,.99418795,.96217662,.84999996,.85000002,1,1
2018,605,2316.1293912112,17.63332382717635,.0076132724,431.7682545185089,305.9694572091103,125.7988062426448,417.5567573308945,293.0214630961418,124.5353052765131,792.5119992047548,638.2857316732407,154.226252771914,60.7985919713974,9.931709289550781,50.86688268184662,76.62219315767288,24.73164749145508,51.8905456662178,63.62073273956776,24.73164749145508,38.88908524811268,318.1390583515167,244.7377476096153,73.40131967514753,303.9275616407394,231.7897534966469,72.137819185853,676.0606606006622,562.2540838718414,113.8065619692206,0,0,0,0,0,0,52.83060250431299,51.30000030994415,1.530602194368839,.55055296,.5343737,.65161866,.34999999,.34999999,.5,.75
2019,605,2316.1293912112,17.63332382717635,.0076132724,428.9140167832375,318.1519215106964,110.7620924115181,442.4347189068794,330.1184446811676,112.3162748292089,792.5119992047548,638.2857316732407,154.226252771914,57.1657480597496,9.476125717163086,47.68962234258652,76.62219315767288,24.73164749145508,51.8905456662178,63.62073273956776,24.73164749145508,38.88908524811268,318.9176660776138,257.3757954835892,61.54186773300171,332.4383701086044,269.3423186540604,63.0960520580411,676.0606606006622,562.2540838718414,113.8065619692206,0,0,0,0,0,0,52.83060250431299,51.30000030994415,1.530602194368839,.78836578,.77009284,.93696094,.75000006,.75,.75,1
2020,605,2316.1293912112,17.63332382717635,.0076132724,354.9606944471598,273.2226907610893,81.73800881952047,350.3385649472475,266.2599672079086,84.07860387116671,792.5119992047548,638.2857316732407,154.226252771914,34.64101184904575,9.285215377807617,25.35579647123814,76.62219315767288,24.73164749145508,51.8905456662178,63.62073273956776,24.73164749145508,38.88908524811268,267.4890809059143,212.6374750733376,54.85161096602678,262.8669500946999,205.6747515201569,57.19220470637083,676.0606606006622,562.2540838718414,113.8065619692206,0,0,0,0,0,0,52.83060250431299,51.30000030994415,1.530602194368839,.30342543,.26429722,.57689929,.2,.2,.19999999,.69999999
2021,605,2316.1293912112,17.63332382717635,.0076132724,306.5210149586201,216.7164474725723,89.80456713028252,306.1135384738445,217.8832097649574,88.23032835312188,792.5119992047548,638.2857316732407,154.226252771914,42.50021967291832,6.942216873168945,35.55800279974937,76.62219315767288,24.73164749145508,51.8905456662178,63.62073273956776,24.73164749145508,38.88908524811268,211.1901929974556,158.4742302894592,52.71596235223114,210.7827166318893,159.6409925818443,51.14172369427979,676.0606606006622,562.2540838718414,113.8065619692206,0,0,0,0,0,0,52.83060250431299,51.30000030994415,1.530602194368839,.10845292,.082308881,.20701209,.050000001,.050000001,0,.25
2022,605,2316.1293912112,17.63332382717635,.0076132724,302.9804831594229,204.8725057244301,98.10797981917858,293.3830930441618,198.7363387346268,94.64675562083721,792.5119992047548,638.2857316732407,154.226252771914,51.19017766416073,2.091342926025391,49.09883473813534,76.62219315767288,24.73164749145508,51.8905456662178,63.62073273956776,24.73164749145508,38.88908524811268,198.959703207016,151.4811624884605,47.47854310274124,189.3623113036156,145.3449954986572,44.01731711626053,676.0606606006622,562.2540838718414,113.8065619692206,0,0,0,0,0,0,52.83060250431299,51.30000030994415,1.530602194368839,.11361163,.082308881,.26604563,.050000001,.050000001,0,.33000001
2023,605,2316.1293912112,17.63332382717635,.0076132724,397.8886727392673,302.4086134433746,95.48006047308445,398.3899417221546,302.5526827573776,95.83725930005312,792.5119992047548,638.2857316732407,154.226252771914,53.54411700367928,3.401686191558838,50.14243081212044,76.62219315767288,24.73164749145508,51.8905456662178,63.62073273956776,24.73164749145508,38.88908524811268,291.5139546394348,247.7069269418716,43.80702887475491,292.0152236223221,247.8509962558746,44.16422770172358,676.0606606006622,562.2540838718414,113.8065619692206,0,0,0,0,0,0,52.83060250431299,51.30000030994415,1.530602194368839,1,1,1,1,1,1,1
2024,605,2316.1293912112,17.63332382717635,.0076132724,411.0012998580933,324.3551731109619,86.64613246917725,418.785516500473,329.0772469043732,89.70826561748981,792.5119992047548,638.2857316732407,154.226252771914,42.02346885204315,3.878963708877563,38.14450514316559,76.62219315767288,24.73164749145508,51.8905456662178,63.62073273956776,24.73164749145508,38.88908524811268,316.1472284793854,269.1762090921402,46.97102510929108,323.9314460754395,273.8982828855515,50.03315921127796,676.0606606006622,562.2540838718414,113.8065619692206,0,0,0,0,0,0,52.83060250431299,51.30000030994415,1.530602194368839,.55390555,.53631109,.66422647,.40000001,.40000001,.5,.75
1993,606,2861.930038851699,1805.749758055434,.63095522,1142122.923143864,1140205.857918262,1917.063657701015,1195921.405389309,1193871.041929722,2050.35964435339,1402666.922585011,1401374.374062061,1292.549630045891,4836.921875,4836.921875,0,5675.2685546875,5675.2685546875,0,5675.2685546875,5675.2685546875,0,978507.4007167816,976590.3354911804,1917.063657701015,1032305.882962227,1030255.51950264,2050.35964435339,1238213.053478241,1236920.504955292,1292.549630045891,0,0,0,0,0,0,158778.6025052071,158778.6025052071,0,.83831918,.83839196,.75,1,,.8169055,.75
1994,606,2861.930038851699,1805.749758055434,.63095522,1053789.386676311,1051737.316679478,2052.071294188499,1055033.737500668,1053069.094608784,1964.643058896065,1402666.922585011,1401374.374062061,1292.549630045891,3057.67529296875,3057.67529296875,0,5675.2685546875,5675.2685546875,0,5675.2685546875,5675.2685546875,0,891953.1066808701,889901.0366840363,2052.071294188499,893197.4575052261,891232.8146133423,1964.643058896065,1238213.053478241,1236920.504955292,1292.549630045891,0,0,0,0,0,0,158778.6025052071,158778.6025052071,0,.64813447,.64802665,.75,.5,,.60352439,.75
1995,606,2861.930038851699,1805.749758055434,.63095522,1224238.207046032,1222185.040251255,2053.16623210907,1215961.925374508,1213853.946203709,2107.980145454407,1402666.922585011,1401374.374062061,1292.549630045891,5146.572265625,5146.572265625,0,5675.2685546875,5675.2685546875,0,5675.2685546875,5675.2685546875,0,1060313.027880669,1058259.861085892,2053.16623210907,1052036.746209145,1049928.767038345,2107.980145454407,1238213.053478241,1236920.504955292,1292.549630045891,0,0,0,0,0,0,158778.6025052071,158778.6025052071,0,1,1,1,1,,1,1
1996,606,2861.930038851699,1805.749758055434,.63095522,1245435.809287548,1242968.357357502,2467.455460071564,1218935.142891407,1216526.529497623,2408.613303780556,1402666.922585011,1401374.374062061,1292.549630045891,4882.72216796875,4882.72216796875,0,5675.2685546875,5675.2685546875,0,5675.2685546875,5675.2685546875,0,1081774.490473747,1079307.038543701,2467.455460071564,1055273.823589325,1052865.210195541,2408.613303780556,1238213.053478241,1236920.504955292,1292.549630045891,0,0,0,0,0,0,158778.6025052071,158778.6025052071,0,.98385584,.98383921,1,1,,.98169053,1
1997,606,2861.930038851699,1805.749758055434,.63095522,1249784.35248518,1247403.272825718,2381.075811862946,1229312.755945683,1226971.175396442,2341.578269481659,1402666.922585011,1401374.374062061,1292.549630045891,5215.27294921875,5215.27294921875,0,5675.2685546875,5675.2685546875,0,5675.2685546875,5675.2685546875,0,1085790.478739738,1083409.399080276,2381.075811862946,1065318.878782272,1062977.298233032,2341.578269481659,1238213.053478241,1236920.504955292,1292.549630045891,0,0,0,0,0,0,158778.6025052071,158778.6025052071,0,.96766382,.96767837,.94999999,1,,.96338111,.94999999
1998,606,2861.930038851699,1805.749758055434,.63095522,1005483.743059635,1003558.465584278,1925.275502681732,1060876.463247776,1058856.175405979,2020.282507896423,1402666.922585011,1401374.374062061,1292.549630045891,4381.90478515625,4381.90478515625,0,5675.2685546875,5675.2685546875,0,5675.2685546875,5675.2685546875,0,842323.2355251312,840397.9580497742,1925.275502681732,897715.9579105377,895695.6700687408,2020.282507896423,1238213.053478241,1236920.504955292,1292.549630045891,0,0,0,0,0,0,158778.6025052071,158778.6025052071,0,1,1,1,1,,1,1
1999,606,2861.930038851699,1805.749758055434,.63095522,1209773.511747837,1207486.904045582,2286.606715559959,1191577.140088558,1189354.250744343,2222.884337306023,1402666.922585011,1401374.374062061,1292.549630045891,4849.865234375,4849.865234375,0,5675.2685546875,5675.2685546875,0,5675.2685546875,5675.2685546875,0,1046145.042299271,1043858.434597015,2286.606715559959,1027948.678452492,1025725.789108276,2222.884337306023,1238213.053478241,1236920.504955292,1292.549630045891,0,0,0,0,0,0,158778.6025052071,158778.6025052071,0,.90308714,.90303522,.94999999,1,,.89014333,.94999999
2000,606,2861.930038851699,1805.749758055434,.63095522,1137923.333701611,1135794.900820255,2128.436264395714,1157720.144599438,1155566.306690693,2153.837783575058,1402666.922585011,1401374.374062061,1292.549630045891,4488.4404296875,4488.4404296875,0,5675.2685546875,5675.2685546875,0,5675.2685546875,5675.2685546875,0,974656.292719841,972527.8598384857,2128.436264395714,994453.1092329025,992299.2713241577,2153.837783575058,1238213.053478241,1236920.504955292,1292.549630045891,0,0,0,0,0,0,158778.6025052071,158778.6025052071,0,.88649052,.88646942,.90000004,.89999998,,.87183386,.90000004
2001,606,2861.930038851699,1805.749758055434,.63095522,1132849.10908556,1130722.816467762,2126.293547987938,1125984.305716038,1123839.92888689,2144.377816915512,1402666.922585011,1401374.374062061,1292.549630045891,3576.414794921875,3576.414794921875,0,5675.2685546875,5675.2685546875,0,5675.2685546875,5675.2685546875,0,970494.0954475403,968367.8028297424,2126.293547987938,963629.2923221588,961484.9154930115,2144.377816915512,1238213.053478241,1236920.504955292,1292.549630045891,0,0,0,0,0,0,158778.6025052071,158778.6025052071,0,.83264136,.83268946,.76999998,.38999999,,.81324363,.76999998
2002,606,2861.930038851699,1805.749758055434,.63095522,1162875.809548855,1160629.406927586,2246.399085521698,1180695.191221714,1178443.489742756,2251.702032804489,1402666.922585011,1401374.374062061,1292.549630045891,4863.8046875,4863.8046875,0,5675.2685546875,5675.2685546875,0,5675.2685546875,5675.2685546875,0,999233.4082155228,996987.0055942535,2246.399085521698,1017052.785982132,1014801.084503174,2251.702032804489,1238213.053478241,1236920.504955292,1292.549630045891,0,0,0,0,0,0,158778.6025052071,158778.6025052071,0,.90187329,.90182024,.94999999,.69999999,,.89014333,.94999999
2003,606,2861.930038851699,1805.749758055434,.63095522,1189497.171349049,1187225.517750263,2271.656266450882,1176957.541543484,1174680.467968464,2277.074344277382,1402666.922585011,1401374.374062061,1292.549630045891,4247.490234375,4247.490234375,0,5675.2685546875,5675.2685546875,0,5675.2685546875,5675.2685546875,0,1026471.08398056,1024199.430381775,2271.656266450882,1013931.454419136,1011654.380844116,2277.074344277382,1238213.053478241,1236920.504955292,1292.549630045891,0,0,0,0,0,0,158778.6025052071,158778.6025052071,0,.9188745,.918791,1,.89999998,,.90845275,1
2004,606,2861.930038851699,1805.749758055434,.63095522,1260327.43236208,1257991.683926105,2335.749310135841,1225246.892996311,1222969.590097904,2277.303669571877,1402666.922585011,1401374.374062061,1292.549630045891,4608.91552734375,4608.91552734375,0,5675.2685546875,5675.2685546875,0,5675.2685546875,5675.2685546875,0,1096939.916038513,1094604.167602539,2335.749310135841,1061859.376916885,1059582.074018478,2277.303669571877,1238213.053478241,1236920.504955292,1292.549630045891,0,0,0,0,0,0,158778.6025052071,158778.6025052071,0,.90167099,.90161777,.94999999,.64999998,,.89014333,.94999999
2005,606,2861.930038851699,1805.749758055434,.63095522,1142192.190769672,1139877.766449451,2314.421334147453,1182572.466255665,1180211.979679585,2360.488231062889,1402666.922585011,1401374.374062061,1292.549630045891,4175.802734375,4175.802734375,0,5675.2685546875,5675.2685546875,0,5675.2685546875,5675.2685546875,0,979237.7894363403,976923.3651161194,2314.421334147453,1019618.062969208,1017257.576393127,2360.488231062889,1238213.053478241,1236920.504955292,1292.549630045891,0,0,0,0,0,0,158778.6025052071,158778.6025052071,0,.95116287,.95111263,1,.89999998,,.94507164,1
2006,606,2861.930038851699,1805.749758055434,.63095522,1181750.988658428,1179456.246246815,2294.743803858757,1206175.830890179,1203812.426828861,2363.403186321259,1402666.922585011,1401374.374062061,1292.549630045891,4223.59423828125,4223.59423828125,0,5675.2685546875,5675.2685546875,0,5675.2685546875,5675.2685546875,0,1018748.79582119,1016454.053409576,2294.743803858757,1043173.638297081,1040810.234235764,2363.403186321259,1238213.053478241,1236920.504955292,1292.549630045891,0,0,0,0,0,0,158778.6025052071,158778.6025052071,0,1,1,1,1,,1,1
2007,606,2861.930038851699,1805.749758055434,.63095522,1144477.170753002,1141884.968780994,2592.200570583344,1086672.986123562,1084085.652040958,2587.337321996689,1402666.922585011,1401374.374062061,1292.549630045891,3551.523193359375,3551.523193359375,0,5675.2685546875,5675.2685546875,0,5675.2685546875,5675.2685546875,0,982147.0467634201,979554.8447914124,2592.200570583344,924342.8640871048,921755.5300045013,2587.337321996689,1238213.053478241,1236920.504955292,1292.549630045891,0,0,0,0,0,0,158778.6025052071,158778.6025052071,0,.83670074,.83677208,.75,.60000002,,.8169055,.75
2008,606,2861.930038851699,1805.749758055434,.63095522,1051327.388132572,1049088.827660084,2238.561203241348,1031959.094969273,1029881.110880375,2077.984527111053,1402666.922585011,1401374.374062061,1292.549630045891,1976.387329101563,1976.387329101563,0,5675.2685546875,5675.2685546875,0,5675.2685546875,5675.2685546875,0,890572.395368576,888333.8348960876,2238.561203241348,871204.1058673859,869126.1217784882,2077.984527111053,1238213.053478241,1236920.504955292,1292.549630045891,0,0,0,0,0,0,158778.6025052071,158778.6025052071,0,.80340087,.80343801,.75,.34999999,,.78028661,.75
2009,606,2861.930038851699,1805.749758055434,.63095522,984375.6331992149,982429.5578598976,1946.072841107845,980436.7247052193,978481.995657444,1954.729730784893,1402666.922585011,1401374.374062061,1292.549630045891,1984.352661132813,1984.352661132813,0,5675.2685546875,5675.2685546875,0,5675.2685546875,5675.2685546875,0,823612.6796197891,821666.6042804718,1946.072841107845,819673.7711257935,817719.0420780182,1954.729730784893,1238213.053478241,1236920.504955292,1292.549630045891,0,0,0,0,0,0,158778.6025052071,158778.6025052071,0,.70659471,.70667571,.59999996,.40000001,,.67042994,.59999996
2010,606,2861.930038851699,1805.749758055434,.63095522,1048702.284007549,1046741.597235203,1960.688366472721,1074709.434223652,1072696.982925892,2012.451234400272,1402666.922585011,1401374.374062061,1292.549630045891,2893.39111328125,2893.39111328125,0,5675.2685546875,5675.2685546875,0,5675.2685546875,5675.2685546875,0,887030.2890462875,885069.602273941,1960.688366472721,913037.4393234253,911024.9880256653,2012.451234400272,1238213.053478241,1236920.504955292,1292.549630045891,0,0,0,0,0,0,158778.6025052071,158778.6025052071,0,.82015198,.82020628,.75,.5,,.79859608,.75
2011,606,2861.930038851699,1805.749758055434,.63095522,1129982.101152897,1127857.658985615,2124.44299197197,1188257.502494335,1186033.359097004,2224.140312790871,1402666.922585011,1401374.374062061,1292.549630045891,2703.219970703125,2703.219970703125,0,5675.2685546875,5675.2685546875,0,5675.2685546875,5675.2685546875,0,968500.278799057,966375.8366317749,2124.44299197197,1026775.680048943,1024551.536651611,2224.140312790871,1238213.053478241,1236920.504955292,1292.549630045891,0,0,0,0,0,0,158778.6025052071,158778.6025052071,0,.93461406,.93454683,1,.80000001,,.92676222,1
2012,606,2861.930038851699,1805.749758055434,.63095522,1102577.446176052,1100289.107429981,2288.338840484619,1071808.067780018,1069551.491127491,2256.578484535217,1402666.922585011,1401374.374062061,1292.549630045891,3194.080810546875,3194.080810546875,0,5675.2685546875,5675.2685546875,0,5675.2685546875,5675.2685546875,0,940604.7624940872,938316.4237480164,2288.338840484619,909835.3882484436,907578.8115959167,2256.578484535217,1238213.053478241,1236920.504955292,1292.549630045891,0,0,0,0,0,0,158778.6025052071,158778.6025052071,0,.80461472,.80465293,.75,.64999998,,.78028661,.75
2013,606,2861.930038851699,1805.749758055434,.63095522,1034728.215498447,1032029.950520039,2698.263687312603,989973.7106366158,987227.9200024605,2745.790198743343,1402666.922585011,1401374.374062061,1292.549630045891,2807.764404296875,2807.764404296875,0,5675.2685546875,5675.2685546875,0,5675.2685546875,5675.2685546875,0,873141.8513355255,870443.5863571167,2698.263687312603,828387.3466567993,825641.556022644,2745.790198743343,1238213.053478241,1236920.504955292,1292.549630045891,0,0,0,0,0,0,158778.6025052071,158778.6025052071,0,.73877639,.7387948,.69999999,.34999999,,.70704883,.69999999
2014,606,2861.930038851699,1805.749758055434,.63095522,764047.7636885643,762180.4960713387,1867.264123395085,764849.7306542397,763096.7521243095,1752.979258671403,1402666.922585011,1401374.374062061,1292.549630045891,1513.404907226563,1513.404907226563,0,5675.2685546875,5675.2685546875,0,5675.2685546875,5675.2685546875,0,603755.7598772049,601888.4922599792,1867.264123395085,604557.7248897552,602804.7463598251,1752.979258671403,1238213.053478241,1236920.504955292,1292.549630045891,0,0,0,0,0,0,158778.6025052071,158778.6025052071,0,.47717381,.47713542,.5,.050000001,,.41197714,.5
2015,606,2861.930038851699,1805.749758055434,.63095522,672819.4940128326,671282.2950787544,1537.198322743177,670889.8180370331,669361.415956974,1528.400598973036,1402666.922585011,1401374.374062061,1292.549630045891,1072.327026367188,1072.327026367188,0,5675.2685546875,5675.2685546875,0,5675.2685546875,5675.2685546875,0,512968.5654578209,511431.3665237427,1537.198322743177,511038.8894820213,509510.4874019623,1528.400598973036,1238213.053478241,1236920.504955292,1292.549630045891,0,0,0,0,0,0,158778.6025052071,158778.6025052071,0,.53343338,.5336861,.25,.2,,.47535828,.25
2016,606,2861.930038851699,1805.749758055434,.63095522,902984.2195487022,901143.3892827034,1840.826890781522,892853.2811398506,891053.4646039009,1799.815669849515,1402666.922585011,1401374.374062061,1292.549630045891,1846.951416015625,1846.951416015625,0,5675.2685546875,5675.2685546875,0,5675.2685546875,5675.2685546875,0,742358.6702051163,740517.8399391174,1840.826890781522,732227.7317962646,730427.9152603149,1799.815669849515,1238213.053478241,1236920.504955292,1292.549630045891,0,0,0,0,0,0,158778.6025052071,158778.6025052071,0,.69121194,.69132483,.55000001,.60000002,,.65212047,.55000001
2017,606,2861.930038851699,1805.749758055434,.63095522,1067385.022819042,1065284.540827274,2100.482021152973,1120373.461693287,1118204.330219746,2169.135294795036,1402666.922585011,1401374.374062061,1292.549630045891,2880.447509765625,2880.447509765625,0,5675.2685546875,5675.2685546875,0,5675.2685546875,5675.2685546875,0,905725.9723768234,903625.4903850555,2100.482021152973,958714.4155845642,956545.2841110229,2169.135294795036,1238213.053478241,1236920.504955292,1292.549630045891,0,0,0,0,0,0,158778.6025052071,158778.6025052071,0,.99939311,.99939251,1,.85000002,,1,1
2018,606,2861.930038851699,1805.749758055434,.63095522,1032505.413022518,1030360.735477924,2144.682426154613,992152.9919037819,990055.3308167458,2097.661590635777,1402666.922585011,1401374.374062061,1292.549630045891,2279.068359375,2279.068359375,0,5675.2685546875,5675.2685546875,0,5675.2685546875,5675.2685546875,0,871447.7375497818,869303.060005188,2144.682426154613,831095.3204975128,828997.6594104767,2097.661590635777,1238213.053478241,1236920.504955292,1292.549630045891,0,0,0,0,0,0,158778.6025052071,158778.6025052071,0,.83568925,.83575964,.75,.34999999,,.8169055,.75
2019,606,2861.930038851699,1805.749758055434,.63095522,1012655.607326031,1010620.582754612,2035.024420201778,1047125.937878132,1045059.907833576,2066.029861569405,1402666.922585011,1401374.374062061,1292.549630045891,2174.52392578125,2174.52392578125,0,5675.2685546875,5675.2685546875,0,5675.2685546875,5675.2685546875,0,851702.4803471565,849667.4557757378,2035.024420201778,886172.8108992577,884106.780854702,2066.029861569405,1238213.053478241,1236920.504955292,1292.549630045891,0,0,0,0,0,0,158778.6025052071,158778.6025052071,0,.91826761,.91818357,1,.74999994,,.90845275,1
2020,606,2861.930038851699,1805.749758055434,.63095522,987499.9865918159,985313.1754174232,2186.812990427017,957204.1540312767,955052.0902371407,2152.067616701126,1402666.922585011,1401374.374062061,1292.549630045891,2130.71484375,2130.71484375,0,5675.2685546875,5675.2685546875,0,5675.2685546875,5675.2685546875,0,826590.665763855,824403.8545894623,2186.812990427017,796294.8371095657,794142.7733154297,2152.067616701126,1238213.053478241,1236920.504955292,1292.549630045891,0,0,0,0,0,0,158778.6025052071,158778.6025052071,0,.73816943,.73818731,.69999999,.2,,.70704883,.69999999
2021,606,2861.930038851699,1805.749758055434,.63095522,820665.8710188866,818836.5542912483,1829.31490932405,829448.4349684715,827678.5982804298,1769.835711821914,1402666.922585011,1401374.374062061,1292.549630045891,1593.057739257813,1593.057739257813,0,5675.2685546875,5675.2685546875,0,5675.2685546875,5675.2685546875,0,660294.2104692459,658464.8937416077,1829.31490932405,669076.7778978348,667306.9412097931,1769.835711821914,1238213.053478241,1236920.504955292,1292.549630045891,0,0,0,0,0,0,158778.6025052071,158778.6025052071,0,.53282642,.53307867,.25,.050000001,,.47535828,.25
2022,606,2861.930038851699,1805.749758055434,.63095522,858637.7483735085,857008.2086815834,1629.539539024234,833458.847058773,831832.508038044,1626.33837762475,1402666.922585011,1401374.374062061,1292.549630045891,479.9086608886719,479.9086608886719,0,5675.2685546875,5675.2685546875,0,5675.2685546875,5675.2685546875,0,699379.2437992096,697749.7041072845,1629.539539024234,674200.3434610367,672574.0044403076,1626.33837762475,1238213.053478241,1236920.504955292,1292.549630045891,0,0,0,0,0,0,158778.6025052071,158778.6025052071,0,.53290296,.53307867,.32999998,.050000001,,.47535828,.32999998
2023,606,2861.930038851699,1805.749758055434,.63095522,969021.784078598,967416.8281617165,1604.95965731144,974635.1481485367,972985.3302025795,1649.816640973091,1402666.922585011,1401374.374062061,1292.549630045891,780.5983276367188,780.5983276367188,0,5675.2685546875,5675.2685546875,0,5675.2685546875,5675.2685546875,0,809462.5876402855,807857.6317234039,1604.95965731144,815075.9517102242,813426.133764267,1649.816640973091,1238213.053478241,1236920.504955292,1292.549630045891,0,0,0,0,0,0,158778.6025052071,158778.6025052071,0,1,1,1,1,,1,1
2024,606,2861.930038851699,1805.749758055434,.63095522,993738.0739684105,991549.47712183,2188.596448898315,1013863.355295658,1011617.167080402,2246.190809488297,1402666.922585011,1401374.374062061,1292.549630045891,890.1210327148438,890.1210327148438,0,5675.2685546875,5675.2685546875,0,5675.2685546875,5675.2685546875,0,834069.3499727249,831880.7531261444,2188.596448898315,854194.6323070526,851948.4440917969,2246.190809488297,1238213.053478241,1236920.504955292,1292.549630045891,0,0,0,0,0,0,158778.6025052071,158778.6025052071,0,.83589154,.83596212,.75,.40000001,,.8169055,.75
1993,607,1586.279349730195,822.6328926060814,.51859272,532303.4348207015,528756.1428805366,3547.292064027077,532303.4348207015,528756.1428805366,3547.292064027077,535077.4463201064,529914.2969580665,5163.149607972389,0,0,0,0,0,0,0,0,0,0,0,0,0,0,0,2774.011804580688,1158.154138565063,1615.857543945313,0,0,0,0,0,0,532303.4348207015,528756.1428805366,3547.291941956764,.99474609,.99781448,.68704033,,,0,0
1994,607,1586.279349730195,822.6328926060814,.51859272,532303.4348207016,528756.1428805366,3547.292064027077,532303.4348207016,528756.1428805366,3547.292064027077,535077.4463201065,529914.2969580665,5163.149607972389,0,0,0,0,0,0,0,0,0,0,0,0,0,0,0,2774.011804580688,1158.154138565063,1615.857543945313,0,0,0,0,0,0,532303.4348207016,528756.1428805366,3547.291941956764,.99474609,.99781448,.68704033,,,0,0
1995,607,1586.279349730195,822.6328926060814,.51859272,532303.4348207015,528756.1428805366,3547.292064027077,532303.4348207015,528756.1428805366,3547.292064027077,535077.4463201064,529914.2969580665,5163.149607972389,0,0,0,0,0,0,0,0,0,0,0,0,0,0,0,2774.011804580688,1158.154138565063,1615.857543945313,0,0,0,0,0,0,532303.4348207015,528756.1428805366,3547.291941956764,.99474609,.99781448,.68704033,,,0,0
1996,607,1586.279349730195,822.6328926060814,.51859272,532303.4348207015,528756.1428805366,3547.292064027077,532303.4348207015,528756.1428805366,3547.292064027077,535077.4463201064,529914.2969580665,5163.149607972389,0,0,0,0,0,0,0,0,0,0,0,0,0,0,0,2774.011804580688,1158.154138565063,1615.857543945313,0,0,0,0,0,0,532303.4348207015,528756.1428805366,3547.291941956764,.99474609,.99781448,.68704033,,,0,0
1997,607,1586.279349730195,822.6328926060814,.51859272,532303.4348207015,528756.1428805366,3547.292064027077,532303.4348207015,528756.1428805366,3547.292064027077,535077.4463201064,529914.2969580665,5163.149607972389,0,0,0,0,0,0,0,0,0,0,0,0,0,0,0,2774.011804580688,1158.154138565063,1615.857543945313,0,0,0,0,0,0,532303.4348207015,528756.1428805366,3547.291941956764,1,1,1,,,1,1
1998,607,1586.279349730195,822.6328926060814,.51859272,532303.4348207016,528756.1428805366,3547.292064027077,532303.4348207016,528756.1428805366,3547.292064027077,535077.4463201065,529914.2969580665,5163.149607972389,0,0,0,0,0,0,0,0,0,0,0,0,0,0,0,2774.011804580688,1158.154138565063,1615.857543945313,0,0,0,0,0,0,532303.4348207016,528756.1428805366,3547.291941956764,.99642736,.99851382,.78718746,,,.31999999,.32000002
1999,607,1586.279349730195,822.6328926060814,.51859272,532303.4348207016,528756.1428805366,3547.292064027077,532303.4348207016,528756.1428805366,3547.292064027077,535077.4463201065,529914.2969580665,5163.149607972389,0,0,0,0,0,0,0,0,0,0,0,0,0,0,0,2774.011804580688,1158.154138565063,1615.857543945313,0,0,0,0,0,0,532303.4348207016,528756.1428805366,3547.291941956764,.99679512,.99866682,.80909461,,,.39000002,.39000002
2000,607,1586.279349730195,822.6328926060814,.51859272,532303.4348207015,528756.1428805366,3547.292064027077,532303.4348207015,528756.1428805366,3547.292064027077,535077.4463201064,529914.2969580665,5163.149607972389,0,0,0,0,0,0,0,0,0,0,0,0,0,0,0,2774.011804580688,1158.154138565063,1615.857543945313,0,0,0,0,0,0,532303.4348207015,528756.1428805366,3547.291941956764,.99779338,.99908209,.86855692,,,.58000004,.57999998
2001,607,1586.279349730195,822.6328926060814,.51859272,532303.4348207016,528756.1428805366,3547.292064027077,532303.4348207016,528756.1428805366,3547.292064027077,535077.4463201065,529914.2969580665,5163.149607972389,0,0,0,0,0,0,0,0,0,0,0,0,0,0,0,2774.011804580688,1158.154138565063,1615.857543945313,0,0,0,0,0,0,532303.4348207016,528756.1428805366,3547.291941956764,.99590194,.99829525,.75589144,,,.22,.22
2002,607,1586.279349730195,822.6328926060814,.51859272,532303.4348207016,528756.1428805366,3547.292064027077,532303.4348207016,528756.1428805366,3547.292064027077,535077.4463201065,529914.2969580665,5163.149607972389,0,0,0,0,0,0,0,0,0,0,0,0,0,0,0,2774.011804580688,1158.154138565063,1615.857543945313,0,0,0,0,0,0,532303.4348207016,528756.1428805366,3547.291941956764,.99516642,.9979893,.71207714,,,.079999998,.080000006
2003,607,1586.279349730195,822.6328926060814,.51859272,532303.4348207015,528756.1428805366,3547.292064027077,532303.4348207015,528756.1428805366,3547.292064027077,535077.4463201064,529914.2969580665,5163.149607972389,0,0,0,0,0,0,0,0,0,0,0,0,0,0,0,2774.011804580688,1158.154138565063,1615.857543945313,0,0,0,0,0,0,532303.4348207015,528756.1428805366,3547.291941956764,.99506134,.99794561,.70581794,,,.060000002,.060000002
2004,607,1586.279349730195,822.6328926060814,.51859272,532303.4348207015,528756.1428805366,3547.292064027077,532303.4348207015,528756.1428805366,3547.292064027077,535077.4463201064,529914.2969580665,5163.149607972389,0,0,0,0,0,0,0,0,0,0,0,0,0,0,0,2774.011804580688,1158.154138565063,1615.857543945313,0,0,0,0,0,0,532303.4348207015,528756.1428805366,3547.291941956764,.99474609,.99781448,.68704033,,,0,0
2005,607,1586.279349730195,822.6328926060814,.51859272,532303.4348207016,528756.1428805366,3547.292064027077,532303.4348207016,528756.1428805366,3547.292064027077,535077.4463201065,529914.2969580665,5163.149607972389,0,0,0,0,0,0,0,0,0,0,0,0,0,0,0,2774.011804580688,1158.154138565063,1615.857543945313,0,0,0,0,0,0,532303.4348207016,528756.1428805366,3547.291941956764,.9962036,.99842077,.77386141,,,.27741936,.27741936
2006,607,1586.279349730195,822.6328926060814,.51859272,532303.4348207015,528756.1428805366,3547.292064027077,532303.4348207015,528756.1428805366,3547.292064027077,535077.4463201064,529914.2969580665,5163.149607972389,0,0,0,0,0,0,0,0,0,0,0,0,0,0,0,2774.011804580688,1158.154138565063,1615.857543945313,0,0,0,0,0,0,532303.4348207015,528756.1428805366,3547.291941956764,1,1,1,,,1,1
2007,607,1586.279349730195,822.6328926060814,.51859272,532303.4348207015,528756.1428805366,3547.292064027077,532303.4348207015,528756.1428805366,3547.292064027077,535077.4463201064,529914.2969580665,5163.149607972389,0,0,0,0,0,0,0,0,0,0,0,0,0,0,0,2774.011804580688,1158.154138565063,1615.857543945313,0,0,0,0,0,0,532303.4348207015,528756.1428805366,3547.291941956764,.99627143,.99844897,.77789956,,,.29032257,.29032257
2008,607,1586.279349730195,822.6328926060814,.51859272,532303.4348207016,528756.1428805366,3547.292064027077,532303.4348207016,528756.1428805366,3547.292064027077,535077.4463201065,529914.2969580665,5163.149607972389,0,0,0,0,0,0,0,0,0,0,0,0,0,0,0,2774.011804580688,1158.154138565063,1615.857543945313,0,0,0,0,0,0,532303.4348207016,528756.1428805366,3547.291941956764,.99593246,.99830794,.75770867,,,.22580644,.22580643
2009,607,1586.279349730195,822.6328926060814,.51859272,532303.4348207015,528756.1428805366,3547.292064027077,532303.4348207015,528756.1428805366,3547.292064027077,535077.4463201064,529914.2969580665,5163.149607972389,0,0,0,0,0,0,0,0,0,0,0,0,0,0,0,2774.011804580688,1158.154138565063,1615.857543945313,0,0,0,0,0,0,532303.4348207015,528756.1428805366,3547.291941956764,.9953562,.99806827,.72338402,,,.11612904,.11612903
2010,607,1586.279349730195,822.6328926060814,.51859272,532303.4348207015,528756.1428805366,3547.292064027077,532303.4348207015,528756.1428805366,3547.292064027077,535077.4463201064,529914.2969580665,5163.149607972389,0,0,0,0,0,0,0,0,0,0,0,0,0,0,0,2774.011804580688,1158.154138565063,1615.857543945313,0,0,0,0,0,0,532303.4348207015,528756.1428805366,3547.291941956764,1,1,1,,,1,1
2011,607,1586.279349730195,822.6328926060814,.51859272,532303.4348207016,528756.1428805366,3547.292064027077,532303.4348207016,528756.1428805366,3547.292064027077,535077.4463201065,529914.2969580665,5163.149607972389,0,0,0,0,0,0,0,0,0,0,0,0,0,0,0,2774.011804580688,1158.154138565063,1615.857543945313,0,0,0,0,0,0,532303.4348207016,528756.1428805366,3547.291941956764,1,1,1,,,1,1
2012,607,1586.279349730195,822.6328926060814,.51859272,532303.4348207015,528756.1428805366,3547.292064027077,532303.4348207015,528756.1428805366,3547.292064027077,535077.4463201064,529914.2969580665,5163.149607972389,0,0,0,0,0,0,0,0,0,0,0,0,0,0,0,2774.011804580688,1158.154138565063,1615.857543945313,0,0,0,0,0,0,532303.4348207015,528756.1428805366,3547.291941956764,1,1,1,,,1,1
2013,607,1586.279349730195,822.6328926060814,.51859272,532303.4348207015,528756.1428805366,3547.292064027077,532303.4348207015,528756.1428805366,3547.292064027077,535077.4463201064,529914.2969580665,5163.149607972389,0,0,0,0,0,0,0,0,0,0,0,0,0,0,0,2774.011804580688,1158.154138565063,1615.857543945313,0,0,0,0,0,0,532303.4348207015,528756.1428805366,3547.291941956764,1,1,1,,,1,1
2014,607,1586.279349730195,822.6328926060814,.51859272,532303.4348207015,528756.1428805366,3547.292064027077,532303.4348207015,528756.1428805366,3547.292064027077,535077.4463201064,529914.2969580665,5163.149607972389,0,0,0,0,0,0,0,0,0,0,0,0,0,0,0,2774.011804580688,1158.154138565063,1615.857543945313,0,0,0,0,0,0,532303.4348207015,528756.1428805366,3547.291941956764,.99763572,.99901652,.85916817,,,.55000001,.55000001
2015,607,1586.279349730195,822.6328926060814,.51859272,532303.4348207015,528756.1428805366,3547.292064027077,532303.4348207015,528756.1428805366,3547.292064027077,535077.4463201064,529914.2969580665,5163.149607972389,0,0,0,0,0,0,0,0,0,0,0,0,0,0,0,2774.011804580688,1158.154138565063,1615.857543945313,0,0,0,0,0,0,532303.4348207015,528756.1428805366,3547.291941956764,.99474609,.99781448,.68704033,,,0,0
2016,607,1586.279349730195,822.6328926060814,.51859272,532303.4348207015,528756.1428805366,3547.292064027077,532303.4348207015,528756.1428805366,3547.292064027077,535077.4463201064,529914.2969580665,5163.149607972389,0,0,0,0,0,0,0,0,0,0,0,0,0,0,0,2774.011804580688,1158.154138565063,1615.857543945313,0,0,0,0,0,0,532303.4348207015,528756.1428805366,3547.291941956764,.99474609,.99781448,.68704033,,,0,0
2017,607,1586.279349730195,822.6328926060814,.51859272,532303.4348207015,528756.1428805366,3547.292064027077,532303.4348207015,528756.1428805366,3547.292064027077,535077.4463201064,529914.2969580665,5163.149607972389,0,0,0,0,0,0,0,0,0,0,0,0,0,0,0,2774.011804580688,1158.154138565063,1615.857543945313,0,0,0,0,0,0,532303.4348207015,528756.1428805366,3547.291941956764,1,1,1,,,1,1
2018,607,1586.279349730195,822.6328926060814,.51859272,532303.4348207015,528756.1428805366,3547.292064027077,532303.4348207015,528756.1428805366,3547.292064027077,535077.4463201064,529914.2969580665,5163.149607972389,0,0,0,0,0,0,0,0,0,0,0,0,0,0,0,2774.011804580688,1158.154138565063,1615.857543945313,0,0,0,0,0,0,532303.4348207015,528756.1428805366,3547.291941956764,1,1,1,,,1,1
2019,607,1586.279349730195,822.6328926060814,.51859272,532303.4348207015,528756.1428805366,3547.292064027077,532303.4348207015,528756.1428805366,3547.292064027077,535077.4463201064,529914.2969580665,5163.149607972389,0,0,0,0,0,0,0,0,0,0,0,0,0,0,0,2774.011804580688,1158.154138565063,1615.857543945313,0,0,0,0,0,0,532303.4348207015,528756.1428805366,3547.291941956764,1,1,1,,,1,1
2020,607,1586.279349730195,822.6328926060814,.51859272,532303.4348207015,528756.1428805366,3547.292064027077,532303.4348207015,528756.1428805366,3547.292064027077,535077.4463201064,529914.2969580665,5163.149607972389,0,0,0,0,0,0,0,0,0,0,0,0,0,0,0,2774.011804580688,1158.154138565063,1615.857543945313,0,0,0,0,0,0,532303.4348207015,528756.1428805366,3547.291941956764,1,1,1,,,1,1
2021,607,1586.279349730195,822.6328926060814,.51859272,532303.4348207015,528756.1428805366,3547.292064027077,532303.4348207015,528756.1428805366,3547.292064027077,535077.4463201064,529914.2969580665,5163.149607972389,0,0,0,0,0,0,0,0,0,0,0,0,0,0,0,2774.011804580688,1158.154138565063,1615.857543945313,0,0,0,0,0,0,532303.4348207015,528756.1428805366,3547.291941956764,1,1,1,,,1,1
2022,607,1586.279349730195,822.6328926060814,.51859272,532303.4348207015,528756.1428805366,3547.292064027077,532303.4348207015,528756.1428805366,3547.292064027077,535077.4463201064,529914.2969580665,5163.149607972389,0,0,0,0,0,0,0,0,0,0,0,0,0,0,0,2774.011804580688,1158.154138565063,1615.857543945313,0,0,0,0,0,0,532303.4348207015,528756.1428805366,3547.291941956764,.99474609,.99781448,.68704033,,,0,0
2023,607,1586.279349730195,822.6328926060814,.51859272,532303.4348207015,528756.1428805366,3547.292064027077,532303.4348207015,528756.1428805366,3547.292064027077,535077.4463201064,529914.2969580665,5163.149607972389,0,0,0,0,0,0,0,0,0,0,0,0,0,0,0,2774.011804580688,1158.154138565063,1615.857543945313,0,0,0,0,0,0,532303.4348207015,528756.1428805366,3547.291941956764,1,1,1,,,1,1
2024,607,1586.279349730195,822.6328926060814,.51859272,532303.4348207015,528756.1428805366,3547.292064027077,532303.4348207015,528756.1428805366,3547.292064027077,535077.4463201064,529914.2969580665,5163.149607972389,0,0,0,0,0,0,0,0,0,0,0,0,0,0,0,2774.011804580688,1158.154138565063,1615.857543945313,0,0,0,0,0,0,532303.4348207015,528756.1428805366,3547.291941956764,1,1,1,,,1,1
1993,608,1409.012559512,908.9102172851563,.64506894,963690.291301012,963690.291301012,0,963690.291301012,963690.291301012,0,963690.291301012,963690.291301012,0,0,0,0,0,0,0,0,0,0,0,0,0,0,0,0,0,0,0,0,0,0,0,0,0,963690.291301012,963690.291301012,0,1,1,,,,,
1994,608,1409.012559512,908.9102172851563,.64506894,963690.291301012,963690.291301012,0,963690.291301012,963690.291301012,0,963690.291301012,963690.291301012,0,0,0,0,0,0,0,0,0,0,0,0,0,0,0,0,0,0,0,0,0,0,0,0,0,963690.291301012,963690.291301012,0,1,1,,,,,
1995,608,1409.012559512,908.9102172851563,.64506894,963690.291301012,963690.291301012,0,963690.291301012,963690.291301012,0,963690.291301012,963690.291301012,0,0,0,0,0,0,0,0,0,0,0,0,0,0,0,0,0,0,0,0,0,0,0,0,0,963690.291301012,963690.291301012,0,1,1,,,,,
1996,608,1409.012559512,908.9102172851563,.64506894,963690.291301012,963690.291301012,0,963690.291301012,963690.291301012,0,963690.291301012,963690.291301012,0,0,0,0,0,0,0,0,0,0,0,0,0,0,0,0,0,0,0,0,0,0,0,0,0,963690.291301012,963690.291301012,0,1,1,,,,,
1997,608,1409.012559512,908.9102172851563,.64506894,963690.291301012,963690.291301012,0,963690.291301012,963690.291301012,0,963690.291301012,963690.291301012,0,0,0,0,0,0,0,0,0,0,0,0,0,0,0,0,0,0,0,0,0,0,0,0,0,963690.291301012,963690.291301012,0,1,1,,,,,
1998,608,1409.012559512,908.9102172851563,.64506894,963690.291301012,963690.291301012,0,963690.291301012,963690.291301012,0,963690.291301012,963690.291301012,0,0,0,0,0,0,0,0,0,0,0,0,0,0,0,0,0,0,0,0,0,0,0,0,0,963690.291301012,963690.291301012,0,1,1,,,,,
1999,608,1409.012559512,908.9102172851563,.64506894,963690.291301012,963690.291301012,0,963690.291301012,963690.291301012,0,963690.291301012,963690.291301012,0,0,0,0,0,0,0,0,0,0,0,0,0,0,0,0,0,0,0,0,0,0,0,0,0,963690.291301012,963690.291301012,0,1,1,,,,,
2000,608,1409.012559512,908.9102172851563,.64506894,963690.291301012,963690.291301012,0,963690.291301012,963690.291301012,0,963690.291301012,963690.291301012,0,0,0,0,0,0,0,0,0,0,0,0,0,0,0,0,0,0,0,0,0,0,0,0,0,963690.291301012,963690.291301012,0,1,1,,,,,
2001,608,1409.012559512,908.9102172851563,.64506894,963690.291301012,963690.291301012,0,963690.291301012,963690.291301012,0,963690.291301012,963690.291301012,0,0,0,0,0,0,0,0,0,0,0,0,0,0,0,0,0,0,0,0,0,0,0,0,0,963690.291301012,963690.291301012,0,1,1,,,,,
2002,608,1409.012559512,908.9102172851563,.64506894,963690.291301012,963690.291301012,0,963690.291301012,963690.291301012,0,963690.291301012,963690.291301012,0,0,0,0,0,0,0,0,0,0,0,0,0,0,0,0,0,0,0,0,0,0,0,0,0,963690.291301012,963690.291301012,0,1,1,,,,,
2003,608,1409.012559512,908.9102172851563,.64506894,963690.291301012,963690.291301012,0,963690.291301012,963690.291301012,0,963690.291301012,963690.291301012,0,0,0,0,0,0,0,0,0,0,0,0,0,0,0,0,0,0,0,0,0,0,0,0,0,963690.291301012,963690.291301012,0,1,1,,,,,
2004,608,1409.012559512,908.9102172851563,.64506894,963690.291301012,963690.291301012,0,963690.291301012,963690.291301012,0,963690.291301012,963690.291301012,0,0,0,0,0,0,0,0,0,0,0,0,0,0,0,0,0,0,0,0,0,0,0,0,0,963690.291301012,963690.291301012,0,1,1,,,,,
2005,608,1409.012559512,908.9102172851563,.64506894,963690.291301012,963690.291301012,0,963690.291301012,963690.291301012,0,963690.291301012,963690.291301012,0,0,0,0,0,0,0,0,0,0,0,0,0,0,0,0,0,0,0,0,0,0,0,0,0,963690.291301012,963690.291301012,0,1,1,,,,,
2006,608,1409.012559512,908.9102172851563,.64506894,963690.291301012,963690.291301012,0,963690.291301012,963690.291301012,0,963690.291301012,963690.291301012,0,0,0,0,0,0,0,0,0,0,0,0,0,0,0,0,0,0,0,0,0,0,0,0,0,963690.291301012,963690.291301012,0,1,1,,,,,
2007,608,1409.012559512,908.9102172851563,.64506894,963690.291301012,963690.291301012,0,963690.291301012,963690.291301012,0,963690.291301012,963690.291301012,0,0,0,0,0,0,0,0,0,0,0,0,0,0,0,0,0,0,0,0,0,0,0,0,0,963690.291301012,963690.291301012,0,1,1,,,,,
2008,608,1409.012559512,908.9102172851563,.64506894,963690.291301012,963690.291301012,0,963690.291301012,963690.291301012,0,963690.291301012,963690.291301012,0,0,0,0,0,0,0,0,0,0,0,0,0,0,0,0,0,0,0,0,0,0,0,0,0,963690.291301012,963690.291301012,0,1,1,,,,,
2009,608,1409.012559512,908.9102172851563,.64506894,963690.291301012,963690.291301012,0,963690.291301012,963690.291301012,0,963690.291301012,963690.291301012,0,0,0,0,0,0,0,0,0,0,0,0,0,0,0,0,0,0,0,0,0,0,0,0,0,963690.291301012,963690.291301012,0,1,1,,,,,
2010,608,1409.012559512,908.9102172851563,.64506894,963690.291301012,963690.291301012,0,963690.291301012,963690.291301012,0,963690.291301012,963690.291301012,0,0,0,0,0,0,0,0,0,0,0,0,0,0,0,0,0,0,0,0,0,0,0,0,0,963690.291301012,963690.291301012,0,1,1,,,,,
2011,608,1409.012559512,908.9102172851563,.64506894,963690.291301012,963690.291301012,0,963690.291301012,963690.291301012,0,963690.291301012,963690.291301012,0,0,0,0,0,0,0,0,0,0,0,0,0,0,0,0,0,0,0,0,0,0,0,0,0,963690.291301012,963690.291301012,0,1,1,,,,,
2012,608,1409.012559512,908.9102172851563,.64506894,963690.291301012,963690.291301012,0,963690.291301012,963690.291301012,0,963690.291301012,963690.291301012,0,0,0,0,0,0,0,0,0,0,0,0,0,0,0,0,0,0,0,0,0,0,0,0,0,963690.291301012,963690.291301012,0,1,1,,,,,
2013,608,1409.012559512,908.9102172851563,.64506894,963690.291301012,963690.291301012,0,963690.291301012,963690.291301012,0,963690.291301012,963690.291301012,0,0,0,0,0,0,0,0,0,0,0,0,0,0,0,0,0,0,0,0,0,0,0,0,0,963690.291301012,963690.291301012,0,1,1,,,,,
2014,608,1409.012559512,908.9102172851563,.64506894,963690.291301012,963690.291301012,0,963690.291301012,963690.291301012,0,963690.291301012,963690.291301012,0,0,0,0,0,0,0,0,0,0,0,0,0,0,0,0,0,0,0,0,0,0,0,0,0,963690.291301012,963690.291301012,0,1,1,,,,,
2015,608,1409.012559512,908.9102172851563,.64506894,963690.291301012,963690.291301012,0,963690.291301012,963690.291301012,0,963690.291301012,963690.291301012,0,0,0,0,0,0,0,0,0,0,0,0,0,0,0,0,0,0,0,0,0,0,0,0,0,963690.291301012,963690.291301012,0,1,1,,,,,
2016,608,1409.012559512,908.9102172851563,.64506894,963690.291301012,963690.291301012,0,963690.291301012,963690.291301012,0,963690.291301012,963690.291301012,0,0,0,0,0,0,0,0,0,0,0,0,0,0,0,0,0,0,0,0,0,0,0,0,0,963690.291301012,963690.291301012,0,1,1,,,,,
2017,608,1409.012559512,908.9102172851563,.64506894,963690.291301012,963690.291301012,0,963690.291301012,963690.291301012,0,963690.291301012,963690.291301012,0,0,0,0,0,0,0,0,0,0,0,0,0,0,0,0,0,0,0,0,0,0,0,0,0,963690.291301012,963690.291301012,0,1,1,,,,,
2018,608,1409.012559512,908.9102172851563,.64506894,963690.291301012,963690.291301012,0,963690.291301012,963690.291301012,0,963690.291301012,963690.291301012,0,0,0,0,0,0,0,0,0,0,0,0,0,0,0,0,0,0,0,0,0,0,0,0,0,963690.291301012,963690.291301012,0,1,1,,,,,
2019,608,1409.012559512,908.9102172851563,.64506894,963690.291301012,963690.291301012,0,963690.291301012,963690.291301012,0,963690.291301012,963690.291301012,0,0,0,0,0,0,0,0,0,0,0,0,0,0,0,0,0,0,0,0,0,0,0,0,0,963690.291301012,963690.291301012,0,1,1,,,,,
2020,608,1409.012559512,908.9102172851563,.64506894,963690.291301012,963690.291301012,0,963690.291301012,963690.291301012,0,963690.291301012,963690.291301012,0,0,0,0,0,0,0,0,0,0,0,0,0,0,0,0,0,0,0,0,0,0,0,0,0,963690.291301012,963690.291301012,0,1,1,,,,,
2021,608,1409.012559512,908.9102172851563,.64506894,963690.291301012,963690.291301012,0,963690.291301012,963690.291301012,0,963690.291301012,963690.291301012,0,0,0,0,0,0,0,0,0,0,0,0,0,0,0,0,0,0,0,0,0,0,0,0,0,963690.291301012,963690.291301012,0,1,1,,,,,
2022,608,1409.012559512,908.9102172851563,.64506894,963690.291301012,963690.291301012,0,963690.291301012,963690.291301012,0,963690.291301012,963690.291301012,0,0,0,0,0,0,0,0,0,0,0,0,0,0,0,0,0,0,0,0,0,0,0,0,0,963690.291301012,963690.291301012,0,1,1,,,,,
2023,608,1409.012559512,908.9102172851563,.64506894,963690.291301012,963690.291301012,0,963690.291301012,963690.291301012,0,963690.291301012,963690.291301012,0,0,0,0,0,0,0,0,0,0,0,0,0,0,0,0,0,0,0,0,0,0,0,0,0,963690.291301012,963690.291301012,0,1,1,,,,,
2024,608,1409.012559512,908.9102172851563,.64506894,963690.291301012,963690.291301012,0,963690.291301012,963690.291301012,0,963690.291301012,963690.291301012,0,0,0,0,0,0,0,0,0,0,0,0,0,0,0,0,0,0,0,0,0,0,0,0,0,963690.291301012,963690.291301012,0,1,1,,,,,
1993,609,4293.177144744745,2713.674963764846,.63209015,1256304.604162015,1256073.911807455,230.6923547387123,1257066.597943284,1256893.948994078,172.6489493846893,1374937.476844855,1374659.00059358,278.4762514531612,0,0,0,0,0,0,0,0,0,485954.7536309958,485810.0886964798,144.6649345159531,486716.7474113107,486630.1258821487,86.62152916193008,604587.6067830622,604395.1579518318,192.448831230402,0,0,0,0,0,0,770349.8462576047,770263.8188375607,86.02742022275925,.97381651,.97381121,1,,,.94043523,1
1994,609,4293.177144744745,2713.674963764846,.63209015,956458.5970118865,956241.857518591,216.7394934743643,957149.4909067079,956932.2669633999,217.2239434868097,1374937.476844855,1374659.00059358,278.4762514531612,0,0,0,0,0,0,0,0,0,186108.7583905905,185978.0463173389,130.712073251605,186799.6474021226,186668.4508788586,131.1965232640505,604587.6067830622,604395.1579518318,192.448831230402,0,0,0,0,0,0,770349.8462576047,770263.8188375607,86.02742022275925,.70752722,.70749593,.86178434,,,.33471781,.79999995
1995,609,4293.177144744745,2713.674963764846,.63209015,1287727.1426045,1287527.225718893,199.9168857857585,1289401.456039548,1289202.995729841,198.4603098854423,1374937.476844855,1374659.00059358,278.4762514531612,0,0,0,0,0,0,0,0,0,517377.2725431845,517263.3830776215,113.8894655629992,519051.6172277555,518939.1843380928,112.432889662683,604587.6067830622,604395.1579518318,192.448831230402,0,0,0,0,0,0,770349.8462576047,770263.8188375607,86.02742022275925,1,1,1,,,1,1
1996,609,4293.177144744745,2713.674963764846,.63209015,1192944.944810994,1192706.956793226,237.9880179464817,1242850.431994207,1242610.471851744,239.9601426422596,1374937.476844855,1374659.00059358,278.4762514531612,0,0,0,0,0,0,0,0,0,422595.0767106712,422443.1161129475,151.9605977237225,472500.5795261562,472346.6468037367,153.9327224195004,604587.6067830622,604395.1579518318,192.448831230402,0,0,0,0,0,0,770349.8462576047,770263.8188375607,86.02742022275925,.89002931,.89000702,1,,,.74982792,1
1997,609,4293.177144744745,2713.674963764846,.63209015,1247273.260706373,1247019.784460463,253.4762460887432,1193374.673642345,1193122.197403349,252.4762468039989,1374937.476844855,1374659.00059358,278.4762514531612,0,0,0,0,0,0,0,0,0,476923.4082221091,476755.9593962431,167.448825865984,423024.8211580813,422858.3723391294,166.4488265812397,604587.6067830622,604395.1579518318,192.448831230402,0,0,0,0,0,0,770349.8462576047,770263.8188375607,86.02742022275925,.89526606,.89524478,1,,,.76174086,1
1998,609,4293.177144744745,2713.674963764846,.63209015,916068.4952012673,915840.565841116,227.9293603301048,929142.1443370953,928913.2149776593,228.9293596148491,1374937.476844855,1374659.00059358,278.4762514531612,0,0,0,0,0,0,0,0,0,145718.6498132497,145576.7478731424,141.9019401073456,158792.2979803681,158649.396040976,142.9019393920898,604587.6067830622,604395.1579518318,192.448831230402,0,0,0,0,0,0,770349.8462576047,770263.8188375607,86.02742022275925,.76434857,.76430082,1,,,.46391696,1
1999,609,4293.177144744745,2713.674963764846,.63209015,966047.7022433951,965805.8181261197,241.8841174542904,954326.990295954,954085.1061786786,241.8841174542904,1374937.476844855,1374659.00059358,278.4762514531612,0,0,0,0,0,0,0,0,0,195697.855748564,195541.9990513325,155.8566972315311,183977.1418401301,183821.2851428986,155.8566972315311,604587.6067830622,604395.1579518318,192.448831230402,0,0,0,0,0,0,770349.8462576047,770263.8188375607,86.02742022275925,.79053205,.79048961,1,,,.52348173,1
2000,609,4293.177144744745,2713.674963764846,.63209015,1091768.002207018,1091530.445998587,237.5562009811401,1092809.355637766,1092571.799429335,237.5562009811401,1374937.476844855,1374659.00059358,278.4762514531612,0,0,0,0,0,0,0,0,0,321418.1674306989,321266.6386423111,151.5287807583809,322459.5208624005,322307.9920740128,151.5287807583809,604587.6067830622,604395.1579518318,192.448831230402,0,0,0,0,0,0,770349.8462576047,770263.8188375607,86.02742022275925,.78267699,.78263295,1,,,.50561231,1
2001,609,4293.177144744745,2713.674963764846,.63209015,1006011.920497991,1005784.559211172,227.3612869977951,1006258.509472229,1006030.148186125,228.3612862825394,1374937.476844855,1374659.00059358,278.4762514531612,0,0,0,0,0,0,0,0,0,235662.0778989047,235520.7440321296,141.3338667750359,235908.6668719202,235766.3330058604,142.3338660597801,604587.6067830622,604395.1579518318,192.448831230402,0,0,0,0,0,0,770349.8462576047,770263.8188375607,86.02742022275925,.75125682,.7512064,1,,,.43413457,1
2002,609,4293.177144744745,2713.674963764846,.63209015,1025861.176636405,1025610.312380232,250.8642563521862,1025909.250709392,1025658.919841208,250.3308683633804,1374937.476844855,1374659.00059358,278.4762514531612,0,0,0,0,0,0,0,0,0,255511.3379549682,255346.5011188388,164.836836129427,255559.4120278955,255395.1085797548,164.3034481406212,604587.6067830622,604395.1579518318,192.448831230402,0,0,0,0,0,0,770349.8462576047,770263.8188375607,86.02742022275925,.75911188,.75906307,1,,,.45200399,1
2003,609,4293.177144744745,2713.674963764846,.63209015,1074399.591541566,1074147.901220717,251.6903210282326,1073762.211432584,1073508.83776132,253.3736714422703,1374937.476844855,1374659.00059358,278.4762514531612,0,0,0,0,0,0,0,0,0,304049.7391880453,303884.0762872398,165.6629008054733,303412.3590790629,303245.0128278434,167.346251219511,604587.6067830622,604395.1579518318,192.448831230402,0,0,0,0,0,0,770349.8462576047,770263.8188375607,86.02742022275925,.75125682,.7512064,1,,,.43413457,1
2004,609,4293.177144744745,2713.674963764846,.63209015,1037714.391307391,1037447.306656279,267.0846512913704,1039272.628845818,1039011.643979467,260.9848665297031,1374937.476844855,1374659.00059358,278.4762514531612,0,0,0,0,0,0,0,0,0,267364.5525071621,267183.4952760935,181.0572310686111,268922.7930928171,268747.8356465101,174.9574463069439,604587.6067830622,604395.1579518318,192.448831230402,0,0,0,0,0,0,770349.8462576047,770263.8188375607,86.02742022275925,.75911188,.75906307,1,,,.45200399,1
2005,609,4293.177144744745,2713.674963764846,.63209015,1078239.273292102,1077998.813218512,240.4600813984871,1082658.671017714,1082412.194767393,246.4762504994869,1374937.476844855,1374659.00059358,278.4762514531612,0,0,0,0,0,0,0,0,0,307889.4307040572,307734.9980505109,154.4326611757278,312308.8284288943,312148.3795986176,160.4488302767277,604587.6067830622,604395.1579518318,192.448831230402,0,0,0,0,0,0,770349.8462576047,770263.8188375607,86.02742022275925,1,1,1,,,1,1
2006,609,4293.177144744745,2713.674963764846,.63209015,1129155.153367467,1128903.274175085,251.8791849315166,1123903.228289671,1123650.828412451,252.3998697698116,1374937.476844855,1374659.00059358,278.4762514531612,0,0,0,0,0,0,0,0,0,358805.3029749691,358639.451202631,165.8517647087574,353553.3915384114,353387.0190812349,166.3724495470524,604587.6067830622,604395.1579518318,192.448831230402,0,0,0,0,0,0,770349.8462576047,770263.8188375607,86.02742022275925,1,1,1,,,1,1
2007,609,4293.177144744745,2713.674963764846,.63209015,963084.1916603073,962837.2318424359,246.9598180502653,960970.7387586012,960725.2823537961,245.4564049839973,1374937.476844855,1374659.00059358,278.4762514531612,0,0,0,0,0,0,0,0,0,192734.3485730978,192573.4161752703,160.9323978275061,190620.89567101,190461.4666862488,159.4289847612381,604587.6067830622,604395.1579518318,192.448831230402,0,0,0,0,0,0,770349.8462576047,770263.8188375607,86.02742022275925,.70242494,.70241362,.75812268,,,.32315841,.64999998
2008,609,4293.177144744745,2713.674963764846,.63209015,1003627.717980422,1003372.548352636,255.1696279644966,1002004.377041645,1001741.900796331,262.4762454926968,1374937.476844855,1374659.00059358,278.4762514531612,0,0,0,0,0,0,0,0,0,233277.8714824244,233108.7292746827,169.1422077417374,231654.5305436477,231478.0817183778,176.4488252699375,604587.6067830622,604395.1579518318,192.448831230402,0,0,0,0,0,0,770349.8462576047,770263.8188375607,86.02742022275925,.84289902,.8428672,1,,,.64261132,1
2009,609,4293.177144744745,2713.674963764846,.63209015,883534.0166759193,883299.3098825589,234.7067935392261,883528.6810072176,883298.8827909604,229.7982164360583,1374937.476844855,1374659.00059358,278.4762514531612,0,0,0,0,0,0,0,0,0,113184.1691971347,113035.4898238182,148.6793733164668,113178.833528433,113035.0627322197,143.770796213299,604587.6067830622,604395.1579518318,192.448831230402,0,0,0,0,0,0,770349.8462576047,770263.8188375607,86.02742022275925,.76180899,.7617929,.84105206,,,.45821288,.77000004
2010,609,4293.177144744745,2713.674963764846,.63209015,1156509.057324067,1156300.58483354,208.4724907055497,1160900.99138359,1160703.875679411,197.1157043576241,1374937.476844855,1374659.00059358,278.4762514531612,0,0,0,0,0,0,0,0,0,386159.2126523033,386036.7675818205,122.4450704827905,390551.1312099695,390440.0429258347,111.0882841348648,604587.6067830622,604395.1579518318,192.448831230402,0,0,0,0,0,0,770349.8462576047,770263.8188375607,86.02742022275925,.77744031,.77739519,1,,,.49369934,1
2011,609,4293.177144744745,2713.674963764846,.63209015,1110561.963883199,1110340.571811117,221.3920722603798,1110145.249574371,1109912.773323454,232.4762510955334,1374937.476844855,1374659.00059358,278.4762514531612,0,0,0,0,0,0,0,0,0,340212.1212864518,340076.7566344142,135.3646520376205,339795.41674456,339648.9679136872,146.4488308727741,604587.6067830622,604395.1579518318,192.448831230402,0,0,0,0,0,0,770349.8462576047,770263.8188375607,86.02742022275925,.79053205,.79048961,1,,,.52348173,1
2012,609,4293.177144744745,2713.674963764846,.63209015,944723.0397566631,944525.3579687253,197.6817881166935,943574.8483834714,943378.3756498471,196.4727338030934,1374937.476844855,1374659.00059358,278.4762514531612,0,0,0,0,0,0,0,0,0,174373.2030133713,174261.5486454773,111.6543678939342,173225.0068179443,173114.561504364,110.4453135803342,604587.6067830622,604395.1579518318,192.448831230402,0,0,0,0,0,0,770349.8462576047,770263.8188375607,86.02742022275925,.68710768,.6871143,.65446097,,,.28836107,.5
2013,609,4293.177144744745,2713.674963764846,.63209015,917936.72650408,917717.2938741818,219.4326300770044,915166.0872566849,914938.4330333844,227.6542311087251,1374937.476844855,1374659.00059358,278.4762514531612,0,0,0,0,0,0,0,0,0,147586.8765805513,147453.471370697,133.4052098542452,144816.2412394062,144674.6144361496,141.6268108859658,604587.6067830622,604395.1579518318,192.448831230402,0,0,0,0,0,0,770349.8462576047,770263.8188375607,86.02742022275925,.6993615,.69935375,.73739034,,,.31619895,.62
2014,609,4293.177144744745,2713.674963764846,.63209015,820450.909640491,820244.6606150046,206.2490256652236,822381.0232286826,822182.9958123341,198.0274165272713,1374937.476844855,1374659.00059358,278.4762514531612,0,0,0,0,0,0,0,0,0,50101.06517327577,49980.8435678333,120.2216054424644,52031.17802904546,51919.17803274095,111.999996304512,604587.6067830622,604395.1579518318,192.448831230402,0,0,0,0,0,0,770349.8462576047,770263.8188375607,86.02742022275925,.62174946,.62181282,.30892193,,,.13983688,0
2015,609,4293.177144744745,2713.674963764846,.63209015,810686.9923373833,810507.9649151936,179.0274223685265,809645.6954692975,809467.6680463925,178.0274230837822,1374937.476844855,1374659.00059358,278.4762514531612,0,0,0,0,0,0,0,0,0,40337.14642094076,40244.14641879499,93.00000214576721,39295.84991906583,39203.84991620481,92.00000286102295,604587.6067830622,604395.1579518318,192.448831230402,0,0,0,0,0,0,770349.8462576047,770263.8188375607,86.02742022275925,.62583542,.62589961,.30892193,,,.14913206,0
2016,609,4293.177144744745,2713.674963764846,.63209015,975307.3278748468,975098.7208995,208.6069755256176,986862.3947174326,986651.8744706288,210.5202469825745,1374937.476844855,1374659.00059358,278.4762514531612,0,0,0,0,0,0,0,0,0,204957.4902304709,204834.910675168,122.5795553028584,216512.5521301627,216388.0593034029,124.4928267598152,604587.6067830622,604395.1579518318,192.448831230402,0,0,0,0,0,0,770349.8462576047,770263.8188375607,86.02742022275925,.74719959,.74718338,.82723045,,,.4249844,.75
2017,609,4293.177144744745,2713.674963764846,.63209015,1160680.056430168,1160441.952891745,238.1035386025906,1150807.554242142,1150568.510478415,239.0437639057636,1374937.476844855,1374659.00059358,278.4762514531612,0,0,0,0,0,0,0,0,0,390330.2293532938,390178.1532349139,152.0761183798313,380457.7095710076,380304.6932273246,153.0163436830044,604587.6067830622,604395.1579518318,192.448831230402,0,0,0,0,0,0,770349.8462576047,770263.8188375607,86.02742022275925,1,1,1,,,1,1
2018,609,4293.177144744745,2713.674963764846,.63209015,1012285.303512312,1012044.819573797,240.4839386940002,1012020.007691599,1011778.073504366,241.9341797828674,1374937.476844855,1374659.00059358,278.4762514531612,0,0,0,0,0,0,0,0,0,241935.4609231614,241781.0044046901,154.456518471241,241670.1652256623,241514.2584584728,155.9067595601082,604587.6067830622,604395.1579518318,192.448831230402,0,0,0,0,0,0,770349.8462576047,770263.8188375607,86.02742022275925,.75019896,.7501651,.91707063,,,.43176624,.88
2019,609,4293.177144744745,2713.674963764846,.63209015,1188383.792272247,1188156.339633383,227.4526390433311,1187983.072377749,1187758.592224516,224.4801534116268,1374937.476844855,1374659.00059358,278.4762514531612,0,0,0,0,0,0,0,0,0,418033.9673769474,417892.5421581268,141.4252188205719,417633.2472373545,417494.7945041656,138.4527331888676,604587.6067830622,604395.1579518318,192.448831230402,0,0,0,0,0,0,770349.8462576047,770263.8188375607,86.02742022275925,1,1,1,,,1,1
2020,609,4293.177144744745,2713.674963764846,.63209015,924582.2931270972,924356.4689058438,225.8242290616035,922979.544499822,922753.4438823834,226.1006176173687,1374937.476844855,1374659.00059358,278.4762514531612,0,0,0,0,0,0,0,0,0,154232.4500471354,154092.6532459259,139.7968088388443,152629.701418668,152489.6282212734,140.0731973946095,604587.6067830622,604395.1579518318,192.448831230402,0,0,0,0,0,0,770349.8462576047,770263.8188375607,86.02742022275925,.70242494,.70241362,.75812268,,,.32315841,.64999998
2021,609,4293.177144744745,2713.674963764846,.63209015,852030.3084217384,851819.9637073651,210.3447145521641,861272.768841438,861058.8120979443,213.9567436724901,1374937.476844855,1374659.00059358,278.4762514531612,0,0,0,0,0,0,0,0,0,81680.46804964356,81556.15075531416,124.3172943294048,90922.91943562031,90794.99011217058,127.9293234497309,604587.6067830622,604395.1579518318,192.448831230402,0,0,0,0,0,0,770349.8462576047,770263.8188375607,86.02742022275925,.66668129,.66669774,.58535314,,,.24192493,.39999998
2022,609,4293.177144744745,2713.674963764846,.63209015,879525.1131808832,879319.0007728711,206.1124081909657,913862.3346301541,913657.5863784924,204.7482518404722,1374937.476844855,1374659.00059358,278.4762514531612,0,0,0,0,0,0,0,0,0,109175.2677127421,109055.1827247739,120.0849879682064,143512.4920311421,143393.7711995244,118.720831617713,604587.6067830622,604395.1579518318,192.448831230402,0,0,0,0,0,0,770349.8462576047,770263.8188375607,86.02742022275925,.65646982,.65649819,.51624537,,,.21872671,.30000001
2023,609,4293.177144744745,2713.674963764846,.63209015,1284286.648643143,1284072.794300951,213.8543423712254,1240385.583143659,1240172.614636339,212.9685074985027,1374937.476844855,1374659.00059358,278.4762514531612,0,0,0,0,0,0,0,0,0,513936.7785819471,513808.9516597986,127.8269221484661,470035.7287066281,469908.7876193523,126.9410872757435,604587.6067830622,604395.1579518318,192.448831230402,0,0,0,0,0,0,770349.8462576047,770263.8188375607,86.02742022275925,.92144954,.92143363,1,,,.82130563,1
2024,609,4293.177144744745,2713.674963764846,.63209015,1080293.48862312,1080074.778791822,218.7098314762115,1081287.81578628,1081073.267741598,214.548044860363,1374937.476844855,1374659.00059358,278.4762514531612,0,0,0,0,0,0,0,0,0,309943.6557930112,309810.9733817577,132.6824112534523,310937.9672095776,310809.44658494,128.5206246376038,604587.6067830622,604395.1579518318,192.448831230402,0,0,0,0,0,0,770349.8462576047,770263.8188375607,86.02742022275925,.72795361,.72791249,.93089217,,,.38115397,.89999998
1993,610,9793.215339290413,3.847356176876929,.00039285934,4659.048836499453,2329.848809331656,2329.20001912117,4659.048836499453,2329.848809331656,2329.20001912117,4659.048836499453,2329.848809331656,2329.20001912117,0,0,0,0,0,0,0,0,0,0,0,0,0,0,0,0,0,0,0,0,0,0,0,0,4659.048836499453,2329.848809331656,2329.200027167797,1,1,1,,,,
1994,610,9793.215339290413,3.847356176876929,.00039285934,4659.048836499453,2329.848809331656,2329.20001912117,4659.048836499453,2329.848809331656,2329.20001912117,4659.048836499453,2329.848809331656,2329.20001912117,0,0,0,0,0,0,0,0,0,0,0,0,0,0,0,0,0,0,0,0,0,0,0,0,4659.048836499453,2329.848809331656,2329.200027167797,1,1,1,,,,
1995,610,9793.215339290413,3.847356176876929,.00039285934,4659.048836499453,2329.848809331656,2329.20001912117,4659.048836499453,2329.848809331656,2329.20001912117,4659.048836499453,2329.848809331656,2329.20001912117,0,0,0,0,0,0,0,0,0,0,0,0,0,0,0,0,0,0,0,0,0,0,0,0,4659.048836499453,2329.848809331656,2329.200027167797,1,1,1,,,,
1996,610,9793.215339290413,3.847356176876929,.00039285934,4659.048836499453,2329.848809331656,2329.20001912117,4659.048836499453,2329.848809331656,2329.20001912117,4659.048836499453,2329.848809331656,2329.20001912117,0,0,0,0,0,0,0,0,0,0,0,0,0,0,0,0,0,0,0,0,0,0,0,0,4659.048836499453,2329.848809331656,2329.200027167797,1,1,1,,,,
1997,610,9793.215339290413,3.847356176876929,.00039285934,4659.048836499453,2329.848809331656,2329.20001912117,4659.048836499453,2329.848809331656,2329.20001912117,4659.048836499453,2329.848809331656,2329.20001912117,0,0,0,0,0,0,0,0,0,0,0,0,0,0,0,0,0,0,0,0,0,0,0,0,4659.048836499453,2329.848809331656,2329.200027167797,1,1,1,,,,
1998,610,9793.215339290413,3.847356176876929,.00039285934,4659.048836499453,2329.848809331656,2329.20001912117,4659.048836499453,2329.848809331656,2329.20001912117,4659.048836499453,2329.848809331656,2329.20001912117,0,0,0,0,0,0,0,0,0,0,0,0,0,0,0,0,0,0,0,0,0,0,0,0,4659.048836499453,2329.848809331656,2329.200027167797,1,1,1,,,,
1999,610,9793.215339290413,3.847356176876929,.00039285934,4659.048836499453,2329.848809331656,2329.20001912117,4659.048836499453,2329.848809331656,2329.20001912117,4659.048836499453,2329.848809331656,2329.20001912117,0,0,0,0,0,0,0,0,0,0,0,0,0,0,0,0,0,0,0,0,0,0,0,0,4659.048836499453,2329.848809331656,2329.200027167797,1,1,1,,,,
2000,610,9793.215339290413,3.847356176876929,.00039285934,4659.048836499453,2329.848809331656,2329.20001912117,4659.048836499453,2329.848809331656,2329.20001912117,4659.048836499453,2329.848809331656,2329.20001912117,0,0,0,0,0,0,0,0,0,0,0,0,0,0,0,0,0,0,0,0,0,0,0,0,4659.048836499453,2329.848809331656,2329.200027167797,1,1,1,,,,
2001,610,9793.215339290413,3.847356176876929,.00039285934,4659.048836499453,2329.848809331656,2329.20001912117,4659.048836499453,2329.848809331656,2329.20001912117,4659.048836499453,2329.848809331656,2329.20001912117,0,0,0,0,0,0,0,0,0,0,0,0,0,0,0,0,0,0,0,0,0,0,0,0,4659.048836499453,2329.848809331656,2329.200027167797,1,1,1,,,,
2002,610,9793.215339290413,3.847356176876929,.00039285934,4659.048836499453,2329.848809331656,2329.20001912117,4659.048836499453,2329.848809331656,2329.20001912117,4659.048836499453,2329.848809331656,2329.20001912117,0,0,0,0,0,0,0,0,0,0,0,0,0,0,0,0,0,0,0,0,0,0,0,0,4659.048836499453,2329.848809331656,2329.200027167797,1,1,1,,,,
2003,610,9793.215339290413,3.847356176876929,.00039285934,4659.048836499453,2329.848809331656,2329.20001912117,4659.048836499453,2329.848809331656,2329.20001912117,4659.048836499453,2329.848809331656,2329.20001912117,0,0,0,0,0,0,0,0,0,0,0,0,0,0,0,0,0,0,0,0,0,0,0,0,4659.048836499453,2329.848809331656,2329.200027167797,1,1,1,,,,
2004,610,9793.215339290413,3.847356176876929,.00039285934,4659.048836499453,2329.848809331656,2329.20001912117,4659.048836499453,2329.848809331656,2329.20001912117,4659.048836499453,2329.848809331656,2329.20001912117,0,0,0,0,0,0,0,0,0,0,0,0,0,0,0,0,0,0,0,0,0,0,0,0,4659.048836499453,2329.848809331656,2329.200027167797,1,1,1,,,,
2005,610,9793.215339290413,3.847356176876929,.00039285934,4659.048836499453,2329.848809331656,2329.20001912117,4659.048836499453,2329.848809331656,2329.20001912117,4659.048836499453,2329.848809331656,2329.20001912117,0,0,0,0,0,0,0,0,0,0,0,0,0,0,0,0,0,0,0,0,0,0,0,0,4659.048836499453,2329.848809331656,2329.200027167797,1,1,1,,,,
2006,610,9793.215339290413,3.847356176876929,.00039285934,4659.048836499453,2329.848809331656,2329.20001912117,4659.048836499453,2329.848809331656,2329.20001912117,4659.048836499453,2329.848809331656,2329.20001912117,0,0,0,0,0,0,0,0,0,0,0,0,0,0,0,0,0,0,0,0,0,0,0,0,4659.048836499453,2329.848809331656,2329.200027167797,1,1,1,,,,
2007,610,9793.215339290413,3.847356176876929,.00039285934,4659.048836499453,2329.848809331656,2329.20001912117,4659.048836499453,2329.848809331656,2329.20001912117,4659.048836499453,2329.848809331656,2329.20001912117,0,0,0,0,0,0,0,0,0,0,0,0,0,0,0,0,0,0,0,0,0,0,0,0,4659.048836499453,2329.848809331656,2329.200027167797,1,1,1,,,,
2008,610,9793.215339290413,3.847356176876929,.00039285934,4659.048836499453,2329.848809331656,2329.20001912117,4659.048836499453,2329.848809331656,2329.20001912117,4659.048836499453,2329.848809331656,2329.20001912117,0,0,0,0,0,0,0,0,0,0,0,0,0,0,0,0,0,0,0,0,0,0,0,0,4659.048836499453,2329.848809331656,2329.200027167797,1,1,1,,,,
2009,610,9793.215339290413,3.847356176876929,.00039285934,4659.048836499453,2329.848809331656,2329.20001912117,4659.048836499453,2329.848809331656,2329.20001912117,4659.048836499453,2329.848809331656,2329.20001912117,0,0,0,0,0,0,0,0,0,0,0,0,0,0,0,0,0,0,0,0,0,0,0,0,4659.048836499453,2329.848809331656,2329.200027167797,1,1,1,,,,
2010,610,9793.215339290413,3.847356176876929,.00039285934,4659.048836499453,2329.848809331656,2329.20001912117,4659.048836499453,2329.848809331656,2329.20001912117,4659.048836499453,2329.848809331656,2329.20001912117,0,0,0,0,0,0,0,0,0,0,0,0,0,0,0,0,0,0,0,0,0,0,0,0,4659.048836499453,2329.848809331656,2329.200027167797,1,1,1,,,,
2011,610,9793.215339290413,3.847356176876929,.00039285934,4659.048836499453,2329.848809331656,2329.20001912117,4659.048836499453,2329.848809331656,2329.20001912117,4659.048836499453,2329.848809331656,2329.20001912117,0,0,0,0,0,0,0,0,0,0,0,0,0,0,0,0,0,0,0,0,0,0,0,0,4659.048836499453,2329.848809331656,2329.200027167797,1,1,1,,,,
2012,610,9793.215339290413,3.847356176876929,.00039285934,4659.048836499453,2329.848809331656,2329.20001912117,4659.048836499453,2329.848809331656,2329.20001912117,4659.048836499453,2329.848809331656,2329.20001912117,0,0,0,0,0,0,0,0,0,0,0,0,0,0,0,0,0,0,0,0,0,0,0,0,4659.048836499453,2329.848809331656,2329.200027167797,1,1,1,,,,
2013,610,9793.215339290413,3.847356176876929,.00039285934,4659.048836499453,2329.848809331656,2329.20001912117,4659.048836499453,2329.848809331656,2329.20001912117,4659.048836499453,2329.848809331656,2329.20001912117,0,0,0,0,0,0,0,0,0,0,0,0,0,0,0,0,0,0,0,0,0,0,0,0,4659.048836499453,2329.848809331656,2329.200027167797,1,1,1,,,,
2014,610,9793.215339290413,3.847356176876929,.00039285934,4659.048836499453,2329.848809331656,2329.20001912117,4659.048836499453,2329.848809331656,2329.20001912117,4659.048836499453,2329.848809331656,2329.20001912117,0,0,0,0,0,0,0,0,0,0,0,0,0,0,0,0,0,0,0,0,0,0,0,0,4659.048836499453,2329.848809331656,2329.200027167797,1,1,1,,,,
2015,610,9793.215339290413,3.847356176876929,.00039285934,4659.048836499453,2329.848809331656,2329.20001912117,4659.048836499453,2329.848809331656,2329.20001912117,4659.048836499453,2329.848809331656,2329.20001912117,0,0,0,0,0,0,0,0,0,0,0,0,0,0,0,0,0,0,0,0,0,0,0,0,4659.048836499453,2329.848809331656,2329.200027167797,1,1,1,,,,
2016,610,9793.215339290413,3.847356176876929,.00039285934,4659.048836499453,2329.848809331656,2329.20001912117,4659.048836499453,2329.848809331656,2329.20001912117,4659.048836499453,2329.848809331656,2329.20001912117,0,0,0,0,0,0,0,0,0,0,0,0,0,0,0,0,0,0,0,0,0,0,0,0,4659.048836499453,2329.848809331656,2329.200027167797,1,1,1,,,,
2017,610,9793.215339290413,3.847356176876929,.00039285934,4659.048836499453,2329.848809331656,2329.20001912117,4659.048836499453,2329.848809331656,2329.20001912117,4659.048836499453,2329.848809331656,2329.20001912117,0,0,0,0,0,0,0,0,0,0,0,0,0,0,0,0,0,0,0,0,0,0,0,0,4659.048836499453,2329.848809331656,2329.200027167797,1,1,1,,,,
2018,610,9793.215339290413,3.847356176876929,.00039285934,4659.048836499453,2329.848809331656,2329.20001912117,4659.048836499453,2329.848809331656,2329.20001912117,4659.048836499453,2329.848809331656,2329.20001912117,0,0,0,0,0,0,0,0,0,0,0,0,0,0,0,0,0,0,0,0,0,0,0,0,4659.048836499453,2329.848809331656,2329.200027167797,1,1,1,,,,
2019,610,9793.215339290413,3.847356176876929,.00039285934,4659.048836499453,2329.848809331656,2329.20001912117,4659.048836499453,2329.848809331656,2329.20001912117,4659.048836499453,2329.848809331656,2329.20001912117,0,0,0,0,0,0,0,0,0,0,0,0,0,0,0,0,0,0,0,0,0,0,0,0,4659.048836499453,2329.848809331656,2329.200027167797,1,1,1,,,,
2020,610,9793.215339290413,3.847356176876929,.00039285934,4659.048836499453,2329.848809331656,2329.20001912117,4659.048836499453,2329.848809331656,2329.20001912117,4659.048836499453,2329.848809331656,2329.20001912117,0,0,0,0,0,0,0,0,0,0,0,0,0,0,0,0,0,0,0,0,0,0,0,0,4659.048836499453,2329.848809331656,2329.200027167797,1,1,1,,,,
2021,610,9793.215339290413,3.847356176876929,.00039285934,4659.048836499453,2329.848809331656,2329.20001912117,4659.048836499453,2329.848809331656,2329.20001912117,4659.048836499453,2329.848809331656,2329.20001912117,0,0,0,0,0,0,0,0,0,0,0,0,0,0,0,0,0,0,0,0,0,0,0,0,4659.048836499453,2329.848809331656,2329.200027167797,1,1,1,,,,
2022,610,9793.215339290413,3.847356176876929,.00039285934,4659.048836499453,2329.848809331656,2329.20001912117,4659.048836499453,2329.848809331656,2329.20001912117,4659.048836499453,2329.848809331656,2329.20001912117,0,0,0,0,0,0,0,0,0,0,0,0,0,0,0,0,0,0,0,0,0,0,0,0,4659.048836499453,2329.848809331656,2329.200027167797,1,1,1,,,,
2023,610,9793.215339290413,3.847356176876929,.00039285934,4659.048836499453,2329.848809331656,2329.20001912117,4659.048836499453,2329.848809331656,2329.20001912117,4659.048836499453,2329.848809331656,2329.20001912117,0,0,0,0,0,0,0,0,0,0,0,0,0,0,0,0,0,0,0,0,0,0,0,0,4659.048836499453,2329.848809331656,2329.200027167797,1,1,1,,,,
2024,610,9793.215339290413,3.847356176876929,.00039285934,4659.048836499453,2329.848809331656,2329.20001912117,4659.048836499453,2329.848809331656,2329.20001912117,4659.048836499453,2329.848809331656,2329.20001912117,0,0,0,0,0,0,0,0,0,0,0,0,0,0,0,0,0,0,0,0,0,0,0,0,4659.048836499453,2329.848809331656,2329.200027167797,1,1,1,,,,
1993,701,4356.91890527437,96.20159632433206,.02208019,14248.95324991271,7575.89635470137,6673.057065948844,14269.03129337355,7578.655605819076,6690.375874474645,17026.5594734773,7621.064970877022,9405.494998693466,9956.041458129883,4336.263237953186,5619.778366088867,11037.78995905817,4249.447299957275,6788.342632398009,11021.42670832574,4249.447299957275,6771.979381665587,1118.996898174286,90.13167989253998,1028.865195423365,1139.074941635132,92.89093101024628,1046.184003949165,2831.229421615601,222.1229584217072,2609.106537640095,0,0,0,0,0,0,3173.911124687642,3149.51112427935,24.40000040829182,.94385278,.98542702,.9306494,1,1,.5,.75
1994,701,4356.91890527437,96.20159632433206,.02208019,10619.49377487227,5622.629255976528,4996.864655062556,10610.06364152953,5620.892943587154,4989.170825436711,17026.5594734773,7621.064970877022,9405.494998693466,6245.587657928467,2377.57141494751,3868.016185760498,11037.78995905817,4249.447299957275,6788.342632398009,11021.42670832574,4249.447299957275,6771.979381665587,1200.033543586731,95.5681911110878,1104.465352743864,1190.603410243988,93.83187872171402,1096.771523118019,2831.229421615601,222.1229584217072,2609.106537640095,0,0,0,0,0,0,3173.911124687642,3149.51112427935,24.40000040829182,.60673553,.7022596,.57064772,.5,.5,.34999999,.75
1995,701,4356.91890527437,96.20159632433206,.02208019,14377.94121215865,7472.089428689331,6905.851589456201,14399.99545524642,7474.834032680839,6925.161207988858,17026.5594734773,7621.064970877022,9405.494998693466,10173.60642623901,4238.243796348572,5935.362743377686,11037.78995905817,4249.447299957275,6788.342632398009,11021.42670832574,4249.447299957275,6771.979381665587,1030.438508033752,84.35753452777863,946.080987393856,1052.492751121521,87.10213851928711,965.3906059265137,2831.229421615601,222.1229584217072,2609.106537640095,0,0,0,0,0,0,3173.911124687642,3149.51112427935,24.40000040829182,1,1,1,1,1,1,1
1996,701,4356.91890527437,96.20159632433206,.02208019,14685.99285340274,7622.328963126987,7063.663705911196,14684.59983372653,7621.77495130524,7062.824714626826,17026.5594734773,7621.064970877022,9405.494998693466,10348.90319330589,4377.118260383606,5971.784785102762,10886.21470271051,4097.871872901917,6788.342632398009,11021.42670832574,4249.447299957275,6771.979381665587,1163.167456626892,95.68274515867233,1067.484688222408,1161.774436950684,95.12873333692551,1066.645696938038,2831.229421615601,222.1229584217072,2609.106537640095,0,0,0,0,0,0,3173.911124687642,3149.51112427935,24.40000040829182,.99708474,.99854273,1,1,1,.94999999,1
1997,701,4356.91890527437,96.20159632433206,.02208019,13920.24986837618,7372.035800065845,6548.214258656837,13933.79381464235,7372.791926946491,6561.002076373436,17026.5594734773,7621.064970877022,9405.494998693466,9493.244740874507,4118.689603805542,5374.55522671435,10378.76062310115,4079.811563491821,6298.949221733958,11021.42670832574,4249.447299957275,6771.979381665587,1253.143076896667,103.8764843344688,1149.266630411148,1266.687023162842,104.6326112151146,1162.054448127747,2831.229421615601,222.1229584217072,2609.106537640095,0,0,0,0,0,0,3173.911124687642,3149.51112427935,24.40000040829182,.98877054,.99708539,.98612988,1,1,.90000004,.95000005
1998,701,4356.91890527437,96.20159632433206,.02208019,11600.42818083614,6449.26948883757,5151.158583726734,11637.09393229336,6452.655355300754,5184.438470747322,17026.5594734773,7621.064970877022,9405.494998693466,7290.907601963729,3206.793472290039,4084.114144932479,10274.48480523005,3975.53547000885,6298.949221733958,11021.42670832574,4249.447299957275,6771.979381665587,1135.597079277039,92.98463189601898,1042.612471222878,1172.262830734253,96.37049835920334,1075.892358243465,2831.229421615601,222.1229584217072,2609.106537640095,0,0,0,0,0,0,3173.911124687642,3149.51112427935,24.40000040829182,1,1,1,1,1,1,1
1999,701,4356.91890527437,96.20159632433206,.02208019,15065.85398510098,7597.592811848968,7468.260846441612,15035.85994556546,7594.489719893783,7441.369935994968,17026.5594734773,7621.064970877022,9405.494998693466,10544.80114918016,4337.810515403748,6206.990815928206,10763.8782158941,3975.53547000885,6788.342632398009,11021.42670832574,4249.447299957275,6771.979381665587,1347.164538383484,110.2887550592422,1236.87579792738,1317.170498847961,107.1856631040573,1209.984887480736,2831.229421615601,222.1229584217072,2609.106537640095,0,0,0,0,0,0,3173.911124687642,3149.51112427935,24.40000040829182,.97710943,.99125624,.98612988,1,1,.69999999,.95000005
2000,701,4356.91890527437,96.20159632433206,.02208019,11565.4844792895,8197.160564687103,3368.324112549424,11566.95386872813,8197.785261895508,3369.168727114797,17026.5594734773,7621.064970877022,9405.494998693466,7003.338879942894,4936.166167259216,2067.172833800316,10484.41907893121,3696.076369285583,6788.342632398009,11021.42670832574,4249.447299957275,6771.979381665587,1388.174908161163,111.436869263649,1276.738060414791,1389.644297599792,112.0615664720535,1277.582674980164,2831.229421615601,222.1229584217072,2609.106537640095,0,0,0,0,0,0,3173.911124687642,3149.51112427935,24.40000040829182,.90312099,.93403977,.90025938,.89999998,.89999998,.6500001,.89999998
2001,701,4356.91890527437,96.20159632433206,.02208019,7603.326039873064,5970.082767035812,1633.24316233024,7624.308210454881,5971.470370557159,1652.837736245245,17026.5594734773,7621.064970877022,9405.494998693466,3124.665894608945,2716.071519851685,408.5942851118743,10401.91172419488,3613.56919670105,6788.342632398009,11021.42670832574,4249.447299957275,6771.979381665587,1304.749417304993,104.5185207128525,1200.230936288834,1325.73158788681,105.9061242341995,1219.825510203838,2831.229421615601,222.1229584217072,2609.106537640095,0,0,0,0,0,0,3173.911124687642,3149.51112427935,24.40000040829182,.54481614,.64500499,.49699536,.38999999,.38999999,.49000004,.76999998
2002,701,4356.91890527437,96.20159632433206,.02208019,8898.441389556974,6661.896208729595,2236.545061793178,8958.362126823515,6666.563467171043,2291.798556830734,17026.5594734773,7621.064970877022,9405.494998693466,4195.424141954631,3390.506724834442,804.9173823110759,10409.70374689996,3613.56919670105,6796.134655103087,11021.42670832574,4249.447299957275,6771.979381665587,1529.077016830444,121.8562815785408,1407.220698177814,1588.997754096985,126.523540019989,1462.47419321537,2831.229421615601,222.1229584217072,2609.106537640095,0,0,0,0,0,0,3173.911124687642,3149.51112427935,24.40000040829182,.78008658,.8239789,.77012885,.69999999,.69999999,.69999999,.95000005
2003,701,4356.91890527437,96.20159632433206,.02208019,11346.44656890631,7137.230403330177,4209.216193288565,11328.09860557318,7135.704695727676,4192.393924385309,17026.5594734773,7621.064970877022,9405.494998693466,6117.860219851136,3825.503776550293,2292.356557741761,10409.70374689996,3613.56919670105,6796.134655103087,11021.42670832574,4249.447299957275,6771.979381665587,2054.639678955078,162.1920030117035,1892.447733283043,2036.291715621948,160.6662954092026,1875.625464379787,2831.229421615601,222.1229584217072,2609.106537640095,0,0,0,0,0,0,3173.911124687642,3149.51112427935,24.40000040829182,.91974926,.93695438,.92799962,.89999998,.89999998,.75,1
2004,701,4356.91890527437,96.20159632433206,.02208019,14006.7122945115,6289.316750194877,7717.395467784256,13997.2487687394,6288.287522461265,7708.961185541004,17026.5594734773,7621.064970877022,9405.494998693466,8682.693748902529,2970.579611301422,5712.114067506045,10400.44858942926,3604.313829421997,6796.134655103087,11021.42670832574,4249.447299957275,6771.979381665587,2150.11842250824,169.2177834510803,1980.900671720505,2140.654896736145,168.1885557174683,1972.466389477253,2831.229421615601,222.1229584217072,2609.106537640095,0,0,0,0,0,0,3173.911124687642,3149.51112427935,24.40000040829182,.74724948,.79609925,.73412871,.64999998,.64999998,.69999999,.95000005
2005,701,4356.91890527437,96.20159632433206,.02208019,13923.07144031674,8845.301345136017,5077.769750963897,13969.90318927914,8849.263274695724,5120.639586936682,17026.5594734773,7621.064970877022,9405.494998693466,8794.142930086702,5540.744311332703,3253.398636873811,10400.44858942926,3604.313829421997,6796.134655103087,11021.42670832574,4249.447299957275,6771.979381665587,1954.999517440796,154.9969984292984,1800.002531528473,2001.831266403198,158.958927989006,1842.872367501259,2831.229421615601,222.1229584217072,2609.106537640095,0,0,0,0,0,0,3173.911124687642,3149.51112427935,24.40000040829182,.92557985,.93986899,.92799962,.89999998,.89999998,.84999996,1
2006,701,4356.91890527437,96.20159632433206,.02208019,14666.35779375583,8173.888658668846,6492.468666177243,14686.57205862552,8175.669161465019,6510.902400594205,17026.5594734773,7621.064970877022,9405.494998693466,9391.406669106334,4857.879742622375,4533.526816811413,10400.44858942926,3604.313829421997,6796.134655103087,11021.42670832574,4249.447299957275,6771.979381665587,2101.069975852966,166.5194592475891,1934.550561726093,2121.284240722656,168.2999620437622,1952.984296143055,2831.229421615601,222.1229584217072,2609.106537640095,0,0,0,0,0,0,3173.911124687642,3149.51112427935,24.40000040829182,1,1,1,1,1,1,1
2007,701,4356.91890527437,96.20159632433206,.02208019,13048.9263448827,7283.719781782478,5765.20664296858,12981.12533570454,7277.644074585289,5703.481414390728,17026.5594734773,7621.064970877022,9405.494998693466,7664.67620566301,3960.81605052948,3703.860379246995,10400.44858942926,3604.313829421997,6796.134655103087,11021.42670832574,4249.447299957275,6771.979381665587,2210.298723697662,173.3877708911896,2036.910923957825,2142.497714519501,167.3120636940002,1975.185695379972,2831.229421615601,222.1229584217072,2609.106537640095,0,0,0,0,0,0,3173.911124687642,3149.51112427935,24.40000040829182,.68115568,.76239067,.64264804,.60000002,.60000002,.5,.75
2008,701,4356.91890527437,96.20159632433206,.02208019,9248.415701597929,6248.418564345688,2999.997236730531,9226.209823340178,6246.638696696609,2979.571287604049,17026.5594734773,7621.064970877022,9405.494998693466,4241.252215610817,2956.506370067596,1284.745974766091,10400.44858942926,3604.313829421997,6796.134655103087,11021.42670832574,4249.447299957275,6771.979381665587,1833.219367980957,142.3878930807114,1690.831413686275,1811.013489723206,140.608025431633,1670.405464559793,2831.229421615601,222.1229584217072,2609.106537640095,0,0,0,0,0,0,3173.911124687642,3149.51112427935,24.40000040829182,.51113939,.62007821,.4626472,.34999999,.34999999,.40000001,.75
2009,701,4356.91890527437,96.20159632433206,.02208019,8263.316313199699,6517.442553725094,1745.873949628323,8231.632447652519,6514.982119526714,1716.650499161333,17026.5594734773,7621.064970877022,9405.494998693466,3595.319106053561,3252.679052829742,342.6400670520961,10400.44858942926,3604.313829421997,6796.134655103087,11021.42670832574,4249.447299957275,6771.979381665587,1494.080268383026,115.2227421402931,1378.857481315732,1462.396402835846,112.7623079419136,1349.634030848742,2831.229421615601,222.1229584217072,2609.106537640095,0,0,0,0,0,0,3173.911124687642,3149.51112427935,24.40000040829182,.51028824,.63921392,.45703703,.40000001,.40000001,.1,.60000002
2010,701,4356.91890527437,96.20159632433206,.02208019,8192.03651920706,6147.949174609035,2044.087401403114,8226.210014499724,6151.242558624595,2074.967482967302,17026.5594734773,7621.064970877022,9405.494998693466,3478.707093415782,2877.665833473206,601.0411617141217,10333.71213923395,3537.577355384827,6796.134655103087,11021.42670832574,4249.447299957275,6771.979381665587,1539.392733097076,120.7232742905617,1418.669461250305,1573.56622838974,124.0166583061218,1449.549542814493,2831.229421615601,222.1229584217072,2609.106537640095,0,0,0,0,0,0,3173.911124687642,3149.51112427935,24.40000040829182,.61256611,.70517421,.57064772,.5,.5,.45000002,.75
2011,701,4356.91890527437,96.20159632433206,.02208019,11511.45906153321,8102.993615295738,3408.465272609144,11542.03763476014,8105.900616314262,3436.136853460222,17026.5594734773,7621.064970877022,9405.494998693466,6764.041406024247,4827.284885406494,1936.756585467607,10333.71213923395,3537.577355384827,6796.134655103087,11021.42670832574,4249.447299957275,6771.979381665587,1573.517864227295,126.1817393302917,1447.336171627045,1604.096437454224,129.0887403488159,1475.007752478123,2831.229421615601,222.1229584217072,2609.106537640095,0,0,0,0,0,0,3173.911124687642,3149.51112427935,24.40000040829182,.85699034,.88265258,.85599935,.80000001,.80000001,.80000001,1
2012,701,4356.91890527437,96.20159632433206,.02208019,9657.16468418017,6531.916571523994,3125.248105891049,9605.865259531885,6527.13484730944,3078.730470068753,17026.5594734773,7621.064970877022,9405.494998693466,4823.620944939554,3251.619608879089,1572.001254998147,10333.71213923395,3537.577355384827,6796.134655103087,11021.42670832574,4249.447299957275,6771.979381665587,1659.629883289337,130.7919418811798,1528.837924093008,1608.330458641052,126.010217666626,1482.320288270712,2831.229421615601,222.1229584217072,2609.106537640095,0,0,0,0,0,0,3173.911124687642,3149.51112427935,24.40000040829182,.70816225,.78735548,.67864817,.64999998,.64999998,.40000001,.75
2013,701,4356.91890527437,96.20159632433206,.02208019,9276.4536877051,6232.751222338527,3043.702533766627,9285.76100281626,6233.27314588055,3052.488013640046,17026.5594734773,7621.064970877022,9405.494998693466,4635.522313684225,2969.10719537735,1666.415120691061,10333.71213923395,3537.577355384827,6796.134655103087,11021.42670832574,4249.447299957275,6771.979381665587,1467.005131721497,114.0844498276711,1352.920665383339,1476.312446832657,114.6063733696938,1361.706145256758,2831.229421615601,222.1229584217072,2609.106537640095,0,0,0,0,0,0,3173.911124687642,3149.51112427935,24.40000040829182,.49407935,.61424905,.44877708,.34999999,.34999999,.2,.70000005
2014,701,4356.91890527437,96.20159632433206,.02208019,6712.682372099836,5397.981081333011,1314.701347979833,6698.836891419371,5396.949423637241,1301.8874411016,17026.5594734773,7621.064970877022,9405.494998693466,2283.957202306017,2152.256562232971,131.7006898950785,10342.65737544,3537.577355384827,6805.079891309142,11021.42670832574,4249.447299957275,6771.979381665587,1254.837506532669,96.22363442182541,1158.613921612501,1240.992025852203,95.19197672605515,1145.800014734268,2831.229421615601,222.1229584217072,2609.106537640095,0,0,0,0,0,0,3173.911124687642,3149.51112427935,24.40000040829182,.26379991,.44114256,.17729558,.050000001,.050000001,0,.5
2015,701,4356.91890527437,96.20159632433206,.02208019,7116.315589707345,5362.165075864643,1754.150554150343,7110.717434924096,5361.772932376713,1748.944532260299,17026.5594734773,7621.064970877022,9405.494998693466,2763.18392547965,2122.396146297455,640.787807315588,10342.65737544,3537.577355384827,6805.079891309142,11021.42670832574,4249.447299957275,6771.979381665587,1179.239780902863,90.29790443181992,1088.94188003242,1173.641626119614,89.90576094388962,1083.735858142376,2831.229421615601,222.1229584217072,2609.106537640095,0,0,0,0,0,0,3173.911124687642,3149.51112427935,24.40000040829182,.33531699,.52478117,.2159455,.2,.2,0,.25
2016,701,4356.91890527437,96.20159632433206,.02208019,7576.264043238014,5883.425929334015,1692.838150933385,7557.429852392524,5882.187321450561,1675.242575660348,17026.5594734773,7621.064970877022,9405.494998693466,3277.436886951327,2647.141116142273,630.2957507818937,10342.65737544,3537.577355384827,6805.079891309142,11021.42670832574,4249.447299957275,6771.979381665587,1124.920055150986,86.77235043048859,1038.147689774632,1106.085864305496,85.53374254703522,1020.552114501595,2831.229421615601,222.1229584217072,2609.106537640095,0,0,0,0,0,0,3173.911124687642,3149.51112427935,24.40000040829182,.63332266,.74927497,.58716762,.60000002,.60000002,.050000001,.55000001
2017,701,4356.91890527437,96.20159632433206,.02208019,12008.12254850939,8149.386192228645,3858.736146831885,12292.15674107149,8171.559818293899,4120.596791410819,17026.5594734773,7621.064970877022,9405.494998693466,6778.757503936067,4838.071364402771,1940.686306426302,10342.65737544,3537.577355384827,6805.079891309142,11021.42670832574,4249.447299957275,6771.979381665587,2055.415002346039,161.8016254901886,1893.613363862038,2339.449194908142,183.9752515554428,2155.474008440971,2831.229421615601,222.1229584217072,2609.106537640095,0,0,0,0,0,0,3173.911124687642,3149.51112427935,24.40000040829182,.9014886,.91636133,.89199954,.85000002,.85000002,1,1
2018,701,4356.91890527437,96.20159632433206,.02208019,8720.270051833242,5885.914555456489,2834.355570316315,8611.418666716665,5877.186026837677,2734.232599407434,17026.5594734773,7621.064970877022,9405.494998693466,2968.321575537324,2536.617199420929,431.704330816865,10342.65737544,3537.577355384827,6805.079891309142,11021.42670832574,4249.447299957275,6771.979381665587,2578.080187320709,199.821414232254,2378.258861333132,2469.228802204132,191.0928856134415,2278.135890424252,2831.229421615601,222.1229584217072,2609.106537640095,0,0,0,0,0,0,3173.911124687642,3149.51112427935,24.40000040829182,.51696998,.62299281,.4626472,.34999999,.34999999,.5,.75
2019,701,4356.91890527437,96.20159632433206,.02208019,10461.38835701719,7394.706672217697,3066.68143901974,10608.90989813581,7406.103398229927,3202.806404985487,17026.5594734773,7621.064970877022,9405.494998693466,4757.089531205595,4047.932203292847,709.157264970243,10342.65737544,3537.577355384827,6805.079891309142,11021.42670832574,4249.447299957275,6771.979381665587,2530.337133407593,197.2241600751877,2333.112874507904,2677.858674526215,208.6208860874176,2469.237840473652,2831.229421615601,222.1229584217072,2609.106537640095,0,0,0,0,0,0,3173.911124687642,3149.51112427935,24.40000040829182,.82123786,.85331577,.81999916,.75,.75,.75,1
2020,701,4356.91890527437,96.20159632433206,.02208019,8093.637104991823,5793.680011060089,2299.957188762724,7829.725770477206,5773.202400948852,2056.523494713008,17026.5594734773,7621.064970877022,9405.494998693466,2891.470573417842,2487.661834716797,403.8088340684772,10342.65737544,3537.577355384827,6805.079891309142,11021.42670832574,4249.447299957275,6771.979381665587,2028.218991279602,156.4981013536453,1871.720842212439,1764.307656764984,136.0204912424088,1628.287148162723,2831.229421615601,222.1229584217072,2609.106537640095,0,0,0,0,0,0,3173.911124687642,3149.51112427935,24.40000040829182,.39556795,.53061032,.34077659,.2,.2,.2,.70000005
2021,701,4356.91890527437,96.20159632433206,.02208019,7185.057690318674,5700.909458186477,1484.148026799783,7167.65970986709,5699.526613619179,1468.132922304794,17026.5594734773,7621.064970877022,9405.494998693466,2663.768875462934,2448.283031463623,215.4858878683299,10342.65737544,3537.577355384827,6805.079891309142,11021.42670832574,4249.447299957275,6771.979381665587,1347.341406941414,103.0759485960007,1244.265457548201,1329.94342648983,101.6931040287018,1228.250353053212,2831.229421615601,222.1229584217072,2609.106537640095,0,0,0,0,0,0,3173.911124687642,3149.51112427935,24.40000040829182,.23680556,.44114256,.10794499,.050000001,.050000001,0,.25
2022,701,4356.91890527437,96.20159632433206,.02208019,6493.590931933373,5299.444469239563,1194.146676328033,6431.205225985497,5294.705218639225,1136.500197853893,17026.5594734773,7621.064970877022,9405.494998693466,2253.985555883497,2068.29781627655,185.6877958737314,10342.65737544,3537.577355384827,6805.079891309142,11021.42670832574,4249.447299957275,6771.979381665587,1065.702817082405,81.65251314640045,984.0502967387438,1003.317111134529,76.91326254606247,926.4038182646036,2831.229421615601,222.1229584217072,2609.106537640095,0,0,0,0,0,0,3173.911124687642,3149.51112427935,24.40000040829182,.24544375,.44114256,.13013719,.050000001,.050000001,0,.33000001
2023,701,4356.91890527437,96.20159632433206,.02208019,11554.51824259758,8476.779730703682,3077.738476965576,12077.67067122459,8517.461361076683,3560.209359142929,17026.5594734773,7621.064970877022,9405.494998693466,5773.030208904296,5123.670523643494,649.3594821281731,10342.65737544,3537.577355384827,6805.079891309142,11021.42670832574,4249.447299957275,6771.979381665587,2607.563145637512,203.5594666004181,2404.003564894199,3130.715574264526,244.2410969734192,2886.474447071552,2831.229421615601,222.1229584217072,2609.106537640095,0,0,0,0,0,0,3173.911124687642,3149.51112427935,24.40000040829182,1,1,1,1,1,1,1
2024,701,4356.91890527437,96.20159632433206,.02208019,9611.630030103028,6126.728893425316,3484.900901539251,9504.910055585206,6118.130142834038,3386.779864860699,17026.5594734773,7621.064970877022,9405.494998693466,3168.037686703727,2724.739126205444,443.2984937410802,10342.65737544,3537.577355384827,6805.079891309142,11021.42670832574,4249.447299957275,6771.979381665587,3269.670300006866,252.4830183982849,3017.187185794115,3162.950325489044,243.8842678070068,2919.066149115562,2831.229421615601,222.1229584217072,2609.106537640095,0,0,0,0,0,0,3173.911124687642,3149.51112427935,24.40000040829182,.54980713,.65087229,.49864736,.40000001,.40000001,.5,.75
1993,702,3892.0431113364,3039.728673785925,.78101104,858656.8636733573,853277.2916963398,5379.568889858253,1034015.514924456,1028188.640376955,5826.897491533729,1226408.390098468,1215951.493434578,10456.87419688721,50742.81468975544,50742.81468975544,0,57815.44489979744,57815.44489979744,0,28986.83137440681,28986.83137440681,0,799055.3413213585,793675.769344341,5379.568889858253,974413.9925686424,968587.1180211417,5826.897491533729,1188562.851046577,1178105.954382688,10456.87419688721,0,0,0,0,0,0,8858.707675969228,8858.707675969228,0,.5177421,.51558626,.75,1,,.50002491,.75
1994,702,3892.0431113364,3039.728673785925,.78101104,740097.6197706641,734748.7761918902,5348.876739445494,594452.1758117506,589420.2599175572,5031.920731538653,1226408.390098468,1215951.493434578,10456.87419688721,28857.58340144157,28857.58340144157,0,57815.44489979744,57815.44489979744,0,28986.83137440681,28986.83137440681,0,702381.3287135543,697032.4851347804,5348.876739445494,556735.8847546407,551703.9688604474,5031.920731538653,1188562.851046577,1178105.954382688,10456.87419688721,0,0,0,0,0,0,8858.707675969228,8858.707675969228,0,.36192155,.35833067,.75,.5,,.35001996,.75
1995,702,3892.0431113364,3039.728673785925,.78101104,999611.7601706142,994089.0025006533,5522.768060253797,1157214.287405252,1151324.685528219,5889.613306357807,1226408.390098468,1215951.493434578,10456.87419688721,60782.32799732685,60782.32799732685,0,57815.44489979744,57815.44489979744,0,28986.83137440681,28986.83137440681,0,929970.7245120982,924447.9668421373,5522.768060253797,1087573.251742921,1081683.649865888,5889.613306357807,1188562.851046577,1178105.954382688,10456.87419688721,0,0,0,0,0,0,8858.707675969228,8858.707675969228,0,1,1,1,1,,1,1
1996,702,3892.0431113364,3039.728673785925,.78101104,1180301.439344102,1173968.69265157,6332.729579881907,1116294.328543726,1110108.459549129,6185.849398549108,1226408.390098468,1215951.493434578,10456.87419688721,57137.47196984291,57137.47196984291,0,53486.20768499374,53486.20768499374,0,28986.83137440681,28986.83137440681,0,1114305.259661374,1107972.512968842,6332.729579881907,1050298.148860994,1044112.279866397,6185.849398549108,1188562.851046577,1178105.954382688,10456.87419688721,0,0,0,0,0,0,8858.707675969228,8858.707675969228,0,.95200306,.95155865,1,1,,.95000249,1
1997,702,3892.0431113364,3039.728673785925,.78101104,1391391.253982362,1384412.880324572,6978.382758174561,1354735.400837602,1347783.50513649,6951.903880552964,1226408.390098468,1215951.493434578,10456.87419688721,71336.09328055382,71336.09328055382,0,53485.91596794128,53485.91596794128,0,28986.83137440681,28986.83137440681,0,1311196.453017053,1304218.079359263,6978.382758174561,1274540.599872292,1267588.704171181,6951.903880552964,1188562.851046577,1178105.954382688,10456.87419688721,0,0,0,0,0,0,8858.707675969228,8858.707675969228,0,.90354842,.90311724,.94999999,1,,.90000492,.94999999
1998,702,3892.0431113364,3039.728673785925,.78101104,1089216.742213119,1083112.383956835,6104.348631966941,1179409.417885715,1173046.599274963,6362.813575217271,1226408.390098468,1215951.493434578,10456.87419688721,55676.25556707382,55676.25556707382,0,53484.23172521591,53484.23172521591,0,28986.83137440681,28986.83137440681,0,1024681.778988708,1018577.420732424,6104.348631966941,1114874.454661384,1108511.636050633,6362.813575217271,1188562.851046577,1178105.954382688,10456.87419688721,0,0,0,0,0,0,8858.707675969228,8858.707675969228,0,1,1,1,1,,1,1
1999,702,3892.0431113364,3039.728673785925,.78101104,1284023.244029391,1277127.844889015,6895.35149849504,1167119.68933803,1160535.14693439,6584.534576082629,1226408.390098468,1215951.493434578,10456.87419688721,59923.62898135185,59923.62898135185,0,53484.23172521591,53484.23172521591,0,28986.83137440681,28986.83137440681,0,1215240.907359907,1208345.508219531,6895.35149849504,1098337.352668466,1091752.810264826,6584.534576082629,1188562.851046577,1178105.954382688,10456.87419688721,0,0,0,0,0,0,8858.707675969228,8858.707675969228,0,.71156073,.70935178,.94999999,1,,.70001495,.94999999
2000,702,3892.0431113364,3039.728673785925,.78101104,1005912.754235129,999571.9815826416,6340.764450150315,1078874.870256577,1072403.674814254,6471.197276536594,1226408.390098468,1215951.493434578,10456.87419688721,60711.58680427074,60711.58680427074,0,53479.71795117855,53479.71795117855,0,28986.83137440681,28986.83137440681,0,936342.4597343009,930001.6870818138,6340.764450150315,1009304.575755749,1002833.380313426,6471.197276536594,1188562.851046577,1178105.954382688,10456.87419688721,0,0,0,0,0,0,8858.707675969228,8858.707675969228,0,.66074252,.6585266,.89999998,.89999998,,.6500175,.89999998
2001,702,3892.0431113364,3039.728673785925,.78101104,906490.5314038529,900549.3305082321,5941.203132389463,872490.8414172868,866534.9038365781,5955.926489115025,1226408.390098468,1215951.493434578,10456.87419688721,41975.42170244455,41975.42170244455,0,53478.3853085041,53478.3853085041,0,28986.83137440681,28986.83137440681,0,855656.4020198289,849715.201124208,5941.203132389463,821656.712029448,815700.7744487394,5955.926489115025,1188562.851046577,1178105.954382688,10456.87419688721,0,0,0,0,0,0,8858.707675969228,8858.707675969228,0,.49390811,.49135631,.76999998,.38999999,,.49002543,.76999998
2002,702,3892.0431113364,3039.728673785925,.78101104,966091.6326556843,959453.2110369503,6638.3918661553,984636.2735484125,977873.8479540348,6762.442300974705,1226408.390098468,1215951.493434578,10456.87419688721,49001.9092464447,49001.9092464447,0,57443.93971085548,57443.93971085548,0,28986.83137440681,28986.83137440681,0,908231.0157366259,901592.594117892,6638.3918661553,926775.6566331688,920013.2310387911,6762.442300974705,1188562.851046577,1178105.954382688,10456.87419688721,0,0,0,0,0,0,8858.707675969228,8858.707675969228,0,.70447004,.70220011,.94999999,.69999999,,.70001495,.94999999
2003,702,3892.0431113364,3039.728673785925,.78101104,1056584.747051499,1048894.971845031,7689.785888745138,1041096.872397732,1033466.671583772,7630.198672629773,1226408.390098467,1215951.493434578,10456.87419688721,46184.1958616972,46184.1958616972,0,57443.68166851997,57443.68166851997,0,28986.83137440681,28986.83137440681,0,1001541.843512914,993852.0683064461,7689.785888745138,986053.9688667766,978423.7680528164,7630.198672629773,1188562.851046577,1178105.954382688,10456.87419688721,0,0,0,0,0,0,8858.707675969228,8858.707675969228,0,.75765187,.75540924,1,.89999998,,.75001246,1
2004,702,3892.0431113364,3039.728673785925,.78101104,1035119.869311769,1027358.645675302,7761.244229212458,988882.0965372273,981242.7857505381,7639.323476529244,1226408.390098468,1215951.493434578,10456.87419688721,49165.2668645978,49165.2668645978,0,57433.92007446289,57433.92007446289,0,28986.83137440681,28986.83137440681,0,977095.8947555014,969334.6711190343,7761.244229212458,930858.1219771453,923218.8111904562,7639.323476529244,1188562.851046577,1178105.954382688,10456.87419688721,0,0,0,0,0,0,8858.707675969228,8858.707675969228,0,.70328826,.7010082,.94999999,.64999998,,.70001495,.94999999
2005,702,3892.0431113364,3039.728673785925,.78101104,1131594.578787826,1123957.018433273,7637.58555658144,1193457.444091249,1185595.951958627,7861.492030452861,1226408.390098468,1215951.493434578,10456.87419688721,79143.20847558975,79143.20847558975,0,57433.92007446289,57433.92007446289,0,28986.83137440681,28986.83137440681,0,1043592.662628792,1035955.102274239,7637.58555658144,1105455.527928401,1097594.035795778,7861.492030452861,1188562.851046577,1178105.954382688,10456.87419688721,0,0,0,0,0,0,8858.707675969228,8858.707675969228,0,.85364568,.85229194,1,.89999998,,.85000747,1
2006,702,3892.0431113364,3039.728673785925,.78101104,1199885.838346971,1191725.602339566,8160.245071871131,1232647.116182835,1224319.525034785,8327.62355718901,1226408.390098467,1215951.493434578,10456.87419688721,72189.20481586456,72189.20481586456,0,57433.7233171463,57433.7233171463,0,28986.83137440681,28986.83137440681,0,1118837.92587794,1110677.689870534,8160.245071871131,1151599.203717531,1143271.612569481,8327.62355718901,1188562.851046577,1178105.954382688,10456.87419688721,0,0,0,0,0,0,8858.707675969228,8858.707675969228,0,1,1,1,1,,1,1
2007,702,3892.0431113364,3039.728673785925,.78101104,977638.6091001823,969785.3045388162,7853.291489307554,847834.4973694391,840413.7199236453,7420.762996886618,1226408.390098467,1215951.493434578,10456.87419688721,45230.81964635849,45230.81964635849,0,57433.7233171463,57433.7233171463,0,28986.83137440681,28986.83137440681,0,923549.0817593231,915695.777197957,7853.291489307554,793744.970032484,786324.1925866902,7420.762996886618,1188562.851046577,1178105.954382688,10456.87419688721,0,0,0,0,0,0,8858.707675969228,8858.707675969228,0,.50828791,.50605077,.75,.60000002,,.50002491,.75
2008,702,3892.0431113364,3039.728673785925,.78101104,597079.5943772866,591064.0793278217,6015.514400616106,580273.5724715914,574371.0170013905,5902.551962925829,1226408.390098468,1215951.493434578,10456.87419688721,22231.33338469267,22231.33338469267,0,57433.7233171463,57433.7233171463,0,28986.83137440681,28986.83137440681,0,565989.5533075406,559974.0382580757,6015.514400616106,549183.5314056601,543280.9759354591,5902.551962925829,1188562.851046577,1178105.954382688,10456.87419688721,0,0,0,0,0,0,8858.707675969228,8858.707675969228,0,.40638515,.40320832,.75,.34999999,,.40002996,.75
2009,702,3892.0431113364,3039.728673785925,.78101104,371877.9683342538,366731.1298660636,5146.843204870722,369900.956138412,364830.8523024023,5070.099619998112,1226408.390098467,1215951.493434578,10456.87419688721,21302.08501207829,21302.08501207829,0,57433.7233171463,57433.7233171463,0,28986.83137440681,28986.83137440681,0,341717.1756433807,336570.3371751904,5146.843204870722,339740.1634475389,334670.0596115291,5070.099619998112,1188562.851046577,1178105.954382688,10456.87419688721,0,0,0,0,0,0,8858.707675969228,8858.707675969228,0,.11821216,.11375201,.60000002,.40000001,,.1000449,.60000002
2010,702,3892.0431113364,3039.728673785925,.78101104,679186.2950286302,673387.6098567545,5798.695391240983,773171.9989761077,767140.630520314,6031.393015891311,1226408.390098468,1215951.493434578,10456.87419688721,28052.33032023907,28052.33032023907,0,50433.32013916969,50433.32013916969,0,28986.83137440681,28986.83137440681,0,642275.2570193443,636476.5718474686,5798.695391240983,736260.9609668218,730229.5925110281,6031.393015891311,1188562.851046577,1178105.954382688,10456.87419688721,0,0,0,0,0,0,8858.707675969228,8858.707675969228,0,.45792738,.45522547,.75,.5,,.45002741,.75
2011,702,3892.0431113364,3039.728673785925,.78101104,1118003.624447278,1111223.5874089,6780.051476865437,1201701.26185363,1194611.883920372,7089.361587846746,1226408.390098467,1215951.493434578,10456.87419688721,60642.19453930855,60642.19453930855,0,50433.32013916969,50433.32013916969,0,28986.83137440681,28986.83137440681,0,1048502.722252182,1041722.685213804,6780.051476865437,1132200.359658534,1125110.981725276,7089.361587846746,1188562.851046577,1178105.954382688,10456.87419688721,0,0,0,0,0,0,8858.707675969228,8858.707675969228,0,.80328524,.80146676,1,.80000001,,.80001003,1
2012,702,3892.0431113364,3039.728673785925,.78101104,822095.016695475,815662.2636395395,6432.739468199981,685705.761625039,679659.5489391834,6046.240408512359,1226408.390098468,1215951.493434578,10456.87419688721,30551.51199102402,30551.51199102402,0,50433.32013916969,50433.32013916969,0,28986.83137440681,28986.83137440681,0,782684.7970034832,776252.0439475477,6432.739468199981,646295.5419330472,640249.3292471915,6046.240408512359,1188562.851046577,1178105.954382688,10456.87419688721,0,0,0,0,0,0,8858.707675969228,8858.707675969228,0,.41347581,.41035995,.75,.64999998,,.40002996,.75
2013,702,3892.0431113364,3039.728673785925,.78101104,515490.2641000465,509953.5074171722,5536.759851943352,480119.4639221071,474661.1714765728,5458.288719370534,1226408.390098468,1215951.493434578,10456.87419688721,27111.96694195271,27111.96694195271,0,50433.32013916969,50433.32013916969,0,28986.83137440681,28986.83137440681,0,479519.5894818619,473982.8327989876,5536.759851943352,444148.7893001079,438690.4968545735,5458.288719370534,1188562.851046577,1178105.954382688,10456.87419688721,0,0,0,0,0,0,8858.707675969228,8858.707675969228,0,.21393971,.20944282,.69999999,.34999999,,.20003992,.69999999
2014,702,3892.0431113364,3039.728673785925,.78101104,265692.8683801739,261457.2378439754,4235.625181705553,258646.4030405368,254526.725556314,4119.675877612211,1226408.390098468,1215951.493434578,10456.87419688721,40547.73719489574,40547.73719489574,0,48440.86034703255,48440.86034703255,0,28986.83137440681,28986.83137440681,0,216286.4235206096,212050.7929844111,4235.625181705553,209239.9581828798,205120.280698657,4119.675877612211,1188562.851046577,1178105.954382688,10456.87419688721,0,0,0,0,0,0,8858.707675969228,8858.707675969228,0,.013013622,.0085087689,.5,.050000001,,.000032425614,.5
2015,702,3892.0431113364,3039.728673785925,.78101104,235452.9817581383,231629.5625076294,3823.421053599773,232157.8409305167,228352.1372234225,3805.707425134132,1226408.390098467,1215951.493434578,10456.87419688721,41750.25870871544,41750.25870871544,0,45443.08373570442,45443.08373570442,0,28986.83137440681,28986.83137440681,0,184844.0153728334,181020.5961223245,3823.421053599773,181548.8745433044,177743.1708362103,3805.707425134132,1188562.851046577,1178105.954382688,10456.87419688721,0,0,0,0,0,0,8858.707675969228,8858.707675969228,0,.014275044,.012089423,.25,.2,,.000037414167,.25
2016,702,3892.0431113364,3039.728673785925,.78101104,288671.1408452187,284716.673614651,3954.463405149029,318277.7983972518,314287.882064268,3989.921218050026,1226408.390098468,1215951.493434578,10456.87419688721,20970.58012735844,20970.58012735844,0,45443.08373570442,45443.08373570442,0,28986.83137440681,28986.83137440681,0,258841.8530437741,254887.3858132064,3954.463405149029,288448.5105958072,284458.5942628235,3989.921218050026,1188562.851046577,1178105.954382688,10456.87419688721,0,0,0,0,0,0,8858.707675969228,8858.707675969228,0,.074484609,.070078403,.55000001,.60000002,,.050047394,.55000001
2017,702,3892.0431113364,3039.728673785925,.78101104,1015157.426775466,1008258.898044586,6898.536254901055,1115720.225628752,1108154.229281723,7566.023775290674,1226408.390098467,1215951.493434578,10456.87419688721,64322.8992112875,64322.8992112875,0,45443.08373570442,45443.08373570442,0,28986.83137440681,28986.83137440681,0,941975.8199137556,935077.2911828756,6898.536254901055,1042538.618763227,1034972.622416198,7566.023775290674,1188562.851046577,1178105.954382688,10456.87419688721,0,0,0,0,0,0,8858.707675969228,8858.707675969228,0,.99645466,.9964242,1,.85000002,,1,1
2018,702,3892.0431113364,3039.728673785925,.78101104,785313.2482511249,777927.4802716076,7385.77442239931,707935.9037422467,700860.2111711204,7075.695534695293,1226408.390098468,1215951.493434578,10456.87419688721,41056.73169994354,41056.73169994354,0,45443.08373570442,45443.08373570442,0,28986.83137440681,28986.83137440681,0,735397.8088744726,728012.0408949554,7385.77442239931,658020.4643617797,650944.7717906535,7075.695534695293,1188562.851046577,1178105.954382688,10456.87419688721,0,0,0,0,0,0,8858.707675969228,8858.707675969228,0,.502379,.50009108,.75,.34999999,,.50002491,.75
2019,702,3892.0431113364,3039.728673785925,.78101104,924099.1651013673,916409.8211050928,7689.314002632364,959065.3663912606,951092.4219049811,7972.966299925432,1226408.390098468,1215951.493434578,10456.87419688721,33139.55470228195,33139.55470228195,0,45443.08373570442,45443.08373570442,0,28986.83137440681,28986.83137440681,0,882100.9027159989,874411.5587197244,7689.314002632364,917067.1040058922,909094.1595196128,7972.966299925432,1188562.851046577,1178105.954382688,10456.87419688721,0,0,0,0,0,0,8858.707675969228,8858.707675969228,0,.75410658,.75183344,1,.75000006,,.75001246,1
2020,702,3892.0431113364,3039.728673785925,.78101104,528151.4239598475,521951.7207059115,6199.718277556854,449351.3123281511,443717.2514416352,5634.063273450942,1226408.390098467,1215951.493434578,10456.87419688721,34130.17797011137,34130.17797011137,0,41446.05089879036,41446.05089879036,0,28986.83137440681,28986.83137440681,0,485162.5383290015,478962.8350750655,6199.718277556854,406362.4267011198,400728.3658146039,5634.063273450942,1188562.851046577,1178105.954382688,10456.87419688721,0,0,0,0,0,0,8858.707675969228,8858.707675969228,0,.21039438,.20586701,.69999999,.2,,.20003992,.69999999
2021,702,3892.0431113364,3039.728673785925,.78101104,226963.5622145052,222581.7855923474,4381.779314764129,222133.6419113192,217735.6785574555,4397.969972721942,1226408.390098467,1215951.493434578,10456.87419688721,24799.78350520134,24799.78350520134,0,41446.05089879036,41446.05089879036,0,28986.83137440681,28986.83137440681,0,193305.0710304494,188923.2944082916,4381.779314764129,188475.1507310781,184077.1873772144,4397.969972721942,1188562.851046577,1178105.954382688,10456.87419688721,0,0,0,0,0,0,8858.707675969228,8858.707675969228,0,.010729712,.0085136024,.25,.050000001,,.000037414167,.25
2022,702,3892.0431113364,3039.728673785925,.78101104,195300.857522405,191347.0236020386,3953.839809674055,191114.3733504642,187301.7894059122,3812.582560376692,1226408.390098467,1215951.493434578,10456.87419688721,20212.90872275829,20212.90872275829,0,41446.05089879036,41446.05089879036,0,28986.83137440681,28986.83137440681,0,166229.2411190637,162275.4071986973,3953.839809674055,162042.7569509376,158230.1730063856,3812.582560376692,1188562.851046577,1178105.954382688,10456.87419688721,0,0,0,0,0,0,8858.707675969228,8858.707675969228,0,.011462097,.0085136024,.32999998,.050000001,,.000037414167,.32999998
2023,702,3892.0431113364,3039.728673785925,.78101104,1000632.962889046,992832.0361392796,7800.936501331875,1170292.855650416,1161361.705496192,8931.15804435161,1226408.390098468,1215951.493434578,10456.87419688721,49524.44242882729,49524.44242882729,0,41446.05089879036,41446.05089879036,0,28986.83137440681,28986.83137440681,0,942249.8127968016,934448.8860470355,7800.936501331875,1111909.705561986,1102978.555407763,8931.15804435161,1188562.851046577,1178105.954382688,10456.87419688721,0,0,0,0,0,0,8858.707675969228,8858.707675969228,0,1,1,1,1,,1,1
2024,702,3892.0431113364,3039.728673785925,.78101104,824129.015303741,815643.8601267338,8485.154492153571,747690.0888598224,739551.8762154579,8138.183715618943,1226408.390098467,1215951.493434578,10456.87419688721,13645.64820289612,13645.64820289612,0,41446.05089879036,41446.05089879036,0,28986.83137440681,28986.83137440681,0,801624.6594272952,793139.504250288,8485.154492153571,725185.7329833766,717047.5203390121,8138.183715618943,1188562.851046577,1178105.954382688,10456.87419688721,0,0,0,0,0,0,8858.707675969228,8858.707675969228,0,.50356078,.50128299,.75,.40000001,,.50002491,.75
1993,703,3213.50943632005,2932.442841053009,.91253597,942299.4151853025,942298.9696905017,.445493949111551,946197.1398873329,946196.5974267423,.5424583903513849,959072.3038691878,959071.6461270154,.6577356844209135,131133.4065313935,131133.4065313935,0,125433.3733537793,125433.3733537793,0,125411.9873655438,125411.9873655438,0,68912.04565948993,68911.60732311755,.4383355211466551,72809.770361498,72809.23505933583,.5352999623864889,91406.34472586215,91405.6941421181,.6505772564560175,0,0,0,0,0,0,742253.9859377444,742253.9787793159,.007158427964896,.9708752,.97087538,.75272089,1,,.69441086,.75
1994,703,3213.50943632005,2932.442841053009,.91253597,870346.8485870957,870346.456151396,.3924335152842104,872063.1700337231,872062.8583613634,.3116689692251384,959072.3038691878,959071.6461270154,.6577356844209135,66107.3861977458,66107.3861977458,0,125433.3733537793,125433.3733537793,0,125411.9873655438,125411.9873655438,0,61985.49231878296,61985.10704151168,.3852750873193145,63701.81376533397,63701.50925140269,.3045105412602425,91406.34472586215,91405.6941421181,.6505772564560175,0,0,0,0,0,0,742253.9859377444,742253.9787793159,.007158427964896,.8869682,.88696831,.75272089,.5,,.50003672,.75
1995,703,3213.50943632005,2932.442841053009,.91253597,913243.2877413034,913242.769464463,.5182759738527238,921567.8624454439,921567.2570647597,.6053795791231096,959072.3038691878,959071.6461270154,.6577356844209135,107455.0852386653,107455.0852386653,0,125433.3733537793,125433.3733537793,0,125411.9873655438,125411.9873655438,0,63534.21653230488,63533.70541389287,.5111175458878279,71858.79126697034,71858.19304471463,.5982211511582136,91406.34472586215,91405.6941421181,.6505772564560175,0,0,0,0,0,0,742253.9859377444,742253.9787793159,.007158427964896,1,1,1,1,,1,1
1996,703,3213.50943632005,2932.442841053009,.91253597,1076731.656438321,1076731.036505997,.6199360019527376,1065336.291330934,1065335.706618756,.584718884434551,959072.3038691878,959071.6461270154,.6577356844209135,242584.6054944396,242584.6054944396,0,125430.1636026502,125430.1636026502,0,125411.9873655438,125411.9873655438,0,91893.04863731563,91892.43586342037,.6127775739878416,80497.68352982402,80497.10597607493,.577560456469655,91406.34472586215,91405.6941421181,.6505772564560175,0,0,0,0,0,0,742253.9859377444,742253.9787793159,.007158427964896,.99676329,.99676329,1,1,,.96603918,1
1997,703,3213.50943632005,2932.442841053009,.91253597,858912.1154997945,858911.3859211504,.7295785839669406,854243.2043016553,854242.4949103892,.7093874304555357,959072.3038691878,959071.6461270154,.6577356844209135,22403.68684768677,22403.68684768677,0,125430.1636026502,125430.1636026502,0,125411.9873655438,125411.9873655438,0,94254.44271434844,94253.72029413283,.7224201560020447,89585.53151620924,89584.82928337157,.7022290024906397,91406.34472586215,91405.6941421181,.6505772564560175,0,0,0,0,0,0,742253.9859377444,742253.9787793159,.007158427964896,.99387455,.99387455,.95054412,1,,.93572915,.94999999
1998,703,3213.50943632005,2932.442841053009,.91253597,791485.223706007,791484.652602762,.5711016240529716,807988.6408347785,807988.0197232366,.6211099117062986,959072.3038691878,959071.6461270154,.6577356844209135,21256.08110187203,21256.08110187203,0,125430.1636026502,125430.1636026502,0,125411.9873655438,125411.9873655438,0,27975.16459807171,27974.60065325513,.5639431960880756,44478.58172683883,44477.96777372528,.6139514837414026,91406.34472586215,91405.6941421181,.6505772564560175,0,0,0,0,0,0,742253.9859377444,742253.9787793159,.007158427964896,.99928826,.99928826,1,1,,.99253231,1
1999,703,3213.50943632005,2932.442841053009,.91253597,1127394.178276807,1127393.501989961,.6762833795510232,1116594.844404995,1116594.232693344,.6117186690680683,959072.3038691878,959071.6461270154,.6577356844209135,296705.9593755603,296705.9593755603,0,125430.1636026502,125430.1636026502,0,125411.9873655438,125411.9873655438,0,88434.16899073124,88433.49986231327,.6691249515861273,77634.83511892334,77634.23056570068,.6045602411031723,91406.34472586215,91405.6941421181,.6505772564560175,0,0,0,0,0,0,742253.9859377444,742253.9787793159,.007158427964896,.98194003,.98194003,.95054412,1,,.81050646,.94999999
2000,703,3213.50943632005,2932.442841053009,.91253597,1026879.72422722,1026879.202434659,.521797691937536,1027517.276044101,1027516.713861525,.5621799542568624,959072.3038691878,959071.6461270154,.6577356844209135,206566.4700793624,206566.4700793624,0,125430.1636026502,125430.1636026502,0,125411.9873655438,125411.9873655438,0,78059.2679582648,78058.75332413241,.51463926397264,78696.8197751455,78696.26475099847,.5550215262919664,91406.34472586215,91405.6941421181,.6505772564560175,0,0,0,0,0,0,742253.9859377444,742253.9787793159,.007158427964896,.96593529,.96593535,.90108836,.89999998,,.77978158,.89999998
2001,703,3213.50943632005,2932.442841053009,.91253597,899728.3701686561,899727.8929808736,.4771893485449255,901452.9866565764,901452.528249979,.4584068837575614,959072.3038691878,959071.6461270154,.6577356844209135,87602.27485367656,87602.27485367656,0,125430.1636026502,125430.1636026502,0,125411.9873655438,125411.9873655438,0,69872.10863906378,69871.63860970968,.4700309205800295,71596.72512697638,71596.27387880743,.4512484557926655,91406.34472586215,91405.6941421181,.6505772564560175,0,0,0,0,0,0,742253.9859377444,742253.9787793159,.007158427964896,.88985616,.88985628,.77250314,.38999999,,.68126291,.76999998
2002,703,3213.50943632005,2932.442841053009,.91253597,919154.9339912236,919154.4281622171,.5058325841091573,920672.1118749976,920671.5957196057,.5161629314534366,959072.3038691878,959071.6461270154,.6577356844209135,100712.7110624611,100712.7110624611,0,118465.7703226209,118465.7703226209,0,125411.9873655438,125411.9873655438,0,76188.2367430958,76187.73807251779,.4986741561442614,77705.41462684749,77704.90562988399,.5090045034885406,91406.34472586215,91405.6941421181,.6505772564560175,0,0,0,0,0,0,742253.9859377444,742253.9787793159,.007158427964896,.94261599,.94261599,.95054412,.69999999,,.80951077,.94999999
2003,703,3213.50943632005,2932.442841053009,.91253597,937555.3809180856,937554.8241371214,.5567800006829202,939610.6811605096,939610.1330656111,.548093109857291,959072.3038691878,959071.6461270154,.6577356844209135,110910.889426887,110910.889426887,0,118066.0977304578,118066.0977304578,0,125411.9873655438,125411.9873655438,0,84390.50469698571,84389.95507445,.5496215727180243,86445.80493940972,86445.26400293969,.540934681892395,91406.34472586215,91405.6941421181,.6505772564560175,0,0,0,0,0,0,742253.9859377444,742253.9787793159,.007158427964896,.97164959,.97164959,1,.89999998,,.83973777,1
2004,703,3213.50943632005,2932.442841053009,.91253597,928619.2022101283,928618.6590528786,.5431627104990184,922771.005438894,922770.4878739715,.5175716164521873,959072.3038691878,959071.6461270154,.6577356844209135,102583.6575884223,102583.6575884223,0,108178.1988714337,108178.1988714337,0,125411.9873655438,125411.9873655438,0,83781.58126476128,83781.04526594002,.5360042825341225,77933.38449348975,77932.87408699561,.5104131884872913,91406.34472586215,91405.6941421181,.6505772564560175,0,0,0,0,0,0,742253.9859377444,742253.9787793159,.007158427964896,.93607777,.93607777,.95054412,.64999998,,.80951077,.94999999
2005,703,3213.50943632005,2932.442841053009,.91253597,990418.9252076745,990418.3449544013,.5802580690942705,999645.9036219418,999645.2893248796,.6143012526445091,959072.3038691878,959071.6461270154,.6577356844209135,163846.8216530085,163846.8216530085,0,108178.1988714337,108178.1988714337,0,125411.9873655438,125411.9873655438,0,84318.15061498806,84317.57752014324,.5730996411293745,93545.12902925443,93544.5218906207,.6071428246796131,91406.34472586215,91405.6941421181,.6505772564560175,0,0,0,0,0,0,742253.9859377444,742253.9787793159,.007158427964896,.97820997,.97820997,1,.89999998,,.9085722,1
2006,703,3213.50943632005,2932.442841053009,.91253597,954147.390355885,954146.7687794268,.6215794640593231,958121.2937965691,958120.6541365385,.6396575714461505,959072.3038691878,959071.6461270154,.6577356844209135,120970.1541095376,120970.1541095376,0,108178.4461858869,108178.4461858869,0,125411.9873655438,125411.9873655438,0,90923.2713025948,90922.65688456502,.6144210360944271,94897.17474327423,94896.54224167205,.6324991434812546,91406.34472586215,91405.6941421181,.6505772564560175,0,0,0,0,0,0,742253.9859377444,742253.9787793159,.007158427964896,1,1,1,1,,1,1
2007,703,3213.50943632005,2932.442841053009,.91253597,916011.0470062494,916010.5338997543,.5131107955239713,904347.4072996676,904346.9657988548,.4415026768110693,959072.3038691878,959071.6461270154,.6577356844209135,94866.58999782801,94866.58999782801,0,108178.4461858869,108178.4461858869,0,125411.9873655438,125411.9873655438,0,78890.47802873177,78889.97208066506,.5059523675590754,67226.83832216263,67226.40397977829,.4343442488461733,91406.34472586215,91405.6941421181,.6505772564560175,0,0,0,0,0,0,742253.9859377444,742253.9787793159,.007158427964896,.91781312,.91781324,.75272089,.60000002,,.68647236,.75
2008,703,3213.50943632005,2932.442841053009,.91253597,842444.6863965392,842444.3702650368,.3161298059858382,837997.0319306254,837996.7251887619,.306738571729511,959072.3038691878,959071.6461270154,.6577356844209135,38671.74906435609,38671.74906435609,0,108178.4461858869,108178.4461858869,0,125411.9873655438,125411.9873655438,0,61518.95468832331,61518.64571524935,.3089713780209422,57071.30022240954,57071.00063897448,.2995801437646151,91406.34472586215,91405.6941421181,.6505772564560175,0,0,0,0,0,0,742253.9859377444,742253.9787793159,.007158427964896,.8796742,.87967432,.75272089,.34999999,,.62931031,.75
2009,703,3213.50943632005,2932.442841053009,.91253597,835488.211265564,835488.0191007555,.1921656066551805,836340.0398000479,836339.8485721052,.19122648332268,959072.3038691878,959071.6461270154,.6577356844209135,41242.29058229923,41242.29058229923,0,108178.4461858869,108178.4461858869,0,125411.9873655438,125411.9873655438,0,51991.95805940032,51991.77305302024,.1850071786902845,52843.78659388423,52843.60252436996,.184068055357784,91406.34472586215,91405.6941421181,.6505772564560175,0,0,0,0,0,0,742253.9859377444,742253.9787793159,.007158427964896,.86858153,.86858177,.60435337,.40000001,,.44431981,.59999996
2010,703,3213.50943632005,2932.442841053009,.91253597,883417.0462618172,883416.6873992682,.3588598831556737,886548.8304593861,886548.4197150469,.4107464053668082,959072.3038691878,959071.6461270154,.6577356844209135,78125.39919811487,78125.39919811487,0,101178.9425294995,101178.9425294995,0,125411.9873655438,125411.9873655438,0,63037.66026455816,63037.30856043752,.3517014551907778,66169.44446210656,66169.04087619577,.4035879774019122,91406.34472586215,91405.6941421181,.6505772564560175,0,0,0,0,0,0,742253.9859377444,742253.9787793159,.007158427964896,.90199566,.90199578,.75272089,.5,,.65771186,.75
2011,703,3213.50943632005,2932.442841053009,.91253597,891048.2223183513,891047.6385350525,.5837797890417278,900239.3730582595,900238.7430312932,.6300315759144723,959072.3038691878,959071.6461270154,.6577356844209135,71597.21477308869,71597.21477308869,0,101178.9425294995,101178.9425294995,0,125411.9873655438,125411.9873655438,0,77197.02148249233,77196.44485762203,.5766213610768318,86388.17222241266,86387.54935387475,.6228731479495764,91406.34472586215,91405.6941421181,.6505772564560175,0,0,0,0,0,0,742253.9859377444,742253.9787793159,.007158427964896,.96159637,.96159637,1,.80000001,,.87145829,1
2012,703,3213.50943632005,2932.442841053009,.91253597,912783.3287529051,912782.8926484585,.4361027269624174,901048.4391061366,901048.0783691406,.3607381316833198,959072.3038691878,959071.6461270154,.6577356844209135,105298.9937388599,105298.9937388599,0,101178.9425294995,101178.9425294995,0,125411.9873655438,125411.9873655438,0,65230.37275981053,65229.94381379231,.4289442989975214,53495.48311305046,53495.12953448296,.3535797037184238,91406.34472586215,91405.6941421181,.6505772564560175,0,0,0,0,0,0,742253.9859377444,742253.9787793159,.007158427964896,.91852295,.91852307,.75272089,.64999998,,.62531865,.75
2013,703,3213.50943632005,2932.442841053009,.91253597,851249.2756535113,851249.0071840286,.2684693266637623,850011.8068074286,850011.5578258038,.2489825352095068,959072.3038691878,959071.6461270154,.6577356844209135,54546.90143299103,54546.90143299103,0,101178.9425294995,101178.9425294995,0,125411.9873655438,125411.9873655438,0,54448.41519451141,54448.15388345718,.2613108986988664,53210.94634842873,53210.70452523232,.2418241072446108,91406.34472586215,91405.6941421181,.6505772564560175,0,0,0,0,0,0,742253.9859377444,742253.9787793159,.007158427964896,.86769092,.86769104,.70326501,.34999999,,.50357634,.69999999
2014,703,3213.50943632005,2932.442841053009,.91253597,799665.8972927034,799665.7739180923,.1233748644590378,799375.1230596006,799375.0034412742,.1196183715946972,959072.3038691878,959071.6461270154,.6577356844209135,10726.53086088598,10726.53086088598,0,99727.64726239443,99727.64726239443,0,125411.9873655438,125411.9873655438,0,46685.38493077044,46685.26871458773,.1162164364941418,46394.61069766764,46394.49823776964,.1124599436298013,91406.34472586215,91405.6941421181,.6505772564560175,0,0,0,0,0,0,742253.9859377444,742253.9787793159,.007158427964896,.80406022,.80406046,.50544173,.050000001,,.24754502,.5
2015,703,3213.50943632005,2932.442841053009,.91253597,807346.7799820602,807346.6737466455,.1062358769122511,806618.841804117,806618.7374452949,.1043576295487583,959072.3038691878,959071.6461270154,.6577356844209135,19203.12120334804,19203.12120334804,0,99725.42341595888,99725.42341595888,0,125411.9873655438,125411.9873655438,0,45889.69181709873,45889.59274011242,.0990774489473552,45161.7536391555,45161.65643876183,.0971992015838623,91406.34472586215,91405.6941421181,.6505772564560175,0,0,0,0,0,0,742253.9859377444,742253.9787793159,.007158427964896,.82730424,.82730466,.25816259,.2,,.28562886,.25
2016,703,3213.50943632005,2932.442841053009,.91253597,838851.9006596804,838851.7533356845,.1473224912770092,840203.272589922,840203.1088313758,.1637571374885738,959072.3038691878,959071.6461270154,.6577356844209135,47842.08830064535,47842.08830064535,0,99725.42341595888,99725.42341595888,0,125411.9873655438,125411.9873655438,0,48755.84967276175,48755.70950719435,.1401640633121133,50107.22160298657,50107.06500286888,.1565987095236778,91406.34472586215,91405.6941421181,.6505772564560175,0,0,0,0,0,0,742253.9859377444,742253.9787793159,.007158427964896,.8917892,.89178944,.55489755,.60000002,,.41341874,.55000001
2017,703,3213.50943632005,2932.442841053009,.91253597,898286.1812125444,898285.6568345726,.5243802792392671,908144.1064168811,908143.5268612206,.5795537135563791,959072.3038691878,959071.6461270154,.6577356844209135,70252.88831073046,70252.88831073046,0,99725.42341595888,99725.42341595888,0,125411.9873655438,125411.9873655438,0,85779.32954230561,85778.81232276215,.5172218512743711,95637.25474662962,95636.68234939757,.5723952855914831,91406.34472586215,91405.6941421181,.6505772564560175,0,0,0,0,0,0,742253.9859377444,742253.9787793159,.007158427964896,.98038542,.98038542,1,.85000002,,1,1
2018,703,3213.50943632005,2932.442841053009,.91253597,866948.0933170915,866947.6844462454,.408868174534291,858154.2368681431,858153.8704958856,.3663728688843548,959072.3038691878,959071.6461270154,.6577356844209135,56736.63304325938,56736.63304325938,0,99725.42341595888,99725.42341595888,0,125411.9873655438,125411.9873655438,0,67957.49374617438,67957.09203375678,.4017097465693951,59163.63729722158,59163.27808339254,.3592144409194589,91406.34472586215,91405.6941421181,.6505772564560175,0,0,0,0,0,0,742253.9859377444,742253.9787793159,.007158427964896,.88522494,.88522506,.75272089,.34999999,,.68755144,.75
2019,703,3213.50943632005,2932.442841053009,.91253597,922881.2719330192,922880.7815945446,.4903370658867061,924877.0042137504,924876.4948547184,.5093543040566146,959072.3038691878,959071.6461270154,.6577356844209135,100080.2253455222,100080.2253455222,0,99725.42341595888,99725.42341595888,0,125411.9873655438,125411.9873655438,0,80547.08310683165,80546.59992678557,.4831786379218102,82542.81538743898,82542.3131868355,.5021958760917187,91406.34472586215,91405.6941421181,.6505772564560175,0,0,0,0,0,0,742253.9859377444,742253.9787793159,.007158427964896,.95278627,.95278627,1,.75000006,,.84762031,1
2020,703,3213.50943632005,2932.442841053009,.91253597,820258.5933727622,820258.3223181069,.2710519158281386,815190.4295757413,815190.2019564211,.2276174803264439,959072.3038691878,959071.6461270154,.6577356844209135,30465.6458338201,30465.6458338201,0,99722.45828801394,99722.45828801394,0,125411.9873655438,125411.9873655438,0,47538.96483208984,47538.70093586296,.2638934878632426,42470.80103505962,42470.58057416789,.2204590523615479,91406.34472586215,91405.6941421181,.6505772564560175,0,0,0,0,0,0,742253.9859377444,742253.9787793159,.007158427964896,.84808016,.84808034,.70326501,.2,,.50361669,.69999999
2021,703,3213.50943632005,2932.442841053009,.91253597,822903.7532584667,822903.6427956522,.1104619277175516,823975.0972853005,823974.9894064665,.1078793408814818,959072.3038691878,959071.6461270154,.6577356844209135,18578.70158981346,18578.70158981346,0,99722.45828801394,99722.45828801394,0,125411.9873655438,125411.9873655438,0,62071.07976587079,62070.97646148465,.1033034997526556,63142.42379272194,63142.32307231636,.1007209129165858,91406.34472586215,91405.6941421181,.6505772564560175,0,0,0,0,0,0,742253.9859377444,742253.9787793159,.007158427964896,.80774099,.8077414,.25816259,.050000001,,.286167,.25
2022,703,3213.50943632005,2932.442841053009,.91253597,807752.581186831,807752.4852818549,.095905524212867,811542.5442487299,811542.4504568577,.0937924983445555,959072.3038691878,959071.6461270154,.6577356844209135,9172.251718273386,9172.251718273386,0,99722.45828801394,99722.45828801394,0,125411.9873655438,125411.9873655438,0,56326.3504432654,56326.2616967177,.0887470962479711,60116.31350516807,60116.22687172424,.0866340703796595,91406.34472586215,91405.6941421181,.6505772564560175,0,0,0,0,0,0,742253.9859377444,742253.9787793159,.007158427964896,.80772823,.80772853,.3372919,.050000001,,.28603247,.32999998
2023,703,3213.50943632005,2932.442841053009,.91253597,829812.3469959795,829811.8233165741,.5236759199760854,834105.4147033393,834104.7978194356,.6168838362209499,959072.3038691878,959071.6461270154,.6577356844209135,23690.60842838883,23690.60842838883,0,99722.45828801394,99722.45828801394,0,125411.9873655438,125411.9873655438,0,63867.77926772647,63867.26274674945,.5165174920111895,68160.84697508253,68160.23724960722,.6097254082560539,91406.34472586215,91405.6941421181,.6505772564560175,0,0,0,0,0,0,742253.9859377444,742253.9787793159,.007158427964896,.99976277,.99976277,1,1,,.99751079,1
2024,703,3213.50943632005,2932.442841053009,.91253597,877585.3589743376,877584.9141838253,.4447896196506917,871264.5092690885,871264.1067377925,.4025290948338807,959072.3038691878,959071.6461270154,.6577356844209135,63135.81570120156,63135.81570120156,0,99722.45828801394,99722.45828801394,0,125411.9873655438,125411.9873655438,0,72195.57222791761,72195.13459583372,.4376311916857958,65874.72252265364,65874.32714978606,.3953706668689847,91406.34472586215,91405.6941421181,.6505772564560175,0,0,0,0,0,0,742253.9859377444,742253.9787793159,.007158427964896,.8916924,.89169252,.75272089,.40000001,,.68680871,.75
1993,704,1222.330955109,641.5153846740723,.52482951,473981.6853625774,401223.2197864056,72758.45278930664,464262.3565051556,398751.8467395306,65510.49697875977,443478.1902894974,376058.510846138,67419.66665649414,0,0,0,0,0,0,0,0,0,172962.2876138687,107177.9514322281,65784.33618164063,163242.9351968765,104706.5548257828,58536.38037109375,142458.8002312183,82013.25018239021,60445.55004882813,0,0,0,0,0,0,301019.4207589626,294045.2918527126,6974.1162109375,.98001891,.97675496,.99822384,,,.89341336,.99801886
1994,704,1222.330955109,641.5153846740723,.52482951,354848.682536602,310678.2663989067,44170.40335083008,366543.5413012505,321505.6101489067,45037.91836547852,443478.1902894974,376058.510846138,67419.66665649414,0,0,0,0,0,0,0,0,0,53829.26423430443,16632.97749114037,37196.28674316406,65524.13179564476,27460.33003783226,38063.8017578125,142458.8002312183,82013.25018239021,60445.55004882813,0,0,0,0,0,0,301019.4207589626,294045.2918527126,6974.1162109375,.7981922,.79422027,.82033342,,,.056430254,.79960376
1995,704,1222.330955109,641.5153846740723,.52482951,357752.2185585499,336576.9782631397,21175.22750854492,354551.5621254444,334194.8658363819,20356.68350219727,443478.1902894974,376058.510846138,67419.66665649414,0,0,0,0,0,0,0,0,0,56732.82068777084,42531.70978689194,14201.11090087891,53532.15647268295,40149.5895781517,13382.56689453125,142458.8002312183,82013.25018239021,60445.55004882813,0,0,0,0,0,0,301019.4207589626,294045.2918527126,6974.1162109375,1,1,1,,,1,1
1996,704,1222.330955109,641.5153846740723,.52482951,394953.1697206497,327036.0010194778,67917.15591430664,385696.5738954544,317828.3790712357,67868.18203735352,443478.1902894974,376058.510846138,67419.66665649414,0,0,0,0,0,0,0,0,0,93933.76017689705,32990.72087025642,60943.03930664063,84677.17214131355,23783.10671162605,60894.0654296875,142458.8002312183,82013.25018239021,60445.55004882813,0,0,0,0,0,0,301019.4207589626,294045.2918527126,6974.1162109375,.92886698,.91611326,1,,,.61535096,1
1997,704,1222.330955109,641.5153846740723,.52482951,387488.6026126146,320464.9231692553,67023.66665649414,387479.6026126146,320457.9231692553,67021.66665649414,443478.1902894974,376058.510846138,67419.66665649414,0,0,0,0,0,0,0,0,0,86469.20871675014,26419.65866792202,60049.55004882813,86460.20871675014,26412.65866792202,60047.55004882813,142458.8002312183,82013.25018239021,60445.55004882813,0,0,0,0,0,0,301019.4207589626,294045.2918527126,6974.1162109375,.93190253,.91975671,.99964476,,,.63205749,.99960375
1998,704,1222.330955109,641.5153846740723,.52482951,365486.1447840929,299464.9162684679,66021.21572875977,370665.8719038963,304644.6433882713,66021.21572875977,443478.1902894974,376058.510846138,67419.66665649414,0,0,0,0,0,0,0,0,0,64466.73714959621,5419.638028502464,59047.09912109375,69646.46728873253,10599.36816763878,59047.09912109375,142458.8002312183,82013.25018239021,60445.55004882813,0,0,0,0,0,0,301019.4207589626,294045.2918527126,6974.1162109375,.84818125,.82096106,1,,,.17904562,1
1999,704,1222.330955109,641.5153846740723,.52482951,381869.5487549305,333849.2742187977,48020.26174926758,376707.8218792677,328687.5473431349,48020.26174926758,443478.1902894974,376058.510846138,67419.66665649414,0,0,0,0,0,0,0,0,0,80850.1509604454,39804.00581884384,41046.14514160156,75688.42008697987,34642.2749453783,41046.14514160156,142458.8002312183,82013.25018239021,60445.55004882813,0,0,0,0,0,0,301019.4207589626,294045.2918527126,6974.1162109375,.86329061,.83884305,.99964476,,,.2610411,.99960375
2000,704,1222.330955109,641.5153846740723,.52482951,392531.9023756981,346900.3019118309,45631.58767700195,392564.7585535049,346933.1580896378,45631.58767700195,443478.1902894974,376058.510846138,67419.66665649414,0,0,0,0,0,0,0,0,0,91512.49278616905,52855.02171683311,38657.47106933594,91545.36071324348,52887.88964390755,38657.47106933594,142458.8002312183,82013.25018239021,60445.55004882813,0,0,0,0,0,0,301019.4207589626,294045.2918527126,6974.1162109375,.8578918,.83253992,.99928951,,,.23213901,.99920756
2001,704,1222.330955109,641.5153846740723,.52482951,365690.5554531813,300679.7597988844,65010.78286743164,365897.3369706869,300885.54131639,65011.78286743164,443478.1902894974,376058.510846138,67419.66665649414,0,0,0,0,0,0,0,0,0,64671.16183578968,6634.495576024055,58036.66625976563,64877.93497431278,6840.268714547157,58037.66625976563,142458.8002312183,82013.25018239021,60445.55004882813,0,0,0,0,0,0,301019.4207589626,294045.2918527126,6974.1162109375,.83659929,.80759543,.99836588,,,.11776019,.99817735
2002,704,1222.330955109,641.5153846740723,.52482951,372726.0457371473,305013.753012538,67712.27993774414,373389.942465663,304841.1153172255,68548.81436157227,443478.1902894974,376058.510846138,67419.66665649414,0,0,0,0,0,0,0,0,0,71706.64445984364,10968.48112976551,60738.16333007813,72370.53831589222,10795.84056198597,61574.69775390625,142458.8002312183,82013.25018239021,60445.55004882813,0,0,0,0,0,0,301019.4207589626,294045.2918527126,6974.1162109375,.84304816,.81497127,.99964476,,,.15158051,.99960375
2003,704,1222.330955109,641.5153846740723,.52482951,369796.3018215299,302362.8367336392,67433.45230102539,369176.4854090214,302310.7036707401,66865.76895141602,443478.1902894974,376058.510846138,67419.66665649414,0,0,0,0,0,0,0,0,0,68776.90356355906,8317.56787019968,60459.33569335938,68157.08715105057,8265.434807300568,59891.65234375,142458.8002312183,82013.25018239021,60445.55004882813,0,0,0,0,0,0,301019.4207589626,294045.2918527126,6974.1162109375,.83832574,.80933845,1,,,.12575231,1
2004,704,1222.330955109,641.5153846740723,.52482951,374965.87309587,311928.8005861044,63037.05972290039,374967.8523439169,312109.6794923544,62858.16006469727,443478.1902894974,376058.510846138,67419.66665649414,0,0,0,0,0,0,0,0,0,73946.46747362614,17883.52435839176,56062.94311523438,73948.43888628483,18064.39542925358,55884.04345703125,142458.8002312183,82013.25018239021,60445.55004882813,0,0,0,0,0,0,301019.4207589626,294045.2918527126,6974.1162109375,.84304816,.81497127,.99964476,,,.15158051,.99960375
2005,704,1222.330955109,641.5153846740723,.52482951,373117.482665956,306132.7849120498,66984.68496704102,373185.2692340612,306170.5897907019,67014.66665649414,443478.1902894974,376058.510846138,67419.66665649414,0,0,0,0,0,0,0,0,0,72098.08782023191,12087.51946085691,60010.568359375,72165.8660646677,12125.31601583958,60040.55004882813,142458.8002312183,82013.25018239021,60445.55004882813,0,0,0,0,0,0,301019.4207589626,294045.2918527126,6974.1162109375,.9991473,.99899441,1,,,.99538916,1
2006,704,1222.330955109,641.5153846740723,.52482951,371674.5562676787,305726.2791680694,65948.26431274414,372446.1151289344,305564.3585371375,66881.74380493164,443478.1902894974,376058.510846138,67419.66665649414,0,0,0,0,0,0,0,0,0,70655.15945357084,11681.01174849272,58974.14770507813,71426.71530884504,11519.08811157942,59907.62719726563,142458.8002312183,82013.25018239021,60445.55004882813,0,0,0,0,0,0,301019.4207589626,294045.2918527126,6974.1162109375,1,1,1,,,1,1
2007,704,1222.330955109,641.5153846740723,.52482951,345545.7750097513,298924.5793310404,46621.1828918457,344620.6811736226,298901.9802458882,45718.68814086914,443478.1902894974,376058.510846138,67419.66665649414,0,0,0,0,0,0,0,0,0,44526.36629052833,4879.30000634864,39647.06628417969,43601.25992637873,4856.688393175602,38744.57153320313,142458.8002312183,82013.25018239021,60445.55004882813,0,0,0,0,0,0,301019.4207589626,294045.2918527126,6974.1162109375,.77717841,.79335827,.68691564,,,.052477662,.65079242
2008,704,1222.330955109,641.5153846740723,.52482951,366216.1169530153,299547.1313573122,66668.97280883789,366704.8055890203,299486.1261456609,67218.66665649414,443478.1902894974,376058.510846138,67419.66665649414,0,0,0,0,0,0,0,0,0,65196.69481694698,5501.838615775108,59694.85620117188,65685.38345295191,5440.833404123783,60244.55004882813,142458.8002312183,82013.25018239021,60445.55004882813,0,0,0,0,0,0,301019.4207589626,294045.2918527126,6974.1162109375,.89510673,.87661844,.99822384,,,.43425372,.99801886
2009,704,1222.330955109,641.5153846740723,.52482951,334795.6918674707,321153.2420688868,13642.43701171875,334959.6058621407,321153.2471585274,13806.34591674805,443478.1902894974,376058.510846138,67419.66665649414,0,0,0,0,0,0,0,0,0,33776.27841746807,27107.95801341534,6668.320404052734,33940.19241213799,27107.96310305595,6832.229309082031,142458.8002312183,82013.25018239021,60445.55004882813,0,0,0,0,0,0,301019.4207589626,294045.2918527126,6974.1162109375,.82259953,.82797861,.79258418,,,.21122371,.76865286
2010,704,1222.330955109,641.5153846740723,.52482951,335159.9760696888,307382.2909500599,27777.67233276367,334659.9366685152,307521.8950425386,27138.02883911133,443478.1902894974,376058.510846138,67419.66665649414,0,0,0,0,0,0,0,0,0,34140.57136678696,13337.0156416893,20803.55572509766,33640.51933896542,13476.6071075201,20163.91223144531,142458.8002312183,82013.25018239021,60445.55004882813,0,0,0,0,0,0,301019.4207589626,294045.2918527126,6974.1162109375,.85321909,.82722056,.99822384,,,.20774779,.99801886
2011,704,1222.330955109,641.5153846740723,.52482951,368315.6384727955,301451.8728477955,66863.75283813477,368453.4325112104,301435.7530678511,67017.66665649414,443478.1902894974,376058.510846138,67419.66665649414,0,0,0,0,0,0,0,0,0,67296.23135519028,7406.595124721527,59889.63623046875,67434.02197945118,7390.471930623055,60043.55004882813,142458.8002312183,82013.25018239021,60445.55004882813,0,0,0,0,0,0,301019.4207589626,294045.2918527126,6974.1162109375,.86391306,.83951342,1,,,.26411498,1
2012,704,1222.330955109,641.5153846740723,.52482951,330357.1598733664,298622.6840432882,31734.46304321289,329862.9156731367,298506.2308586836,31356.67202758789,443478.1902894974,376058.510846138,67419.66665649414,0,0,0,0,0,0,0,0,0,29337.75358292274,4577.407147375867,24760.34643554688,28843.49442589283,4460.939005970955,24382.55541992188,142458.8002312183,82013.25018239021,60445.55004882813,0,0,0,0,0,0,301019.4207589626,294045.2918527126,6974.1162109375,.75474352,.7908203,.55349785,,,.040840339,.50198114
2013,704,1222.330955109,641.5153846740723,.52482951,313149.3772570491,298084.6529223323,15064.71154785156,326160.8888106346,298147.3870406151,28013.4889831543,443478.1902894974,376058.510846138,67419.66665649414,0,0,0,0,0,0,0,0,0,12129.9560098052,4039.361069619656,8090.594940185547,25141.46756339073,4102.095187902451,21039.37237548828,142458.8002312183,82013.25018239021,60445.55004882813,0,0,0,0,0,0,301019.4207589626,294045.2918527126,6974.1162109375,.77104574,.7909736,.65987688,,,.041543297,.62063396
2014,704,1222.330955109,641.5153846740723,.52482951,315468.1959643438,295449.2881884649,20018.89498901367,302465.6835562512,295394.55416172,7071.116607666016,443478.1902894974,376058.510846138,67419.66665649414,0,0,0,0,0,0,0,0,0,14448.78370178491,1404.005320437253,13044.77838134766,1446.271293692291,1349.271293692291,97,142458.8002312183,82013.25018239021,60445.55004882813,0,0,0,0,0,0,301019.4207589626,294045.2918527126,6974.1162109375,.67931145,.78191358,.10699573,,,0,.0039622439
2015,704,1222.330955109,641.5153846740723,.52482951,302638.2005119771,295581.0711174458,7057.116607666016,302751.2005119771,295676.0711174458,7075.116607666016,443478.1902894974,376058.510846138,67419.66665649414,0,0,0,0,0,0,0,0,0,1618.8039650172,1535.8039650172,83,1731.8039650172,1630.8039650172,101,142458.8002312183,82013.25018239021,60445.55004882813,0,0,0,0,0,0,301019.4207589626,294045.2918527126,6974.1162109375,.67904145,.78191358,.10521954,,,0,.001981122
2016,704,1222.330955109,641.5153846740723,.52482951,358876.5834759474,304128.0341595411,54748.53652954102,362263.6624554396,304105.0252484083,58158.62442016602,443478.1902894974,376058.510846138,67419.66665649414,0,0,0,0,0,0,0,0,0,57857.16761124134,10082.74768936634,47774.419921875,61244.24515259266,10059.73734009266,51184.5078125,142458.8002312183,82013.25018239021,60445.55004882813,0,0,0,0,0,0,301019.4207589626,294045.2918527126,6974.1162109375,.81124943,.81784642,.77443987,,,.16476418,.74841511
2017,704,1222.330955109,641.5153846740723,.52482951,367643.2955531478,297700.2435511947,69943.03921508789,380610.9318697453,310216.8190767765,70394.10000610352,443478.1902894974,376058.510846138,67419.66665649414,0,0,0,0,0,0,0,0,0,66623.87431544065,3654.95170801878,62968.92260742188,79591.52889299393,16171.54549455643,63419.9833984375,142458.8002312183,82013.25018239021,60445.55004882813,0,0,0,0,0,0,301019.4207589626,294045.2918527126,6974.1162109375,1,1,1,,,1,1
2018,704,1222.330955109,641.5153846740723,.52482951,392496.1065778732,322560.434214592,69935.65957641602,387725.0652319789,313317.841843307,74407.21060180664,443478.1902894974,376058.510846138,67419.66665649414,0,0,0,0,0,0,0,0,0,91476.7069504261,28515.1639816761,62961.54296875,86705.67183083296,19272.57783669233,67433.09399414063,142458.8002312183,82013.25018239021,60445.55004882813,0,0,0,0,0,0,301019.4207589626,294045.2918527126,6974.1162109375,.82635438,.81467474,.89148957,,,.15022075,.87896979
2019,704,1222.330955109,641.5153846740723,.52482951,394136.6596874595,319364.9553417563,74771.69155883789,395537.382954061,325475.7061962485,70061.66397094727,443478.1902894974,376058.510846138,67419.66665649414,0,0,0,0,0,0,0,0,0,93117.258936584,25319.68398541212,67797.57495117188,94517.98704403639,31430.43968075514,63087.54736328125,142458.8002312183,82013.25018239021,60445.55004882813,0,0,0,0,0,0,301019.4207589626,294045.2918527126,6974.1162109375,.99857885,.99832404,1,,,.99231529,1
2020,704,1222.330955109,641.5153846740723,.52482951,374045.4082429409,327618.0748689175,46427.3205871582,362438.3976228237,318499.3407380581,43939.04409790039,443478.1902894974,376058.510846138,67419.66665649414,0,0,0,0,0,0,0,0,0,73026.01622390747,33572.81224441528,39453.20397949219,61418.97639846802,24454.04890823364,36964.92749023438,142458.8002312183,82013.25018239021,60445.55004882813,0,0,0,0,0,0,301019.4207589626,294045.2918527126,6974.1162109375,.77541906,.79134715,.68656039,,,.043255981,.65039623
2021,704,1222.330955109,641.5153846740723,.52482951,321609.0121009052,295987.2003333271,25621.79898071289,330454.5395035744,296579.3394303322,33875.18728637695,443478.1902894974,376058.510846138,67419.66665649414,0,0,0,0,0,0,0,0,0,20589.61963769794,1941.93726465106,18647.68237304688,29435.13126015663,2534.060581445694,26901.07067871094,142458.8002312183,82013.25018239021,60445.55004882813,0,0,0,0,0,0,301019.4207589626,294045.2918527126,6974.1162109375,.73735201,.78689378,.46100029,,,.022835813,.39881134
2022,704,1222.330955109,641.5153846740723,.52482951,336593.4681011438,300641.4246441126,35952.03067016602,338201.9800661504,304743.5712526739,33458.39602661133,443478.1902894974,376058.510846138,67419.66665649414,0,0,0,0,0,0,0,0,0,35574.06686389446,6596.152801394463,28977.9140625,37182.55885323882,10698.27943429351,26484.27941894531,142458.8002312183,82013.25018239021,60445.55004882813,0,0,0,0,0,0,301019.4207589626,294045.2918527126,6974.1162109375,.72286075,.7856487,.3726235,,,.01712686,.30023775
2023,704,1222.330955109,641.5153846740723,.52482951,409174.7940413356,336223.493015945,72951.28823852539,416794.4364973903,343166.2472884059,73628.17642211914,443478.1902894974,376058.510846138,67419.66665649414,0,0,0,0,0,0,0,0,0,108155.3785848022,42178.20695394278,65977.17163085938,115775.0270070434,49120.96719259024,66654.05981445313,142458.8002312183,82013.25018239021,60445.55004882813,0,0,0,0,0,0,301019.4207589626,294045.2918527126,6974.1162109375,.94939375,.94032037,1,,,.72634852,1
2024,704,1222.330955109,641.5153846740723,.52482951,413038.1665971279,342010.7181107998,71027.43569946289,399373.3186967373,332271.7115190029,67101.59439086914,443478.1902894974,376058.510846138,67419.66665649414,0,0,0,0,0,0,0,0,0,112018.766834259,47965.44774246216,64053.31909179688,98353.90135574341,38226.42357254028,60127.47778320313,142458.8002312183,82013.25018239021,60445.55004882813,0,0,0,0,0,0,301019.4207589626,294045.2918527126,6974.1162109375,.81362253,.79647088,.90927863,,,.066750042,.89881134
1993,705,1471.9386203642,1170.460920333862,.79518324,536349.5614287257,535442.1085671186,907.4528596997261,536470.0336034894,535446.5807198286,1023.452881753445,540882.0530427694,539470.6001232862,1411.452917575836,0,0,0,0,0,0,0,0,0,40726.54478389025,39830.54480314255,895.9999807476997,40847.01692813635,39835.01692533493,1012.000002801418,45259.03639030457,43859.03635168076,1400.00003862381,0,0,0,0,0,0,495623.0166448355,495611.5637639761,11.45287895202637,.9966175,.99660867,1,,,.95828652,1
1994,705,1471.9386203642,1170.460920333862,.79518324,528088.1645175815,526927.7116857767,1160.452829897404,528040.2379036248,526936.7850805521,1103.452821165323,540882.0530427694,539470.6001232862,1411.452917575836,0,0,0,0,0,0,0,0,0,32465.14785414934,31316.14790320396,1148.999950945377,32417.22123590112,31325.22129368782,1091.999942213297,45259.03639030457,43859.03635168076,1400.00003862381,0,0,0,0,0,0,495623.0166448355,495611.5637639761,11.45287895202637,.97998029,.98044717,.80162281,,,.7594983,.80000001
1995,705,1471.9386203642,1170.460920333862,.79518324,533679.024009347,532536.5710967779,1142.452910661697,533883.8574968278,532666.404656291,1217.452838629484,540882.0530427694,539470.6001232862,1411.452917575836,0,0,0,0,0,0,0,0,0,38056.00734162331,36925.00730991364,1131.000031709671,38260.84084245563,37054.84088277817,1205.999959677458,45259.03639030457,43859.03635168076,1400.00003862381,0,0,0,0,0,0,495623.0166448355,495611.5637639761,11.45287895202637,1,1,1,,,1,1
1996,705,1471.9386203642,1170.460920333862,.79518324,535113.7984163165,533676.3455592394,1437.452855169773,534900.1224987507,533527.6696687937,1372.45282804966,540882.0530427694,539470.6001232862,1411.452917575836,0,0,0,0,0,0,0,0,0,39490.78177148104,38064.78179526329,1425.999976217747,39277.10584151745,37916.10589241982,1360.999949097633,45259.03639030457,43859.03635168076,1400.00003862381,0,0,0,0,0,0,495623.0166448355,495611.5637639761,11.45287895202637,.9995231,.99952191,1,,,.99411964,1
1997,705,1471.9386203642,1170.460920333862,.79518324,536185.2481222749,534791.7952440977,1393.452876269817,536194.5759968162,534800.123116374,1394.452878534794,540882.0530427694,539470.6001232862,1411.452917575836,0,0,0,0,0,0,0,0,0,40562.23144882917,39180.23145151138,1381.999997317791,40571.55932337046,39188.55932378769,1382.999999582767,45259.03639030457,43859.03635168076,1400.00003862381,0,0,0,0,0,0,495623.0166448355,495611.5637639761,11.45287895202637,.99919498,.99919295,1,,,.99007332,1
1998,705,1471.9386203642,1170.460920333862,.79518324,521037.070391655,520202.6175144315,834.452875316143,521169.4746999741,520329.0218089819,840.452889084816,540882.0530427694,539470.6001232862,1411.452917575836,0,0,0,0,0,0,0,0,0,25414.05372911692,24591.0537327528,822.9999963641167,25546.45804560184,24717.45803546906,829.0000101327896,45259.03639030457,43859.03635168076,1400.00003862381,0,0,0,0,0,0,495623.0166448355,495611.5637639761,11.45287895202637,.9996956,.999695,1,,,.99624842,1
1999,705,1471.9386203642,1170.460920333862,.79518324,529153.547960639,527660.0950971842,1493.45286154747,528953.8147757053,527525.361939311,1428.452834486961,540882.0530427694,539470.6001232862,1411.452917575836,0,0,0,0,0,0,0,0,0,33530.53131580353,32048.53133320808,1481.999982595444,33330.79813849926,31913.79818296432,1416.999955534935,45259.03639030457,43859.03635168076,1400.00003862381,0,0,0,0,0,0,495623.0166448355,495611.5637639761,11.45287895202637,.99772024,.99771446,1,,,.97188729,1
2000,705,1471.9386203642,1170.460920333862,.79518324,527509.9472282529,526321.4943321943,1188.452894151211,527867.0876076221,526571.6347101927,1295.452895522118,540882.0530427694,539470.6001232862,1411.452917575836,0,0,0,0,0,0,0,0,0,31886.93055480719,30709.930539608,1177.000015199184,32244.07095324993,30960.07093667984,1284.000016570091,45259.03639030457,43859.03635168076,1400.00003862381,0,0,0,0,0,0,495623.0166448355,495611.5637639761,11.45287895202637,.99737519,.99736851,1,,,.96763259,1
2001,705,1471.9386203642,1170.460920333862,.79518324,531111.5014944673,529612.0486172438,1499.452875316143,531258.8682270646,529711.415361762,1547.452863395214,540882.0530427694,539470.6001232862,1411.452917575836,0,0,0,0,0,0,0,0,0,35488.48483663797,34000.48484027386,1487.999996364117,35635.85158032179,34099.8515958786,1535.999984443188,45259.03639030457,43859.03635168076,1400.00003862381,0,0,0,0,0,0,495623.0166448355,495611.5637639761,11.45287895202637,.99626303,.99625349,1,,,.95391744,1
2002,705,1471.9386203642,1170.460920333862,.79518324,532276.6705939174,530677.2177313566,1599.4528606534,531893.1634396315,530327.7105330229,1565.452904701233,540882.0530427694,539470.6001232862,1411.452917575836,0,0,0,0,0,0,0,0,0,36653.65393954515,35065.65395784378,1587.999981701374,36270.14677071571,34716.14674496651,1554.000025749207,45259.03639030457,43859.03635168076,1400.00003862381,0,0,0,0,0,0,495623.0166448355,495611.5637639761,11.45287895202637,.99767965,.99767375,1,,,.97138709,1
2003,705,1471.9386203642,1170.460920333862,.79518324,531904.078349188,530266.6255214959,1637.452825784683,531940.9674492031,530276.5145595819,1664.452887713909,540882.0530427694,539470.6001232862,1411.452917575836,0,0,0,0,0,0,0,0,0,36281.06169815362,34655.06175132096,1625.999946832657,36317.95079816878,34664.9507894069,1653.000008761883,45259.03639030457,43859.03635168076,1400.00003862381,0,0,0,0,0,0,495623.0166448355,495611.5637639761,11.45287895202637,.99800438,.99799937,1,,,.97539169,1
2004,705,1471.9386203642,1170.460920333862,.79518324,535773.9564208984,533733.5035229921,2040.452895998955,535823.2833691835,533746.8305107355,2076.45285654068,540882.0530427694,539470.6001232862,1411.452917575836,0,0,0,0,0,0,0,0,0,40150.93975508213,38121.9397380352,2029.000017046928,40200.26670241356,38135.26672482491,2064.999977588654,45259.03639030457,43859.03635168076,1400.00003862381,0,0,0,0,0,0,495623.0166448355,495611.5637639761,11.45287895202637,.99767965,.99767375,1,,,.97138709,1
2005,705,1471.9386203642,1170.460920333862,.79518324,530767.742865324,528866.2900422215,1901.452821195126,530924.9786302447,529014.5257864594,1910.452841877937,540882.0530427694,539470.6001232862,1411.452917575836,0,0,0,0,0,0,0,0,0,35144.72619950771,33254.72625726461,1889.999942243099,35301.96197444201,33402.96201151609,1898.999962925911,45259.03639030457,43859.03635168076,1400.00003862381,0,0,0,0,0,0,495623.0166448355,495611.5637639761,11.45287895202637,.99899542,.9989928,1,,,.987611,1
2006,705,1471.9386203642,1170.460920333862,.79518324,531969.2136507034,529868.7607371807,2100.452911615372,533928.7210902572,531870.2681510448,2058.452937304974,540882.0530427694,539470.6001232862,1411.452917575836,0,0,0,0,0,0,0,0,0,36346.19699060917,34257.19695794582,2089.000032663345,38305.70443636179,36258.70437800884,2047.000058352947,45259.03639030457,43859.03635168076,1400.00003862381,0,0,0,0,0,0,495623.0166448355,495611.5637639761,11.45287895202637,1,1,1,,,1,1
2007,705,1471.9386203642,1170.460920333862,.79518324,530759.8402727842,528398.3873707056,2361.45290017128,528653.8783848882,526225.4254511595,2428.452931821346,540882.0530427694,539470.6001232862,1411.452917575836,0,0,0,0,0,0,0,0,0,35136.8235978228,32786.82357660355,2350.000021219254,33030.8617400527,30613.86168718338,2417.00005286932,45259.03639030457,43859.03635168076,1400.00003862381,0,0,0,0,0,0,495623.0166448355,495611.5637639761,11.45287895202637,.96948874,.97031742,.65283996,,,.63490152,.64999998
2008,705,1471.9386203642,1170.460920333862,.79518324,529618.5590359569,527540.1061729193,2078.452861130238,529589.3989299536,527552.9460412264,2036.452886819839,540882.0530427694,539470.6001232862,1411.452917575836,0,0,0,0,0,0,0,0,0,33995.5423733294,31928.54239115119,2066.999982178211,33966.38226732612,31941.3822594583,2025.000007867813,45259.03639030457,43859.03635168076,1400.00003862381,0,0,0,0,0,0,495623.0166448355,495611.5637639761,11.45287895202637,.99577868,.99576777,1,,,.94794297,1
2009,705,1471.9386203642,1170.460920333862,.79518324,534416.2702960372,532334.8173040152,2081.452990114689,534419.0299639106,532353.577008605,2065.452953398228,540882.0530427694,539470.6001232862,1411.452917575836,0,0,0,0,0,0,0,0,0,38793.25363975763,36723.25352859497,2070.000111162663,38796.01330763102,36742.01323318481,2054.000074446201,45259.03639030457,43859.03635168076,1400.00003862381,0,0,0,0,0,0,495623.0166448355,495611.5637639761,11.45287895202637,.9760676,.97660208,.77186626,,,.71220315,.76999998
2010,705,1471.9386203642,1170.460920333862,.79518324,529750.5801858306,527818.1272915602,1932.452892363071,529735.9803045392,527839.5273708105,1896.452931821346,540882.0530427694,539470.6001232862,1411.452917575836,0,0,0,0,0,0,0,0,0,34127.56353956461,32206.56352615356,1921.000013411045,34112.96364206076,32227.96358919144,1885.00005286932,45259.03639030457,43859.03635168076,1400.00003862381,0,0,0,0,0,0,495623.0166448355,495611.5637639761,11.45287895202637,.99602896,.99601877,1,,,.95103055,1
2011,705,1471.9386203642,1170.460920333862,.79518324,529481.1049554944,527733.6521195173,1747.452834069729,530548.8790766597,528765.4261580706,1783.452916681767,540882.0530427694,539470.6001232862,1411.452917575836,0,0,0,0,0,0,0,0,0,33858.08827918768,32122.08832406998,1735.999955117702,34925.86242634058,33153.86238861084,1772.00003772974,45259.03639030457,43859.03635168076,1400.00003862381,0,0,0,0,0,0,495623.0166448355,495611.5637639761,11.45287895202637,.99838996,.99838591,1,,,.98014665,1
2012,705,1471.9386203642,1170.460920333862,.79518324,530374.3294815421,528412.8766428232,1961.452836811543,529138.4429699779,527336.9901322126,1801.452835857868,540882.0530427694,539470.6001232862,1411.452917575836,0,0,0,0,0,0,0,0,0,34751.31283068168,32801.31287282216,1949.999957859516,33515.42632514238,31725.42636823654,1789.999956905842,45259.03639030457,43859.03635168076,1400.00003862381,0,0,0,0,0,0,495623.0166448355,495611.5637639761,11.45287895202637,.9573229,.95850903,.50405711,,,.48965648,.5
2013,705,1471.9386203642,1170.460920333862,.79518324,530813.0749452114,529043.6220587492,1769.452884554863,531625.0243473649,529691.5714508295,1933.452894628048,540882.0530427694,539470.6001232862,1411.452917575836,0,0,0,0,0,0,0,0,0,35190.05830037594,33432.0582947731,1758.000005602837,36002.00770252943,34080.00768685341,1922.000015676022,45259.03639030457,43859.03635168076,1400.00003862381,0,0,0,0,0,0,495623.0166448355,495611.5637639761,11.45287895202637,.96518034,.9660756,.62308341,,,.58272642,.62
2014,705,1471.9386203642,1170.460920333862,.79518324,509919.4177382588,508303.9648389816,1615.452897369862,509567.0066105127,507956.5537226796,1610.45288592577,540882.0530427694,539470.6001232862,1411.452917575836,0,0,0,0,0,0,0,0,0,14296.40109293163,12692.40107451379,1604.000018417835,13943.98996518552,12344.98995821178,1599.000006973743,45259.03639030457,43859.03635168076,1400.00003862381,0,0,0,0,0,0,495623.0166448355,495611.5637639761,11.45287895202637,.91632342,.91869986,.0081142476,,,0,0
2015,705,1471.9386203642,1170.460920333862,.79518324,509911.4569529891,508578.0040904284,1333.4528606534,509714.9323907197,508406.4794634581,1308.452925354242,540882.0530427694,539470.6001232862,1411.452917575836,0,0,0,0,0,0,0,0,0,14288.44027812779,12966.44029642642,1321.999981701374,14091.91571585834,12794.91566945612,1297.000046402216,45259.03639030457,43859.03635168076,1400.00003862381,0,0,0,0,0,0,495623.0166448355,495611.5637639761,11.45287895202637,.91632342,.91869986,.0081142476,,,0,0
2016,705,1471.9386203642,1170.460920333862,.79518324,525324.3161557913,523904.8632179499,1419.452935934067,525261.9195778966,523823.4667185545,1438.45285743475,540882.0530427694,539470.6001232862,1411.452917575836,0,0,0,0,0,0,0,0,0,29701.29950332642,28293.29944634438,1408.00005698204,29638.90292876959,28211.90295028687,1426.999978482723,45259.03639030457,43859.03635168076,1400.00003862381,0,0,0,0,0,0,495623.0166448355,495611.5637639761,11.45287895202637,.97418368,.97476512,.75202852,,,.68960863,.74999994
2017,705,1471.9386203642,1170.460920333862,.79518324,539959.1974735856,538411.744608283,1547.452863395214,541187.8414822817,539662.3885453939,1525.452934980392,540882.0530427694,539470.6001232862,1411.452917575836,0,0,0,0,0,0,0,0,0,44336.1808218956,42800.18083745241,1535.999984443188,45564.82482513785,44050.82476910949,1514.000056028366,45259.03639030457,43859.03635168076,1400.00003862381,0,0,0,0,0,0,495623.0166448355,495611.5637639761,11.45287895202637,1,1,1,,,1,1
2018,705,1471.9386203642,1170.460920333862,.79518324,539303.0269555151,537982.5741227865,1320.452830821276,538334.605217427,537036.1523131132,1298.452902406454,540882.0530427694,539470.6001232862,1411.452917575836,0,0,0,0,0,0,0,0,0,43680.01031532884,42371.01036345959,1308.999951869249,42711.58856123686,41424.58853778243,1287.000023454428,45259.03639030457,43859.03635168076,1400.00003862381,0,0,0,0,0,0,495623.0166448355,495611.5637639761,11.45287895202637,.98714757,.98742557,.8809737,,,.84533304,.88
2019,705,1471.9386203642,1170.460920333862,.79518324,541243.2810191214,539954.8281377554,1288.452879458666,541941.4676277936,540657.0147556067,1284.452870279551,540882.0530427694,539470.6001232862,1411.452917575836,0,0,0,0,0,0,0,0,0,45620.26436951756,44343.26436901093,1277.000000506639,46318.45097723603,45045.45098590851,1272.999991327524,45259.03639030457,43859.03635168076,1400.00003862381,0,0,0,0,0,0,495623.0166448355,495611.5637639761,11.45287895202637,.99832565,.99832129,1,,,.9793517,1
2020,705,1471.9386203642,1170.460920333862,.79518324,534338.5493023768,532962.0964632407,1376.452837228775,533291.1871095672,532013.7342534438,1277.452854216099,540882.0530427694,539470.6001232862,1411.452917575836,0,0,0,0,0,0,0,0,0,38715.53263942152,37350.53268114477,1364.999958276749,37668.17046950012,36402.17049423605,1265.999975264072,45259.03639030457,43859.03635168076,1400.00003862381,0,0,0,0,0,0,495623.0166448355,495611.5637639761,11.45287895202637,.96747953,.96830297,.65283996,,,.61012352,.64999998
2021,705,1471.9386203642,1170.460920333862,.79518324,516976.7619044483,515859.3090492487,1117.452853292227,517859.6308830976,516634.1780242324,1225.452856957912,540882.0530427694,539470.6001232862,1411.452917575836,0,0,0,0,0,0,0,0,0,21353.74523831904,20247.74526397884,1105.9999743402,22236.61423766613,21022.61425966024,1213.999978005886,45259.03639030457,43859.03635168076,1400.00003862381,0,0,0,0,0,0,495623.0166448355,495611.5637639761,11.45287895202637,.94697982,.94839841,.40486854,,,.36529535,.40000001
2022,705,1471.9386203642,1170.460920333862,.79518324,528824.2618710995,527544.8090103865,1279.452858805656,528499.0127252936,527232.5598944128,1266.452828973532,540882.0530427694,539470.6001232862,1411.452917575836,0,0,0,0,0,0,0,0,0,33201.24521267414,31933.24523282051,1267.99997985363,32875.99606949091,31620.9961194694,1254.999950021505,45259.03639030457,43859.03635168076,1400.00003862381,0,0,0,0,0,0,495623.0166448355,495611.5637639761,11.45287895202637,.93931574,.94097376,.30567998,,,.2739715,.30000001
2023,705,1471.9386203642,1170.460920333862,.79518324,539399.7373382747,537992.2844279706,1407.452908396721,538823.9785116911,537476.5256170034,1347.452892780304,540882.0530427694,539470.6001232862,1411.452917575836,0,0,0,0,0,0,0,0,0,43776.72068199515,42380.72065255046,1396.000029444695,43200.96185922623,41864.96184539795,1336.000013828278,45259.03639030457,43859.03635168076,1400.00003862381,0,0,0,0,0,0,495623.0166448355,495611.5637639761,11.45287895202637,.99989855,.99989831,1,,,.99874949,1
2024,705,1471.9386203642,1170.460920333862,.79518324,538041.745362401,536835.2924250364,1206.45293545723,538517.3744604886,537232.9215883017,1284.452870279551,540882.0530427694,539470.6001232862,1411.452917575836,0,0,0,0,0,0,0,0,0,42418.72870707512,41223.72865056992,1195.000056505203,42894.35780611634,41621.35781478882,1272.999991327524,45259.03639030457,43859.03635168076,1400.00003862381,0,0,0,0,0,0,495623.0166448355,495611.5637639761,11.45287895202637,.98864901,.98887902,.90081137,,,.8632111,.89999998
1993,706,3521.608388527,2846.230621337891,.80821896,1654714.797185242,1650411.901466846,4302.895474255085,1622341.214101136,1617875.31838274,4465.895474255085,1653372.743266881,1648250.847548485,5121.895474255085,20.81845664978027,20.81845664978027,0,19.82025146484375,19.82025146484375,0,19.82025146484375,19.82025146484375,0,978659.9415380955,977246.9415380955,1413,946286.389703989,944710.389703989,1576,977318.8853232861,975086.8853232861,2232,0,0,0,0,0,0,676034.041351378,673144.1458771229,2889.895474255085,.94400156,.94389051,.97974384,1,,.90515459,.95351702
1994,706,3521.608388527,2846.230621337891,.80821896,992041.4520376325,987099.5563192368,4941.895474255085,1038151.899883091,1033363.004164696,4788.895474255085,1653372.743266881,1648250.847548485,5121.895474255085,10.43063735961914,10.43063735961914,0,19.82025146484375,19.82025146484375,0,19.82025146484375,19.82025146484375,0,315996.9798038006,313944.9798038006,2052,362107.4242293835,360208.4242293835,1899,977318.8853232861,975086.8853232861,2232,0,0,0,0,0,0,676034.041351378,673144.1458771229,2889.895474255085,.59344679,.59246659,.90879351,.5,,.31113073,.79070342
1995,706,3521.608388527,2846.230621337891,.80821896,1462414.476602137,1457754.580883741,4659.895474255085,1430852.70778805,1426105.812069654,4746.895474255085,1653372.743266881,1648250.847548485,5121.895474255085,17.03855895996094,17.03855895996094,0,19.82025146484375,19.82025146484375,0,19.82025146484375,19.82025146484375,0,786363.4008545876,784593.4008545876,1770,754801.6310639381,752944.6310639381,1857,977318.8853232861,975086.8853232861,2232,0,0,0,0,0,0,676034.041351378,673144.1458771229,2889.895474255085,1,1,1,1,,1,1
1996,706,3521.608388527,2846.230621337891,.80821896,1406841.412643731,1402187.516925335,4653.895474255085,1395940.669258416,1391408.77354002,4531.895474255085,1653372.743266881,1648250.847548485,5121.895474255085,39.61959838867188,39.61959838867188,0,19.82025146484375,19.82025146484375,0,19.82025146484375,19.82025146484375,0,730767.7392399311,729003.7392399311,1764,719866.996827364,718224.996827364,1642,977318.8853232861,975086.8853232861,2232,0,0,0,0,0,0,676034.041351378,673144.1458771229,2889.895474255085,.85698622,.85654181,1,1,,.75750357,1
1997,706,3521.608388527,2846.230621337891,.80821896,1364075.95648104,1359616.060762644,4459.895474255085,1358823.146603882,1354316.250885487,4506.895474255085,1653372.743266881,1648250.847548485,5121.895474255085,3.741427898406982,3.741427898406982,0,19.82025146484375,19.82025146484375,0,19.82025146484375,19.82025146484375,0,688038.1617393494,686468.1617393494,1570,682785.3674833775,681168.3674833775,1617,977318.8853232861,975086.8853232861,2232,0,0,0,0,0,0,676034.041351378,673144.1458771229,2889.895474255085,.86143523,.86101723,.99594879,1,,.76506865,.9907034
1998,706,3521.608388527,2846.230621337891,.80821896,1081448.36344099,1077345.467722595,4102.895474255085,1113286.605779231,1109116.710060835,4169.895474255085,1653372.743266881,1648250.847548485,5121.895474255085,3.458424806594849,3.458424806594849,0,19.82025146484375,19.82025146484375,0,19.82025146484375,19.82025146484375,0,405410.8595146537,404197.8595146537,1213,437249.1096634865,435969.1096634865,1280,977318.8853232861,975086.8853232861,2232,0,0,0,0,0,0,676034.041351378,673144.1458771229,2889.895474255085,.6983459,.6974085,1,1,,.48851049,1
1999,706,3521.608388527,2846.230621337891,.80821896,1287818.680808365,1282919.78508997,4898.895474255085,1254138.8880952,1249289.992376804,4848.895474255085,1653372.743266881,1648250.847548485,5121.895474255085,48.46093368530273,48.46093368530273,0,19.82025146484375,19.82025146484375,0,19.82025146484375,19.82025146484375,0,611736.1665537357,609727.1665537357,2009,578056.3738367558,576097.3738367558,1959,977318.8853232861,975086.8853232861,2232,0,0,0,0,0,0,676034.041351378,673144.1458771229,2889.895474255085,.71839935,.71753687,.99594879,1,,.52253473,.9907034
2000,706,3521.608388527,2846.230621337891,.80821896,1310263.077682793,1305626.181964397,4636.895474255085,1315516.100616753,1310935.204898357,4580.895474255085,1653372.743266881,1648250.847548485,5121.895474255085,33.6683349609375,33.6683349609375,0,19.82025146484375,19.82025146484375,0,19.82025146484375,19.82025146484375,0,634195.3716557026,632448.3716557026,1747,639448.3789646626,637757.3789646626,1691,977318.8853232861,975086.8853232861,2232,0,0,0,0,0,0,676034.041351378,673144.1458771229,2889.895474255085,.7060886,.70520043,.99189752,.89999998,,.50168371,.98140681
2001,706,3521.608388527,2846.230621337891,.80821896,1062413.345856965,1058300.450138569,4112.895474255085,1065692.468228638,1061407.572510242,4284.895474255085,1653372.743266881,1648250.847548485,5121.895474255085,14.17122936248779,14.17122936248779,0,19.82025146484375,19.82025146484375,0,19.82025146484375,19.82025146484375,0,386365.1291220188,385142.1291220188,1223,389644.2514955997,388249.2514955997,1395,977318.8853232861,975086.8853232861,2232,0,0,0,0,0,0,676034.041351378,673144.1458771229,2889.895474255085,.65865535,.65765256,.98136431,.38999999,,.42132089,.95723563
2002,706,3521.608388527,2846.230621337891,.80821896,1132710.038804829,1127661.143086433,5048.895474255085,1129037.802457631,1124154.906739235,4882.895474255085,1653372.743266881,1648250.847548485,5121.895474255085,16.14087677001953,16.14087677001953,0,18.65395164489746,18.65395164489746,0,19.82025146484375,19.82025146484375,0,456659.8524215221,454500.8524215221,2159,452987.6160724163,450994.6160724163,1993,977318.8853232861,975086.8853232861,2232,0,0,0,0,0,0,676034.041351378,673144.1458771229,2889.895474255085,.67817515,.67718768,.99594879,.69999999,,.45433611,.9907034
2003,706,3521.608388527,2846.230621337891,.80821896,1217078.581952274,1212170.686233878,4907.895474255085,1213490.701337039,1208352.805618644,5137.895474255085,1653372.743266881,1648250.847548485,5121.895474255085,17.70291328430176,17.70291328430176,0,18.5870475769043,18.5870475769043,0,19.82025146484375,19.82025146484375,0,541026.8257390261,539008.8257390261,2018,537438.9451237917,535190.9451237917,2248,977318.8853232861,975086.8853232861,2232,0,0,0,0,0,0,676034.041351378,673144.1458771229,2889.895474255085,.67037684,.66935253,1,.89999998,,.44108778,1
2004,706,3521.608388527,2846.230621337891,.80821896,1114346.794129908,1109199.898411512,5146.895474255085,1187140.760049403,1182257.864331007,4882.895474255085,1653372.743266881,1648250.847548485,5121.895474255085,15.05686855316162,15.05686855316162,0,16.09488105773926,16.09488105773926,0,19.82025146484375,19.82025146484375,0,438297.6917614937,436040.6917614937,2257,511091.6579232216,509098.6579232216,1993,977318.8853232861,975086.8853232861,2232,0,0,0,0,0,0,676034.041351378,673144.1458771229,2889.895474255085,.67817456,.67718709,.99594879,.64999998,,.45433611,.9907034
2005,706,3521.608388527,2846.230621337891,.80821896,1537384.164423764,1532709.268705368,4674.895474255085,1548103.78860122,1543404.892882824,4698.895474255085,1653372.743266881,1648250.847548485,5121.895474255085,23.46299743652344,23.46299743652344,0,16.09488105773926,16.09488105773926,0,19.82025146484375,19.82025146484375,0,861326.6788647771,859541.6788647771,1785,872046.3196514249,870237.3196514249,1809,977318.8853232861,975086.8853232861,2232,0,0,0,0,0,0,676034.041351378,673144.1458771229,2889.895474255085,.99327326,.99325234,1,.89999998,,.98859602,1
2006,706,3521.608388527,2846.230621337891,.80821896,1394339.378871977,1389751.483153582,4587.895474255085,1337648.486391604,1332940.590673208,4707.895474255085,1653372.743266881,1648250.847548485,5121.895474255085,18.0986499786377,18.0986499786377,0,16.04386711120605,16.04386711120605,0,19.82025146484375,19.82025146484375,0,718287.2273950577,716589.2273950577,1698,661596.3339343071,659778.3339343071,1818,977318.8853232861,975086.8853232861,2232,0,0,0,0,0,0,676034.041351378,673144.1458771229,2889.895474255085,1,1,1,1,,1,1
2007,706,3521.608388527,2846.230621337891,.80821896,959399.5575714707,954658.661853075,4740.895474255085,935826.240991652,931176.3452732563,4649.895474255085,1653372.743266881,1648250.847548485,5121.895474255085,14.56546020507813,14.56546020507813,0,16.04386711120605,16.04386711120605,0,19.82025146484375,19.82025146484375,0,283350.9505186081,281499.9505186081,1851,259777.6300315857,258017.6300315857,1760,977318.8853232861,975086.8853232861,2232,0,0,0,0,0,0,676034.041351378,673144.1458771229,2889.895474255085,.56854671,.56765431,.85558081,.60000002,,.26918694,.66859323
2008,706,3521.608388527,2846.230621337891,.80821896,1059120.479948103,1054232.584229708,4887.895474255085,1059011.131261885,1053988.235543489,5022.895474255085,1653372.743266881,1648250.847548485,5121.895474255085,5.670766353607178,5.670766353607178,0,16.04386711120605,16.04386711120605,0,19.82025146484375,19.82025146484375,0,383080.7636804581,381082.7636804581,1998,382971.4149923325,380838.4149923325,2133,977318.8853232861,975086.8853232861,2232,0,0,0,0,0,0,676034.041351378,673144.1458771229,2889.895474255085,.77192444,.77127868,.97974384,.34999999,,.6133911,.95351702
2009,706,3521.608388527,2846.230621337891,.80821896,1198695.968283474,1193695.072565079,5000.895474255085,1204052.112452328,1199030.216733932,5021.895474255085,1653372.743266881,1648250.847548485,5121.895474255085,6.161171436309814,6.161171436309814,0,16.04386711120605,16.04386711120605,0,19.82025146484375,19.82025146484375,0,522655.7537953854,520544.7537953854,2111,528011.9135854244,525879.9135854244,2132,977318.8853232861,975086.8853232861,2232,0,0,0,0,0,0,676034.041351378,673144.1458771229,2889.895474255085,.63620412,.63542759,.8859973,.40000001,,.38375247,.73839158
2010,706,3521.608388527,2846.230621337891,.80821896,1391058.69972688,1386158.804008484,4899.895474255085,1437046.818203747,1432361.922485352,4684.895474255085,1653372.743266881,1648250.847548485,5121.895474255085,11.74797344207764,11.74797344207764,0,14.87305068969727,14.87305068969727,0,19.82025146484375,19.82025146484375,0,715012.8984353542,713002.8984353542,2010,761001.0169084072,759206.0169084072,1795,977318.8853232861,975086.8853232861,2232,0,0,0,0,0,0,676034.041351378,673144.1458771229,2889.895474255085,.69037527,.68947607,.97974384,.5,,.47511199,.95351702
2011,706,3521.608388527,2846.230621337891,.80821896,1484039.87607342,1479747.980355024,4291.895474255085,1443030.011991084,1438533.116272688,4496.895474255085,1653372.743266881,1648250.847548485,5121.895474255085,10.56093311309814,10.56093311309814,0,14.87305068969727,14.87305068969727,0,19.82025146484375,19.82025146484375,0,807995.277941227,806593.277941227,1402,766985.4294915199,765378.4294915199,1607,977318.8853232861,975086.8853232861,2232,0,0,0,0,0,0,676034.041351378,673144.1458771229,2889.895474255085,.72289318,.72203213,1,.80000001,,.53013736,1
2012,706,3521.608388527,2846.230621337891,.80821896,970723.3229666352,966299.4272482395,4423.895474255085,956486.4347830415,952244.5390646458,4241.895474255085,1653372.743266881,1648250.847548485,5121.895474255085,16.00957870483398,16.00957870483398,0,14.87305068969727,14.87305068969727,0,19.82025146484375,19.82025146484375,0,294673.2639780045,293139.2639780045,1534,280436.3757944107,279084.3757944107,1352,977318.8853232861,975086.8853232861,2232,0,0,0,0,0,0,676034.041351378,673144.1458771229,2889.895474255085,.53243679,.53159732,.8023681,.64999998,,.20823652,.54648298
2013,706,3521.608388527,2846.230621337891,.80821896,963346.2882910371,958891.3925726414,4454.895474255085,976571.5465918183,972073.6508734226,4497.895474255085,1653372.743266881,1648250.847548485,5121.895474255085,8.088837623596191,8.088837623596191,0,14.87305068969727,14.87305068969727,0,19.82025146484375,19.82025146484375,0,287304.1500406265,285739.1500406265,1565,300529.4083414078,298921.4083414078,1608,977318.8853232861,975086.8853232861,2232,0,0,0,0,0,0,676034.041351378,673144.1458771229,2889.895474255085,.54875469,.54784638,.84088701,.34999999,,.23570943,.63487458
2014,706,3521.608388527,2846.230621337891,.80821896,767093.2603408843,763339.3646224886,3753.895474255085,754493.1221572906,750775.2264388949,3717.895474255085,1653372.743266881,1648250.847548485,5121.895474255085,1.494296431541443,1.494296431541443,0,14.63035678863525,14.63035678863525,0,19.82025146484375,19.82025146484375,0,91057.72444833815,90193.72444833815,864,78457.5862647444,77629.5862647444,828,977318.8853232861,975086.8853232861,2232,0,0,0,0,0,0,676034.041351378,673144.1458771229,2889.895474255085,.40900925,.4083997,.60473615,.050000001,,0,.092965953
2015,706,3521.608388527,2846.230621337891,.80821896,748963.9958938509,745182.1001754552,3781.895474255085,747626.3036331087,743852.407914713,3773.895474255085,1653372.743266881,1648250.847548485,5121.895474255085,2.899610996246338,2.899610996246338,0,14.63035678863525,14.63035678863525,0,19.82025146484375,19.82025146484375,0,72927.05468972027,72035.05468972027,892,71589.36242897809,70705.36242897809,884,977318.8853232861,975086.8853232861,2232,0,0,0,0,0,0,676034.041351378,673144.1458771229,2889.895474255085,.40894827,.40840149,.58447999,.2,,0,.046482977
2016,706,3521.608388527,2846.230621337891,.80821896,1032385.385321677,1028258.489603281,4126.895474255085,1056428.260630667,1052281.364912272,4146.895474255085,1653372.743266881,1648250.847548485,5121.895474255085,7.08962869644165,7.08962869644165,0,14.63035678863525,14.63035678863525,0,19.82025146484375,19.82025146484375,0,356344.2501907349,355107.2501907349,1237,380387.1255016327,379130.1255016327,1257,977318.8853232861,975086.8853232861,2232,0,0,0,0,0,0,676034.041351378,673144.1458771229,2889.895474255085,.61364824,.61283624,.87485105,.60000002,,.34556079,.71281362
2017,706,3521.608388527,2846.230621337891,.80821896,1562176.642346442,1557839.746628046,4336.895474255085,1593833.95764643,1589312.061928034,4521.895474255085,1653372.743266881,1648250.847548485,5121.895474255085,10.35670852661133,10.35670852661133,0,14.63035678863525,14.63035678863525,0,19.82025146484375,19.82025146484375,0,886132.2789554596,884685.2789554596,1447,917789.5630130768,916157.5630130768,1632,977318.8853232861,975086.8853232861,2232,0,0,0,0,0,0,676034.041351378,673144.1458771229,2889.895474255085,.99999821,.99999821,1,.85000002,,1,1
2018,706,3521.608388527,2846.230621337891,.80821896,1219493.597347558,1214685.701629162,4807.895474255085,1223784.182746232,1218983.287027836,4800.895474255085,1653372.743266881,1648250.847548485,5121.895474255085,8.605669021606445,8.605669021606445,0,14.63035678863525,14.63035678863525,0,19.82025146484375,19.82025146484375,0,543450.953984499,541532.953984499,1918,547741.5391428471,545830.5391428471,1911,977318.8853232861,975086.8853232861,2232,0,0,0,0,0,0,676034.041351378,673144.1458771229,2889.895474255085,.64812851,.64723015,.93717366,.34999999,,.40370405,.85582882
2019,706,3521.608388527,2846.230621337891,.80821896,1624435.441571295,1619753.5458529,4681.895474255085,1583489.209104598,1578828.313386202,4660.895474255085,1653372.743266881,1648250.847548485,5121.895474255085,15.60079669952393,15.60079669952393,0,14.63035678863525,14.63035678863525,0,19.82025146484375,19.82025146484375,0,948385.8025989532,946593.8025989532,1792,907439.5862455368,905668.5862455368,1771,977318.8853232861,975086.8853232861,2232,0,0,0,0,0,0,676034.041351378,673144.1458771229,2889.895474255085,.98878771,.9887529,1,.75,,.98099339,1
2020,706,3521.608388527,2846.230621337891,.80821896,989441.0762306824,985025.1805122867,4415.895474255085,972094.9692055359,967842.0734871402,4252.895474255085,1653372.743266881,1648250.847548485,5121.895474255085,4.357110500335693,4.357110500335693,0,14.63035678863525,14.63035678863525,0,19.82025146484375,19.82025146484375,0,313402.6736179367,311876.6736179367,1526,296056.5704999939,294693.5704999939,1363,977318.8853232861,975086.8853232861,2232,0,0,0,0,0,0,676034.041351378,673144.1458771229,2889.895474255085,.55507827,.55415654,.8515296,.2,,.24637897,.65929663
2021,706,3521.608388527,2846.230621337891,.80821896,820198.740732491,816151.8450140953,4046.895474255085,886832.2320460081,882689.3363276124,4142.895474255085,1653372.743266881,1648250.847548485,5121.895474255085,2.059633731842041,2.059633731842041,0,14.63035678863525,14.63035678863525,0,19.82025146484375,19.82025146484375,0,144162.6390169859,143005.6390169859,1157,210796.1249588132,209543.1249588132,1253,977318.8853232861,975086.8853232861,2232,0,0,0,0,0,0,676034.041351378,673144.1458771229,2889.895474255085,.4932847,.49255955,.72638059,.050000001,,.14226073,.37211022
2022,706,3521.608388527,2846.230621337891,.80821896,932064.4601176977,927907.564399302,4156.895474255085,1016491.727266252,1012436.831547856,4054.895474255085,1653372.743266881,1648250.847548485,5121.895474255085,1.247086882591248,1.247086882591248,0,14.63035678863525,14.63035678863525,0,19.82025146484375,19.82025146484375,0,256029.1714347005,254762.1714347005,1267,340456.4346779585,339291.4346779585,1165,977318.8853232861,975086.8853232861,2232,0,0,0,0,0,0,676034.041351378,673144.1458771229,2889.895474255085,.47222021,.47151959,.6973874,.050000001,,.10669555,.30557793
2023,706,3521.608388527,2846.230621337891,.80821896,1716728.716169417,1712730.820451021,3997.895474255085,1578157.925943911,1574161.030225515,3996.895474255085,1653372.743266881,1648250.847548485,5121.895474255085,2.704084634780884,2.704084634780884,0,14.63035678863525,14.63035678863525,0,19.82025146484375,19.82025146484375,0,1040691.974162102,1039583.974162102,1108,902121.2151789665,901014.2151789665,1107,977318.8853232861,975086.8853232861,2232,0,0,0,0,0,0,676034.041351378,673144.1458771229,2889.895474255085,.89944863,.89913619,1,1,,.82950348,1
2024,706,3521.608388527,2846.230621337891,.80821896,1287406.636651814,1282956.740933418,4449.895474255085,1285250.375686705,1280645.479968309,4604.895474255085,1653372.743266881,1648250.847548485,5121.895474255085,9.547507286071777,9.547507286071777,0,14.63035678863525,14.63035678863525,0,19.82025146484375,19.82025146484375,0,611363.0513637066,609803.0513637066,1560,609206.7903985977,607491.7903985977,1715,977318.8853232861,975086.8853232861,2232,0,0,0,0,0,0,676034.041351378,673144.1458771229,2889.895474255085,.6212557,.62025183,.9442687,.40000001,,.35809988,.87211025
1993,707,17939.5300963086,30.26834738370962,.001687243,157805.6900393218,145525.3887518421,12280.30194702744,157821.7578112334,145541.4565237537,12280.30194702744,157942.5472246855,145084.0564878955,12858.4904846251,16697.04418945313,4890.647857666016,11806.39691162109,17177.32153320313,4792.732725143433,12384.58905029297,17177.32153320313,4792.732725143433,12384.58905029297,3293.771656036377,3293.771656036377,0,3309.839427947998,3309.839427947998,0,2950.335140228271,2950.335140228271,0,0,0,0,0,0,0,137814.8778444976,137340.9901436344,473.887702010572,.99717385,.99692398,1,1,1,.84873444,
1994,707,17939.5300963086,30.26834738370962,.001687243,150779.631374523,142288.0679963604,8491.56357422471,150772.4963680953,142280.9329746738,8491.56357422471,157942.5472246855,145084.0564878955,12858.4904846251,10699.22827148438,2681.540685176849,8017.687347412109,17177.32153320313,4792.732725143433,12384.58905029297,17177.32153320313,4792.732725143433,12384.58905029297,2265.529738903046,2265.529738903046,0,2258.394713401794,2258.394713401794,0,2950.335140228271,2950.335140228271,0,0,0,0,0,0,0,137814.8778444976,137340.9901436344,473.887702010572,.93941724,.97598606,.51842701,.5,.5,.63133764,
1995,707,17939.5300963086,30.26834738370962,.001687243,157275.5429732054,144342.0853994861,12933.45770874619,157290.1527296752,144356.6951559559,12933.45770874619,157942.5472246855,145084.0564878955,12858.4904846251,17239.67541503906,4780.097270011902,12459.57800292969,17177.32153320313,4792.732725143433,12384.58905029297,17177.32153320313,4792.732725143433,12384.58905029297,2221.02614402771,2221.02614402771,0,2235.635902404785,2235.635902404785,0,2950.335140228271,2950.335140228271,0,0,0,0,0,0,0,137814.8778444976,137340.9901436344,473.887702010572,1,1,1,1,1,1,
1996,707,17939.5300963086,30.26834738370962,.001687243,157580.4294630736,144625.0043924823,12955.42493286729,157555.6437327117,144600.2186621204,12955.42493286729,157942.5472246855,145084.0564878955,12858.4904846251,17418.29400634766,4936.726376533508,12481.56774902344,17006.36791992188,4621.779042243958,12384.58905029297,17177.32153320313,4792.732725143433,12384.58905029297,2347.274387359619,2347.274387359619,0,2322.488654136658,2322.488654136658,0,2950.335140228271,2950.335140228271,0,0,0,0,0,0,0,137814.8778444976,137340.9901436344,473.887702010572,.99936438,.99931049,1,1,1,.96609241,
1997,707,17939.5300963086,30.26834738370962,.001687243,156105.9788662642,144525.707726337,11580.27112427354,156109.7722231597,144529.5010832325,11580.27112427354,157942.5472246855,145084.0564878955,12858.4904846251,15751.64025878906,4645.257949829102,11106.38226318359,16985.99835205078,4601.409213066101,12384.58905029297,17177.32153320313,4792.732725143433,12384.58905029297,2539.491457939148,2539.491457939148,0,2543.284814834595,2543.284814834595,0,2950.335140228271,2950.335140228271,0,0,0,0,0,0,0,137814.8778444976,137340.9901436344,473.887702010572,.99910754,.99903083,1,1,1,.95234001,
1998,707,17939.5300963086,30.26834738370962,.001687243,151264.526746437,142531.3307484165,8733.19623413682,151279.6123825759,142546.4163845554,8733.19623413682,157942.5472246855,145084.0564878955,12858.4904846251,11876.0837097168,3616.777292251587,8259.306671142578,16868.39105224609,4483.802125930786,12384.58905029297,17177.32153320313,4792.732725143433,12384.58905029297,1573.586093068123,1573.586093068123,0,1588.671721935272,1588.671721935272,0,2950.335140228271,2950.335140228271,0,0,0,0,0,0,0,137814.8778444976,137340.9901436344,473.887702010572,.99922502,.99916166,1,1,1,.9587732,
1999,707,17939.5300963086,30.26834738370962,.001687243,157597.6526772231,144412.2939938083,13185.35877075791,157578.7469345778,144393.3882511631,13185.35877075791,157942.5472246855,145084.0564878955,12858.4904846251,17603.89440917969,4892.393162727356,12711.50158691406,16868.39105224609,4483.802125930786,12384.58905029297,17177.32153320313,4792.732725143433,12384.58905029297,2178.881752967834,2178.881752967834,0,2159.976017951965,2159.976017951965,0,2950.335140228271,2950.335140228271,0,0,0,0,0,0,0,137814.8778444976,137340.9901436344,473.887702010572,.99766713,.99746507,1,1,1,.87534308,
2000,707,17939.5300963086,30.26834738370962,.001687243,149263.9843889922,145045.529950954,4218.454565435648,149282.6132046431,145064.158766605,4218.454565435648,157942.5472246855,145084.0564878955,12858.4904846251,9311.791412353516,5567.247812271118,3744.543899536133,16553.20422363281,4168.61469745636,12384.58905029297,17177.32153320313,4792.732725143433,12384.58905029297,2137.336086273193,2137.336086273193,0,2155.964913368225,2155.964913368225,0,2950.335140228271,2950.335140228271,0,0,0,0,0,0,0,137814.8778444976,137340.9901436344,473.887702010572,.98662966,.99383539,.90368539,.89999998,.89999998,.85930037,
2001,707,17939.5300963086,30.26834738370962,.001687243,143540.8473309726,142780.2277527824,760.6194738447666,143532.5819493979,142771.9623712078,760.6194738447666,157942.5472246855,145084.0564878955,12858.4904846251,3350.021669387817,3063.317596435547,286.7041721343994,16460.14837646484,4075.558964729309,12384.58905029297,17177.32153320313,4792.732725143433,12384.58905029297,2375.933876633644,2375.933876633644,0,2367.668492674828,2367.668492674828,0,2950.335140228271,2950.335140228271,0,0,0,0,0,0,0,137814.8778444976,137340.9901436344,473.887702010572,.93088758,.97592169,.41248098,.38999999,.38999999,.80686432,
2002,707,17939.5300963086,30.26834738370962,.001687243,145319.125301525,143686.9473508373,1632.178015142679,145310.5425950736,143678.3646443859,1632.178015142679,157942.5472246855,145084.0564878955,12858.4904846251,4982.29598236084,3823.978141784668,1158.317962646484,16460.14837646484,4075.558964729309,12384.58905029297,17177.32153320313,4792.732725143433,12384.58905029297,2521.977467536926,2521.977467536926,0,2513.39475440979,2513.39475440979,0,2950.335140228271,2950.335140228271,0,0,0,0,0,0,0,137814.8778444976,137340.9901436344,473.887702010572,.96535087,.98744303,.71105623,.69999999,.69999999,.86984617,
2003,707,17939.5300963086,30.26834738370962,.001687243,148925.1120354384,144120.2915905491,4804.820455938578,148931.2871729583,144126.4667280689,4804.820455938578,157942.5472246855,145084.0564878955,12858.4904846251,8645.514831542969,4314.588914871216,4330.92610168457,16460.14837646484,4075.558964729309,12384.58905029297,17177.32153320313,4792.732725143433,12384.58905029297,2464.709462165833,2464.709462165833,0,2470.884599685669,2470.884599685669,0,2950.335140228271,2950.335140228271,0,0,0,0,0,0,0,137814.8778444976,137340.9901436344,473.887702010572,.98707432,.99432021,.90368539,.89999998,.89999998,.88314039,
2004,707,17939.5300963086,30.26834738370962,.001687243,155782.3618172854,143629.3080788627,12153.0539611876,155776.9559723586,143623.9022339359,12153.0539611876,157942.5472246855,145084.0564878955,12858.4904846251,15029.51055908203,3350.363974571228,11679.14678955078,16449.70874023438,4065.119694709778,12384.58905029297,17177.32153320313,4792.732725143433,12384.58905029297,2937.941665887833,2937.941665887833,0,2932.535828590393,2932.535828590393,0,2950.335140228271,2950.335140228271,0,0,0,0,0,0,0,137814.8778444976,137340.9901436344,473.887702010572,.9599821,.98579133,.6628989,.64999998,.64999998,.86984617,
2005,707,17939.5300963086,30.26834738370962,.001687243,152769.4461447448,145892.1743048206,6877.272192388773,152781.6088911742,145904.33705125,6877.272192388773,157942.5472246855,145084.0564878955,12858.4904846251,12652.48681640625,6249.12028503418,6403.366638183594,16449.70874023438,4065.119694709778,12384.58905029297,17177.32153320313,4792.732725143433,12384.58905029297,2302.018309116364,2302.018309116364,0,2314.181053161621,2314.181053161621,0,2950.335140228271,2950.335140228271,0,0,0,0,0,0,0,137814.8778444976,137340.9901436344,473.887702010572,.98844033,.99580169,.90368539,.89999998,.89999998,.95599455,
2006,707,17939.5300963086,30.26834738370962,.001687243,154754.0893618315,145244.8986013904,9509.190618902445,154906.2937657088,145397.1030052677,9509.190618902445,157942.5472246855,145084.0564878955,12858.4904846251,14514.27444458008,5478.952577590942,9035.321990966797,16449.70874023438,4065.119694709778,12384.58905029297,17177.32153320313,4792.732725143433,12384.58905029297,2424.962543964386,2424.962543964386,0,2577.166955471039,2577.166955471039,0,2950.335140228271,2950.335140228271,0,0,0,0,0,0,0,137814.8778444976,137340.9901436344,473.887702010572,1,1,1,1,1,1,
2007,707,17939.5300963086,30.26834738370962,.001687243,152439.0460911244,144683.1032707468,7755.94281616807,152270.5233769864,144514.5805566087,7755.94281616807,157942.5472246855,145084.0564878955,12858.4904846251,11749.26574707031,4467.200703620911,7282.064971923828,16449.70874023438,4065.119694709778,12384.58905029297,17177.32153320313,4792.732725143433,12384.58905029297,2874.913319760934,2874.913319760934,0,2706.390607714653,2706.390607714653,0,2950.335140228271,2950.335140228271,0,0,0,0,0,0,0,137814.8778444976,137340.9901436344,473.887702010572,.94912326,.97816861,.61474168,.60000002,.60000002,.57621962,
2008,707,17939.5300963086,30.26834738370962,.001687243,146138.3855115622,143403.6201604381,2734.765348821878,146144.853252098,143410.0879009739,2734.765348821878,157942.5472246855,145084.0564878955,12858.4904846251,5595.369262695313,3334.491715431213,2260.877601623535,16449.70874023438,4065.119694709778,12384.58905029297,17177.32153320313,4792.732725143433,12384.58905029297,2728.12873339653,2728.12873339653,0,2734.596473932266,2734.596473932266,0,2950.335140228271,2950.335140228271,0,0,0,0,0,0,0,137814.8778444976,137340.9901436344,473.887702010572,.92640072,.97438943,.37395516,.34999999,.34999999,.79649371,
2009,707,17939.5300963086,30.26834738370962,.001687243,144575.0778710097,143833.2399910465,741.8378128111362,144577.0408188552,143835.2029388919,741.8378128111362,157942.5472246855,145084.0564878955,12858.4904846251,3936.463405609131,3668.529444694519,267.9340515136719,16449.70874023438,4065.119694709778,12384.58905029297,17177.32153320313,4792.732725143433,12384.58905029297,2823.712494850159,2823.712494850159,0,2825.675442695618,2825.675442695618,0,2950.335140228271,2950.335140228271,0,0,0,0,0,0,0,137814.8778444976,137340.9901436344,473.887702010572,.92709386,.97095573,.42211244,.40000001,.40000001,.54641593,
2010,707,17939.5300963086,30.26834738370962,.001687243,144558.2723147124,143331.4528406635,1226.819597631693,144663.7761351317,143436.9566610828,1226.819597631693,157942.5472246855,145084.0564878955,12858.4904846251,3998.491691589355,3245.571054458618,752.9205131530762,16374.44073486328,3989.851422309875,12384.58905029297,17177.32153320313,4792.732725143433,12384.58905029297,2744.880127429962,2744.880127429962,0,2850.383944988251,2850.383944988251,0,2950.335140228271,2950.335140228271,0,0,0,0,0,0,0,137814.8778444976,137340.9901436344,473.887702010572,.94256586,.97940993,.51842701,.5,.5,.79971033,
2011,707,17939.5300963086,30.26834738370962,.001687243,149384.4364496917,145495.8593252674,3888.576940923929,149360.2205511779,145471.6434267536,3888.576940923929,157942.5472246855,145084.0564878955,12858.4904846251,8859.133697509766,5444.446672439575,3414.686965942383,16374.44073486328,3989.851422309875,12384.58905029297,17177.32153320313,4792.732725143433,12384.58905029297,2710.413422107697,2710.413422107697,0,2686.19753241539,2686.19753241539,0,2950.335140228271,2950.335140228271,0,0,0,0,0,0,0,137814.8778444976,137340.9901436344,473.887702010572,.97673988,.99145478,.80737084,.80000001,.80000001,.90468007,
2012,707,17939.5300963086,30.26834738370962,.001687243,147005.7626510113,144001.5776145235,3004.18515625596,146915.8518556803,143911.6668191925,3004.18515625596,157942.5472246855,145084.0564878955,12858.4904846251,6197.618133544922,3667.334409713745,2530.283843994141,16374.44073486328,3989.851422309875,12384.58905029297,17177.32153320313,4792.732725143433,12384.58905029297,2993.278782688547,2993.278782688547,0,2903.367981672287,2903.367981672287,0,2950.335140228271,2950.335140228271,0,0,0,0,0,0,0,137814.8778444976,137340.9901436344,473.887702010572,.95209044,.97720802,.6628989,.64999998,.64999998,.44775927,
2013,707,17939.5300963086,30.26834738370962,.001687243,147626.9361707419,144070.6340745464,3556.302160650492,147692.5928842276,144136.2907880321,3556.302160650492,157942.5472246855,145084.0564878955,12858.4904846251,6431.141311645508,3348.703251838684,3082.437942504883,16374.44073486328,3989.851422309875,12384.58905029297,17177.32153320313,4792.732725143433,12384.58905029297,3380.968287944794,3380.968287944794,0,3446.625001430511,3446.625001430511,0,2950.335140228271,2950.335140228271,0,0,0,0,0,0,0,137814.8778444976,137340.9901436344,473.887702010572,.92026442,.96771717,.37395516,.34999999,.34999999,.46838412,
2014,707,17939.5300963086,30.26834738370962,.001687243,142026.5394436568,141552.5827396885,473.9566992651671,141980.7901381701,141506.8334380165,473.9566992651671,157942.5472246855,145084.0564878955,12858.4904846251,2427.511430740356,2427.419386863708,.0920103238895535,16374.44073486328,3989.851422309875,12384.58905029297,17177.32153320313,4792.732725143433,12384.58905029297,1784.13873885572,1784.13873885572,0,1738.389437183738,1738.389437183738,0,2950.335140228271,2950.335140228271,0,0,0,0,0,0,0,137814.8778444976,137340.9901436344,473.887702010572,.87929392,.94828218,.085011363,.050000001,.050000001,0,
2015,707,17939.5300963086,30.26834738370962,.001687243,143264.5767584294,141688.7528536096,1575.823965460062,143256.9976104349,141681.1737056151,1575.823965460062,157942.5472246855,145084.0564878955,12858.4904846251,3495.657127380371,2393.741457939148,1101.915641784668,16374.44073486328,3989.851422309875,12384.58905029297,17177.32153320313,4792.732725143433,12384.58905029297,1954.043062329292,1954.043062329292,0,1946.463914334774,1946.463914334774,0,2950.335140228271,2950.335140228271,0,0,0,0,0,0,0,137814.8778444976,137340.9901436344,473.887702010572,.89540035,.9532373,.22948326,.2,.2,0,
2016,707,17939.5300963086,30.26834738370962,.001687243,144026.3444325179,142666.151162006,1360.193148046732,144031.959309265,142671.7660387531,1360.193148046732,157942.5472246855,145084.0564878955,12858.4904846251,3871.909839630127,2985.574366569519,886.3354415893555,16374.44073486328,3989.851422309875,12384.58905029297,17177.32153320313,4792.732725143433,12384.58905029297,2339.625832557678,2339.625832557678,0,2345.240705490112,2345.240705490112,0,2950.335140228271,2950.335140228271,0,0,0,0,0,0,0,137814.8778444976,137340.9901436344,473.887702010572,.94800663,.97695076,.61474168,.60000002,.60000002,.51633239,
2017,707,17939.5300963086,30.26834738370962,.001687243,149491.6837584227,145708.6337030903,3783.05023804307,149548.065352127,145765.0152967945,3783.05023804307,157942.5472246855,145084.0564878955,12858.4904846251,8765.763519287109,5456.61203289032,3309.1513671875,16374.44073486328,3989.851422309875,12384.58905029297,17177.32153320313,4792.732725143433,12384.58905029297,2910.998008608818,2910.998008608818,0,2967.379604876041,2967.379604876041,0,2950.335140228271,2950.335140228271,0,0,0,0,0,0,0,137814.8778444976,137340.9901436344,473.887702010572,.98389351,.99504489,.85552812,.85000002,.85000002,1,
2018,707,17939.5300963086,30.26834738370962,.001687243,144290.9098321646,143429.9325879589,860.9773963987827,144239.4291712493,143378.4519270435,860.9773963987827,157942.5472246855,145084.0564878955,12858.4904846251,3248.007303237915,2860.919839859009,387.0874176025391,16374.44073486328,3989.851422309875,12384.58905029297,17177.32153320313,4792.732725143433,12384.58905029297,3228.044635951519,3228.044635951519,0,3176.563979238272,3176.563979238272,0,2950.335140228271,2950.335140228271,0,0,0,0,0,0,0,137814.8778444976,137340.9901436344,473.887702010572,.92520124,.97308725,.37395516,.34999999,.34999999,.732458,
2019,707,17939.5300963086,30.26834738370962,.001687243,146563.7524382323,145151.653861858,1412.09857788682,146595.0631643981,145182.9645880237,1412.09857788682,157942.5472246855,145084.0564878955,12858.4904846251,5503.683700561523,4565.454406738281,938.2292327880859,16374.44073486328,3989.851422309875,12384.58905029297,17177.32153320313,4792.732725143433,12384.58905029297,3245.190317153931,3245.190317153931,0,3276.501046180725,3276.501046180725,0,2950.335140228271,2950.335140228271,0,0,0,0,0,0,0,137814.8778444976,137340.9901436344,473.887702010572,.9717859,.99024999,.75921351,.75,.75,.92665762,
2020,707,17939.5300963086,30.26834738370962,.001687243,143891.6303240508,142945.4560049549,946.1743949949741,143855.6211432666,142909.4468089119,946.1743949949741,157942.5472246855,145084.0564878955,12858.4904846251,3277.994613647461,2805.705656528473,472.2889862060547,16374.44073486328,3989.851422309875,12384.58905029297,17177.32153320313,4792.732725143433,12384.58905029297,2798.752674102783,2798.752674102783,0,2762.743468523026,2762.743468523026,0,2950.335140228271,2950.335140228271,0,0,0,0,0,0,0,137814.8778444976,137340.9901436344,473.887702010572,.90452868,.96316522,.22948326,.2,.2,.48820877,
2021,707,17939.5300963086,30.26834738370962,.001687243,142905.8487374038,142286.8492516056,618.9994687139988,142975.5124022216,142356.5129164234,618.9994687139988,157942.5472246855,145084.0564878955,12858.4904846251,2906.392681121826,2761.292420864105,145.1002826690674,16374.44073486328,3989.851422309875,12384.58905029297,17177.32153320313,4792.732725143433,12384.58905029297,2184.557914227247,2184.557914227247,0,2254.221592664719,2254.221592664719,0,2950.335140228271,2950.335140228271,0,0,0,0,0,0,0,137814.8778444976,137340.9901436344,473.887702010572,.88423687,.95365739,.085011363,.050000001,.050000001,.26432917,
2022,707,17939.5300963086,30.26834738370962,.001687243,143042.5285860747,142472.287681438,570.2409061491489,143062.8448068351,142492.6039021984,570.2409061491489,157942.5472246855,145084.0564878955,12858.4904846251,2429.061418533325,2332.72664642334,96.33480215072632,16374.44073486328,3989.851422309875,12384.58905029297,17177.32153320313,4792.732725143433,12384.58905029297,2798.526549577713,2798.526549577713,0,2818.842777252197,2818.842777252197,0,2950.335140228271,2950.335140228271,0,0,0,0,0,0,0,137814.8778444976,137340.9901436344,473.887702010572,.88300115,.9523136,.085011363,.050000001,.050000001,.19824687,
2023,707,17939.5300963086,30.26834738370962,.001687243,146937.9462153167,146022.5977324024,915.3485740721226,146834.9647795409,145919.6162966266,915.3485740721226,157942.5472246855,145084.0564878955,12858.4904846251,6220.190139770508,5778.724376678467,441.4655494689941,16374.44073486328,3989.851422309875,12384.58905029297,17177.32153320313,4792.732725143433,12384.58905029297,2902.926780700684,2902.926780700684,0,2799.945342063904,2799.945342063904,0,2950.335140228271,2950.335140228271,0,0,0,0,0,0,0,137814.8778444976,137340.9901436344,473.887702010572,.99974167,.99972057,1,1,1,.98625773,
2024,707,17939.5300963086,30.26834738370962,.001687243,144454.4107376784,143484.5919025913,969.818745046854,144495.9573218077,143526.1384867206,969.818745046854,157942.5472246855,145084.0564878955,12858.4904846251,3569.028480529785,3073.092824935913,495.9356384277344,16374.44073486328,3989.851422309875,12384.58905029297,17177.32153320313,4792.732725143433,12384.58905029297,3070.470984458923,3070.470984458923,0,3112.017566680908,3112.017566680908,0,2950.335140228271,2950.335140228271,0,0,0,0,0,0,0,137814.8778444976,137340.9901436344,473.887702010572,.93073738,.97492129,.42211244,.40000001,.40000001,.7414254,
1993,708,3264.82378124518,1772.611173629761,.54294235,792437.0823420882,641570.5109862685,150866.5664424896,792485.6134852767,641619.042129457,150866.5664424896,770152.3677282557,618205.9642710686,151946.4106440768,641180.1192398071,619222.7942428589,21957.32588195801,629862.5404315218,606825.3975543976,23037.14316704124,629862.5404315218,606825.3975543976,23037.14316704124,12811.98321955232,12811.98321955232,0,12860.5143627408,12860.5143627408,0,1844.624845504761,1844.624845504761,0,0,0,0,0,0,0,138445.1477007866,9535.875329494476,128909.2757968903,.99992388,.99990517,1,1,1,.96821564,
1994,708,3264.82378124518,1772.611173629761,.54294235,493960.0219368935,350139.5978569984,143820.4186000824,493904.6595654488,350084.2354855537,143820.4186000824,770152.3677282557,618205.9642710686,151946.4106440768,354430.8006010056,339519.6477422714,14911.15307998657,629862.5404315218,606825.3975543976,23037.14316704124,629862.5404315218,606825.3975543976,23037.14316704124,1084.099394798279,1084.099394798279,0,1028.737023353577,1028.737023353577,0,1844.624845504761,1844.624845504761,0,0,0,0,0,0,0,138445.1477007866,9535.875329494476,128909.2757968903,.59000665,.50784898,.9241932,.5,.5,.54572493,
1995,708,3264.82378124518,1772.611173629761,.54294235,771277.8651477098,619196.5157366991,152081.3530292511,773696.9868890047,621615.6374741793,152081.3530292511,770152.3677282557,618205.9642710686,151946.4106440768,628397.6344566345,605225.5334587097,23172.1007232666,629862.5404315218,606825.3975543976,23037.14316704124,629862.5404315218,606825.3975543976,23037.14316704124,4435.058197651058,4435.058197651058,0,6854.183599147946,6854.183599147946,0,1844.624845504761,1844.624845504761,0,0,0,0,0,0,0,138445.1477007866,9535.875329494476,128909.2757968903,1,1,1,1,1,1,
1996,708,3264.82378124518,1772.611173629761,.54294235,790944.4980594862,638822.2432268858,152122.2595952499,788519.2199280012,636396.9650954008,152122.2595952499,770152.3677282557,618205.9642710686,151946.4106440768,648269.9729035842,625056.9554595947,23213.01707777861,608217.4516806826,585180.3089561462,23037.14316704124,629862.5404315218,606825.3975543976,23037.14316704124,4229.455313100014,4229.455313100014,0,1804.173513783608,1804.173513783608,0,1844.624845504761,1844.624845504761,0,0,0,0,0,0,0,138445.1477007866,9535.875329494476,128909.2757968903,.99968028,.99960166,1,1,1,.86650556,
1997,708,3264.82378124518,1772.611173629761,.54294235,748875.9861985771,599311.0616616011,149564.9241879312,748869.0436803428,599304.1191433668,149564.9241879312,770152.3677282557,618205.9642710686,151946.4106440768,608808.7429707376,588153.0741214752,20655.66845253389,605634.9817784782,582601.2229537964,23033.75882468186,629862.5404315218,606825.3975543976,23037.14316704124,1621.911457441747,1621.911457441747,0,1614.968939207494,1614.968939207494,0,1844.624845504761,1844.624845504761,0,0,0,0,0,0,0,138445.1477007866,9535.875329494476,128909.2757968903,.99969548,.99962062,1,1,1,.87286246,
1998,708,3264.82378124518,1772.611173629761,.54294235,612590.6298439726,468320.1886425018,144270.4389794096,613118.0735228285,468847.6323213577,144270.4389794096,770152.3677282557,618205.9642710686,151946.4106440768,473294.5530846342,457933.3940792084,15361.15877654403,590744.2985051628,567710.5385818481,23033.75882468186,629862.5404315218,606825.3975543976,23037.14316704124,850.9622521400452,850.9622521400452,0,1378.404102921486,1378.404102921486,0,1844.624845504761,1844.624845504761,0,0,0,0,0,0,0,138445.1477007866,9535.875329494476,128909.2757968903,.99931484,.99914646,1,1,1,.71394056,
1999,708,3264.82378124518,1772.611173629761,.54294235,783516.6934194416,630966.149900198,152550.5426494926,783005.6038417667,630455.0603225231,152550.5426494926,770152.3677282557,618205.9642710686,151946.4106440768,643085.0736725181,619443.7733421326,23641.30062030256,590747.6828475222,567710.5385818481,23037.14316704124,629862.5404315218,606825.3975543976,23037.14316704124,1986.461402289569,1986.461402289569,0,1475.373622171581,1475.373622171581,0,1844.624845504761,1844.624845504761,0,0,0,0,0,0,0,138445.1477007866,9535.875329494476,128909.2757968903,.99939096,.99924129,1,1,1,.74572492,
2000,708,3264.82378124518,1772.611173629761,.54294235,851908.0440714695,716034.0176715851,135874.0341723301,851931.6157124378,716057.5893125534,135874.0341723301,770152.3677282557,618205.9642710686,151946.4106440768,711854.2774918415,704889.5270385742,6964.750544819981,550840.6243720278,527803.4801521301,23037.14316704124,629862.5404315218,606825.3975543976,23037.14316704124,1608.695150866755,1608.695150866755,0,1632.266791835078,1632.266791835078,0,1844.624845504761,1844.624845504761,0,0,0,0,0,0,0,138445.1477007866,9535.875329494476,128909.2757968903,.91758704,.90105373,.98483866,.89999998,.89999998,.73618966,
2001,708,3264.82378124518,1772.611173629761,.54294235,529344.6222366113,399901.3834042549,129443.2368963975,529391.6759685297,399948.4371361732,129443.2368963975,770152.3677282557,618205.9642710686,151946.4106440768,388391.7723605651,387857.7935209274,533.9789006728679,539058.5081687197,516021.3648490906,23037.14316704124,629862.5404315218,606825.3975543976,23037.14316704124,2507.716532707214,2507.716532707214,0,2554.770264625549,2554.770264625549,0,1844.624845504761,1844.624845504761,0,0,0,0,0,0,0,138445.1477007866,9535.875329494476,128909.2757968903,.50041234,.40032843,.9075157,.38999999,.38999999,.69804835,
2002,708,3264.82378124518,1772.611173629761,.54294235,626683.3979757223,495619.1515002251,131064.2405016813,626665.0773880873,495600.83091259,131064.2405016813,770152.3677282557,618205.9642710686,151946.4106440768,486322.8062651549,484167.8023033142,2155.003855029121,539058.5081687197,516021.3648490906,23037.14316704124,629862.5404315218,606825.3975543976,23037.14316704124,1915.415269374847,1915.415269374847,0,1897.094681739807,1897.094681739807,0,1844.624845504761,1844.624845504761,0,0,0,0,0,0,0,138445.1477007866,9535.875329494476,128909.2757968903,.7539565,.70465016,.95451593,.69999999,.69999999,.70758361,
2003,708,3264.82378124518,1772.611173629761,.54294235,694246.1785109695,557281.4817070961,136964.6929796394,694233.4679463562,557268.7711424828,136964.6929796394,770152.3677282557,618205.9642710686,151946.4106440768,554341.1961649116,546285.8151664734,8055.380967920646,539058.5081687197,516021.3648490906,23037.14316704124,629862.5404315218,606825.3975543976,23037.14316704124,1459.873307228088,1459.873307228088,0,1447.162742614746,1447.162742614746,0,1844.624845504761,1844.624845504761,0,0,0,0,0,0,0,138445.1477007866,9535.875329494476,128909.2757968903,.91749567,.90093988,.98483866,.89999998,.89999998,.69804835,
2004,708,3264.82378124518,1772.611173629761,.54294235,585681.0608112551,435050.3674244881,150630.6969516017,585657.3707935549,435026.6774106026,150630.6969516017,770152.3677282557,618205.9642710686,151946.4106440768,445923.2275693156,424201.8080053329,21721.41968605295,537736.8201441988,514699.6771755219,23037.14316704124,629862.5404315218,606825.3975543976,23037.14316704124,1312.770203590393,1312.770203590393,0,1289.080191612244,1289.080191612244,0,1844.624845504761,1844.624845504761,0,0,0,0,0,0,0,138445.1477007866,9535.875329494476,128909.2757968903,.71306592,.65557057,.94693524,.64999998,.64999998,.70758361,
2005,708,3264.82378124518,1772.611173629761,.54294235,943128.0589210037,802309.1450155973,140818.9176228289,943178.2915717606,802359.3776663542,140818.9176228289,770152.3677282557,618205.9642710686,151946.4106440768,803133.6040890459,791223.9712257385,11909.63301589526,537736.8201441988,514699.6771755219,23037.14316704124,629862.5404315218,606825.3975543976,23037.14316704124,1549.251350715756,1549.251350715756,0,1599.484011009336,1599.484011009336,0,1844.624845504761,1844.624845504761,0,0,0,0,0,0,0,138445.1477007866,9535.875329494476,128909.2757968903,.91821891,.90184087,.98483866,.89999998,.89999998,1,
2006,708,3264.82378124518,1772.611173629761,.54294235,851376.8390008677,705663.1085884571,145713.7301396597,871225.1388633717,725511.4084509611,145713.7301396597,770152.3677282557,618205.9642710686,151946.4106440768,710514.6641854513,693710.174697876,16804.48909084685,537736.8201441988,514699.6771755219,23037.14316704124,629862.5404315218,606825.3975543976,23037.14316704124,2417.162994354963,2417.162994354963,0,22265.44989049435,22265.44989049435,0,1844.624845504761,1844.624845504761,0,0,0,0,0,0,0,138445.1477007866,9535.875329494476,128909.2757968903,1,1,1,1,1,1,
2007,708,3264.82378124518,1772.611173629761,.54294235,738323.7800006662,595870.7640787363,142453.0184167419,718411.3975227866,575958.3816008568,142453.0184167419,770152.3677282557,618205.9642710686,151946.4106440768,579152.3024724517,565608.5668735504,13543.73527846672,537736.8201441988,514699.6771755219,23037.14316704124,629862.5404315218,606825.3975543976,23037.14316704124,20726.28905598074,20726.28905598074,0,813.9202156066895,813.9202156066895,0,1844.624845504761,1844.624845504761,0,0,0,0,0,0,0,138445.1477007866,9535.875329494476,128909.2757968903,.6715427,.60570282,.9393546,.60000002,.60000002,.44340149,
2008,708,3264.82378124518,1772.611173629761,.54294235,566042.4162993599,432927.77121526,133114.6411263514,566119.101411419,433004.4563273191,133114.6411263514,770152.3677282557,618205.9642710686,151946.4106440768,426397.5118987132,422192.1589717865,4205.352972703055,537736.8201441988,514699.6771755219,23037.14316704124,629862.5404315218,606825.3975543976,23037.14316704124,1199.682207396254,1199.682207396254,0,1276.367319472134,1276.367319472134,0,1844.624845504761,1844.624845504761,0,0,0,0,0,0,0,138445.1477007866,9535.875329494476,128909.2757968903,.46796641,.36139676,.90145117,.34999999,.34999999,.80929369,
2009,708,3264.82378124518,1772.611173629761,.54294235,605001.2896384709,475593.0052323341,129408.2883276455,604924.2144368999,475515.9300307631,129408.2883276455,770152.3677282557,618205.9642710686,151946.4106440768,464984.8615759127,464485.8777656555,498.9837949983776,537736.8201441988,514699.6771755219,23037.14316704124,629862.5404315218,606825.3975543976,23037.14316704124,1571.206002268009,1571.206002268009,0,1494.130800680257,1494.130800680257,0,1844.624845504761,1844.624845504761,0,0,0,0,0,0,0,138445.1477007866,9535.875329494476,128909.2757968903,.50831366,.40979952,.90903187,.40000001,.40000001,.58247221,
2010,708,3264.82378124518,1772.611173629761,.54294235,552307.3873698693,421997.1769766808,130310.2063477021,552314.1827781182,422003.9723849297,130310.2063477021,770152.3677282557,618205.9642710686,151946.4106440768,412334.544183014,410933.5990276337,1400.944957016036,528206.7805457339,505169.6367225647,23037.14316704124,629862.5404315218,606825.3975543976,23037.14316704124,1527.65184211731,1527.65184211731,0,1534.447250366211,1534.447250366211,0,1844.624845504761,1844.624845504761,0,0,0,0,0,0,0,138445.1477007866,9535.875329494476,128909.2757968903,.59044766,.50839835,.9241932,.5,.5,.72983271,
2011,708,3264.82378124518,1772.611173629761,.54294235,835775.8347041961,700515.3321973085,135260.5064493772,835912.74564532,700652.2431384325,135260.5064493772,770152.3677282557,618205.9642710686,151946.4106440768,695692.5082880612,689341.2462539673,6351.262461340055,528206.7805457339,505169.6367225647,23037.14316704124,629862.5404315218,606825.3975543976,23037.14316704124,1638.259683508426,1638.259683508426,0,1775.170624632388,1775.170624632388,0,1844.624845504761,1844.624845504761,0,0,0,0,0,0,0,138445.1477007866,9535.875329494476,128909.2757968903,.8358289,.80292308,.96967727,.80000001,.80000001,.74572492,
2012,708,3264.82378124518,1772.611173629761,.54294235,608470.9254949782,474855.1675796509,133615.7540376876,608309.5305107329,474693.7725954056,133615.7540376876,770152.3677282557,618205.9642710686,151946.4106440768,469041.0720184539,464334.5843877792,4706.487661192194,528206.7805457339,505169.6367225647,23037.14316704124,629862.5404315218,606825.3975543976,23037.14316704124,984.6179738044739,984.6179738044739,0,823.2229895591736,823.2229895591736,0,1844.624845504761,1844.624845504761,0,0,0,0,0,0,0,138445.1477007866,9535.875329494476,128909.2757968903,.71218807,.65447694,.94693524,.64999998,.64999998,.34107807,
2013,708,3264.82378124518,1772.611173629761,.54294235,568960.0158920959,434317.4328484535,134642.5813365653,569010.2322998717,434367.6492562294,134642.5813365653,770152.3677282557,618205.9642710686,151946.4106440768,429724.878379412,423991.5521936417,5733.326216287911,528206.7805457339,505169.6367225647,23037.14316704124,629862.5404315218,606825.3975543976,23037.14316704124,789.9158926010132,789.9158926010132,0,840.1323003768921,840.1323003768921,0,1844.624845504761,1844.624845504761,0,0,0,0,0,0,0,138445.1477007866,9535.875329494476,128909.2757968903,.46704102,.36024392,.90145117,.34999999,.34999999,.42293683,
2014,708,3264.82378124518,1772.611173629761,.54294235,445863.8556798166,316953.8412110209,128910.016301523,445813.1972030168,316903.1827342212,128910.016301523,770152.3677282557,618205.9642710686,151946.4106440768,307345.1856498164,307344.4369745255,.7487183478369843,528206.7805457339,505169.6367225647,23037.14316704124,629862.5404315218,606825.3975543976,23037.14316704124,73.48054713010788,73.48054713010788,0,22.82207033038139,22.82207033038139,0,1844.624845504761,1844.624845504761,0,0,0,0,0,0,0,138445.1477007866,9535.875329494476,128909.2757968903,.22068486,.064504631,.8559671,.050000001,.050000001,0,
2015,708,3264.82378124518,1772.611173629761,.54294235,443618.1626540478,312658.9150481224,130959.2456566151,443618.3818236645,312659.1342177391,130959.2456566151,770152.3677282557,618205.9642710686,151946.4106440768,305130.2848025616,303080.3424625397,2049.942332392558,528206.7805457339,505169.6367225647,23037.14316704124,629862.5404315218,606825.3975543976,23037.14316704124,42.66103363037109,42.66103363037109,0,42.88020324707031,42.88020324707031,0,1844.624845504761,1844.624845504761,0,0,0,0,0,0,0,138445.1477007866,9535.875329494476,128909.2757968903,.34335643,.2117433,.87870914,.2,.2,0,
2016,708,3264.82378124518,1772.611173629761,.54294235,519059.1165450085,388500.7216253281,130558.3908856381,519091.3846576679,388532.9897379875,130558.3908856381,770152.3677282557,618205.9642710686,151946.4106440768,379663.6182423104,378014.4710683823,1649.147326515988,528206.7805457339,505169.6367225647,23037.14316704124,629862.5404315218,606825.3975543976,23037.14316704124,950.3084635734558,950.3084635734558,0,982.5765762329102,982.5765762329102,0,1844.624845504761,1844.624845504761,0,0,0,0,0,0,0,138445.1477007866,9535.875329494476,128909.2757968903,.67180657,.60603154,.9393546,.60000002,.60000002,.55357373,
2017,708,3264.82378124518,1772.611173629761,.54294235,836983.6142953876,701919.5099396706,135064.111620808,837044.1213802341,701980.0170245171,135064.111620808,770152.3677282557,618205.9642710686,151946.4106440768,697036.373172665,690881.5596160889,6154.81319036521,528206.7805457339,505169.6367225647,23037.14316704124,629862.5404315218,606825.3975543976,23037.14316704124,1502.092278718948,1502.092278718948,0,1562.599363565445,1562.599363565445,0,1844.624845504761,1844.624845504761,0,0,0,0,0,0,0,138445.1477007866,9535.875329494476,128909.2757968903,.87732846,.85276139,.97725797,.85000002,.85000002,1,
2018,708,3264.82378124518,1772.611173629761,.54294235,502670.3818529127,373040.7877802849,129629.5921690939,502627.8460700987,372998.2519974709,129629.5921690939,770152.3677282557,618205.9642710686,151946.4106440768,362951.856286454,362231.5207824707,720.3355650184676,528206.7805457339,505169.6367225647,23037.14316704124,629862.5404315218,606825.3975543976,23037.14316704124,1273.37938117981,1273.37938117981,0,1230.843598365784,1230.843598365784,0,1844.624845504761,1844.624845504761,0,0,0,0,0,0,0,138445.1477007866,9535.875329494476,128909.2757968903,.46753645,.36086112,.90145117,.34999999,.34999999,.62978041,
2019,708,3264.82378124518,1772.611173629761,.54294235,719929.3016440514,589274.6678586006,130654.6318323258,719959.6451661233,589305.0113806725,130654.6318323258,770152.3677282557,618205.9642710686,151946.4106440768,579794.2078127507,578048.8299388885,1745.377995932475,528206.7805457339,505169.6367225647,23037.14316704124,629862.5404315218,606825.3975543976,23037.14316704124,1689.868746757507,1689.868746757507,0,1720.212268829346,1720.212268829346,0,1844.624845504761,1844.624845504761,0,0,0,0,0,0,0,138445.1477007866,9535.875329494476,128909.2757968903,.79554737,.75460219,.96209663,.75,.75,1,
2020,708,3264.82378124518,1772.611173629761,.54294235,495657.4692073483,365869.3218369484,129788.1454764027,495586.1173945088,365797.9700241089,129788.1454764027,770152.3677282557,618205.9642710686,151946.4106440768,356119.4683598895,355240.6302528381,878.8381757158786,528206.7805457339,505169.6367225647,23037.14316704124,629862.5404315218,606825.3975543976,23037.14316704124,1092.77726650238,1092.77726650238,0,1021.425453662872,1021.425453662872,0,1844.624845504761,1844.624845504761,0,0,0,0,0,0,0,138445.1477007866,9535.875329494476,128909.2757968903,.34441844,.21306632,.87870914,.2,.2,.44340149,
2021,708,3264.82378124518,1772.611173629761,.54294235,488746.1929609179,359566.40609622,129179.7887567878,488962.9415926337,359783.1547279358,129179.7887567878,770152.3677282557,618205.9642710686,151946.4106440768,349887.8394196033,349617.3242578506,270.5150320529938,528206.7805457339,505169.6367225647,23037.14316704124,629862.5404315218,606825.3975543976,23037.14316704124,413.2538998126984,413.2538998126984,0,630.0025315284729,630.0025315284729,0,1844.624845504761,1844.624845504761,0,0,0,0,0,0,0,138445.1477007866,9535.875329494476,128909.2757968903,.22133841,.065318808,.8559671,.050000001,.050000001,.27286246,
2022,708,3264.82378124518,1772.611173629761,.54294235,434729.9948761147,305640.8077659607,129089.1870205086,434607.699142186,305518.512032032,129089.1870205086,770152.3677282557,618205.9642710686,151946.4106440768,295534.9167964738,295355.0398406982,179.8770091813058,528206.7805457339,505169.6367225647,23037.14316704124,629862.5404315218,606825.3975543976,23037.14316704124,749.8701329231262,749.8701329231262,0,627.5743989944458,627.5743989944458,0,1844.624845504761,1844.624845504761,0,0,0,0,0,0,0,138445.1477007866,9535.875329494476,128909.2757968903,.22117501,.065115266,.8559671,.050000001,.050000001,.20464686,
2023,708,3264.82378124518,1772.611173629761,.54294235,872398.8806088287,742668.0357642174,129730.8411138374,872317.5723641235,742586.7275195122,129730.8411138374,770152.3677282557,618205.9642710686,151946.4106440768,732486.9191261847,731665.3672065735,821.551705988124,528206.7805457339,505169.6367225647,23037.14316704124,629862.5404315218,606825.3975543976,23037.14316704124,1466.828926086426,1466.828926086426,0,1385.520681381226,1385.520681381226,0,1844.624845504761,1844.624845504761,0,0,0,0,0,0,0,138445.1477007866,9535.875329494476,128909.2757968903,.9997716,.99971551,1,1,1,.90464687,
2024,708,3264.82378124518,1772.611173629761,.54294235,530013.7710560942,400181.6371369362,129832.1339496756,530049.9982794905,400217.8643603325,129832.1339496756,770152.3677282557,618205.9642710686,151946.4106440768,390018.3353377962,389095.5156011581,922.8197366381064,528206.7805457339,505169.6367225647,23037.14316704124,629862.5404315218,606825.3975543976,23037.14316704124,1550.246327400208,1550.246327400208,0,1586.473550796509,1586.473550796509,0,1844.624845504761,1844.624845504761,0,0,0,0,0,0,0,138445.1477007866,9535.875329494476,128909.2757968903,.508389,.40989342,.90903187,.40000001,.40000001,.61394048,
1993,709,1836.707630188,1053.477989196777,.5735687,605533.1028790474,605130.9969987571,402.1059747039108,616816.6347880363,616414.5289077461,402.1059747039108,645275.5736861378,644866.2757962197,409.2979798613815,46137.78099676967,45990.92354497313,146.8574495315552,45224.19274480641,45070.14326699078,154.0494728088379,45224.19274480641,45070.14326699078,154.0494728088379,266340.8974985182,266340.8974985182,0,277624.4294075072,277624.4294075072,0,306996.99914217,306996.99914217,0,0,0,0,0,0,0,293054.4283482878,292799.1799203306,255.2484278975753,.94878149,.94874895,1,1,1,.892344,
1994,709,1836.707630188,1053.477989196777,.5735687,484928.0643806458,484573.0854318738,354.9790444670944,474584.3472971916,474229.3683484197,354.9790444670944,645275.5736861378,644866.2757962197,409.2979798613815,25316.53824698925,25216.80780559778,99.73044395446777,45224.19274480641,45070.14326699078,154.0494728088379,45224.19274480641,45070.14326699078,154.0494728088379,166557.0511479378,166557.0511479378,0,156213.334192276,156213.334192276,0,306996.99914217,306996.99914217,0,0,0,0,0,0,0,293054.4283482878,292799.1799203306,255.2484278975753,.71458244,.71452087,.81181258,.5,.5,.47373813,
1995,709,1836.707630188,1053.477989196777,.5735687,583044.3854453564,582634.1547352672,410.2308135329513,588209.1413455009,587798.9106354117,410.2308135329513,645275.5736861378,644866.2757962197,409.2979798613815,45106.29977372289,44951.31751343608,154.9822540283203,45224.19274480641,45070.14326699078,154.0494728088379,45224.19274480641,45070.14326699078,154.0494728088379,244883.6099247485,244883.6099247485,0,250048.3637442589,250048.3637442589,0,306996.99914217,306996.99914217,0,0,0,0,0,0,0,293054.4283482878,292799.1799203306,255.2484278975753,1,1,1,1,1,1,
1996,709,1836.707630188,1053.477989196777,.5735687,603705.6482641697,603295.1440843344,410.5042777358321,598364.6658051014,597954.1616250277,410.5042777358321,645275.5736861378,644866.2757962197,409.2979798613815,46579.49180850387,46424.23604282737,155.2557706832886,43616.57003884017,43462.52056692541,154.0494728088379,45224.19274480641,45070.14326699078,154.0494728088379,264071.7088781893,264071.7088781893,0,258730.7264171839,258730.7264171839,0,306996.99914217,306996.99914217,0,0,0,0,0,0,0,293054.4283482878,292799.1799203306,255.2484278975753,.9318617,.93181849,1,1,1,.85678047,
1997,709,1836.707630188,1053.477989196777,.5735687,596452.1131611764,596058.7145809531,393.3986792861251,592140.2273083329,591746.8287281394,393.3986792861251,645275.5736861378,644866.2757962197,409.2979798613815,43821.46104574203,43683.31093639135,138.1501121520996,43425.01551552117,43270.96603710949,154.0494728088379,45224.19274480641,45070.14326699078,154.0494728088379,259576.2190501392,259576.2190501392,0,255264.3331973255,255264.3331973255,0,306996.99914217,306996.99914217,0,0,0,0,0,0,0,293054.4283482878,292799.1799203306,255.2484278975753,.93135083,.93130726,1,1,1,.85570663,
1998,709,1836.707630188,1053.477989196777,.5735687,461465.7547305822,461107.7704686522,357.9843583403854,468011.6039991379,467653.6197372079,357.9843583403854,645275.5736861378,644866.2757962197,409.2979798613815,34114.36865933239,34011.63276149333,102.7359008789063,42319.05426122248,42165.00478203595,154.0494728088379,45224.19274480641,45070.14326699078,154.0494728088379,134296.9132441282,134296.9132441282,0,140842.7625121549,140842.7625121549,0,306996.99914217,306996.99914217,0,0,0,0,0,0,0,293054.4283482878,292799.1799203306,255.2484278975753,.86167127,.86158347,1,1,1,.70924747,
1999,709,1836.707630188,1053.477989196777,.5735687,565979.2445272207,565565.8802379966,413.3643813430099,564719.9403330088,564306.5760438442,413.3643813430099,645275.5736861378,644866.2757962197,409.2979798613815,46165.44888204336,46007.33301347494,158.1158742904663,42319.05426122248,42165.00478203595,154.0494728088379,45224.19274480641,45070.14326699078,154.0494728088379,226759.380386062,226759.380386062,0,225500.0761914551,225500.0761914551,0,306996.99914217,306996.99914217,0,0,0,0,0,0,0,293054.4283482878,292799.1799203306,255.2484278975753,.85553193,.8554402,1,1,1,.69634318,
2000,709,1836.707630188,1053.477989196777,.5735687,588928.8990944624,588627.0729306936,301.826259642723,590590.8615549803,590289.0353912115,301.826259642723,645275.5736861378,644866.2757962197,409.2979798613815,52400.14246296883,52353.56481337547,46.57765007019043,39355.0755969882,39201.02611887455,154.0494728088379,45224.19274480641,45070.14326699078,154.0494728088379,243474.3912572265,243474.3912572265,0,245136.3537177444,245136.3537177444,0,306996.99914217,306996.99914217,0,0,0,0,0,0,0,293054.4283482878,292799.1799203306,255.2484278975753,.84032756,.84025013,.96236253,.90000004,.89999998,.67911643,
2001,709,1836.707630188,1053.477989196777,.5735687,521885.3094012737,521626.4947789609,258.8147195278434,529963.0357928276,529704.2211705148,258.8147195278434,645275.5736861378,644866.2757962197,409.2979798613815,28810.54760095477,28806.98134413362,3.56625697016716,38479.9961245805,38325.94664819539,154.0494728088379,45224.19274480641,45070.14326699078,154.0494728088379,200020.314632684,200020.314632684,0,208098.0410242379,208098.0410242379,0,306996.99914217,306996.99914217,0,0,0,0,0,0,0,293054.4283482878,292799.1799203306,255.2484278975753,.77466869,.77467155,.77041137,.38999999,.38999999,.6162374,
2002,709,1836.707630188,1053.477989196777,.5735687,565003.1761398762,564733.519663766,269.6565730868606,561138.523246333,560868.8667702228,269.6565730868606,645275.5736861378,644866.2757962197,409.2979798613815,35974.52429036796,35960.1162007302,14.40809011459351,38479.9961245805,38325.94664819539,154.0494728088379,45224.19274480641,45070.14326699078,154.0494728088379,235974.2463196069,235974.2463196069,0,232109.5934260637,232109.5934260637,0,306996.99914217,306996.99914217,0,0,0,0,0,0,0,293054.4283482878,292799.1799203306,255.2484278975753,.81606251,.81601751,.88708752,.69999999,.69999999,.6575762,
2003,709,1836.707630188,1053.477989196777,.5735687,552582.980904609,552273.8608689308,309.1201334296493,552592.4737832844,552283.3537476063,309.1201334296493,645275.5736861378,644866.2757962197,409.2979798613815,40627.61949522793,40573.74795307219,53.87154054641724,38479.9961245805,38325.94664819539,154.0494728088379,45224.19274480641,45070.14326699078,154.0494728088379,218900.9716612101,218900.9716612101,0,218910.4645398855,218910.4645398855,0,306996.99914217,306996.99914217,0,0,0,0,0,0,0,293054.4283482878,292799.1799203306,255.2484278975753,.82905346,.82896888,.96236253,.90000004,.89999998,.65541947,
2004,709,1836.707630188,1053.477989196777,.5735687,553155.7211234868,552755.1981224418,400.5231023131637,544451.34971264,544050.8267115951,400.5231023131637,645275.5736861378,644866.2757962197,409.2979798613815,31651.59659852087,31506.321992293,145.2746105194092,38381.83271551132,38227.7832455039,154.0494728088379,45224.19274480641,45070.14326699078,154.0494728088379,228449.7031652927,228449.7031652927,0,219745.331754446,219745.331754446,0,306996.99914217,306996.99914217,0,0,0,0,0,0,0,293054.4283482878,292799.1799203306,255.2484278975753,.81255823,.81252295,.86826879,.64999998,.64999998,.6575762,
2005,709,1836.707630188,1053.477989196777,.5735687,651917.6204371452,651582.7218213081,334.8987174330978,663167.1725523472,662832.2739365101,334.8987174330978,645275.5736861378,644866.2757962197,409.2979798613815,58845.44534042478,58765.79511645436,79.6502251625061,38381.83271551132,38227.7832455039,154.0494728088379,45224.19274480641,45070.14326699078,154.0494728088379,300017.7299880981,300017.7299880981,0,311267.2821037769,311267.2821037769,0,306996.99914217,306996.99914217,0,0,0,0,0,0,0,293054.4283482878,292799.1799203306,255.2484278975753,.98223686,.9822495,.96236253,.90000004,.89999998,.97739494,
2006,709,1836.707630188,1053.477989196777,.5735687,632613.4038901329,632245.76692307,367.6370635329513,647262.6329452991,646894.9959782958,367.6370635329513,645275.5736861378,644866.2757962197,409.2979798613815,51635.63922449946,51523.25062802434,112.388596534729,38381.83271551132,38227.7832455039,154.0494728088379,45224.19274480641,45070.14326699078,154.0494728088379,287923.2996007428,287923.2996007428,0,302572.5325571299,302572.5325571299,0,306996.99914217,306996.99914217,0,0,0,0,0,0,0,293054.4283482878,292799.1799203306,255.2484278975753,1,1,1,1,1,1,
2007,709,1836.707630188,1053.477989196777,.5735687,513309.4152831584,512963.5867176503,345.8286614714889,493097.5228364021,492751.6942708939,345.8286614714889,645275.5736861378,644866.2757962197,409.2979798613815,42099.46531061828,42008.88512860239,90.58017826080322,38381.83271551132,38227.7832455039,154.0494728088379,45224.19274480641,45070.14326699078,154.0494728088379,178155.5226185322,178155.5226185322,0,157943.6243135929,157943.6243135929,0,306996.99914217,306996.99914217,0,0,0,0,0,0,0,293054.4283482878,292799.1799203306,255.2484278975753,.69479078,.69469279,.84945011,.60000002,.60000002,.41740701,
2008,709,1836.707630188,1053.477989196777,.5735687,534845.7446926832,534562.3737041056,283.3710856734542,540029.8604797125,539746.4894911349,283.3710856734542,645275.5736861378,644866.2757962197,409.2979798613815,31385.18401199579,31357.06139606237,28.12261509895325,38381.83271551132,38227.7832455039,154.0494728088379,45224.19274480641,45070.14326699078,154.0494728088379,210406.114134863,210406.114134863,0,215590.2343173772,215590.2343173772,0,306996.99914217,306996.99914217,0,0,0,0,0,0,0,293054.4283482878,292799.1799203306,255.2484278975753,.81920701,.81924772,.75535637,.34999999,.34999999,.71574479,
2009,709,1836.707630188,1053.477989196777,.5735687,559010.8169920743,558752.2358474731,258.5812417565612,554719.7114842236,554461.1303396225,258.5812417565612,645275.5736861378,644866.2757962197,409.2979798613815,34501.6325596422,34498.29978041351,3.332779198884964,38381.83271551132,38227.7832455039,154.0494728088379,45224.19274480641,45070.14326699078,154.0494728088379,231454.7580761909,231454.7580761909,0,227163.6479282379,227163.6479282379,0,306996.99914217,306996.99914217,0,0,0,0,0,0,0,293054.4283482878,292799.1799203306,255.2484278975753,.70980442,.70976371,.77417511,.40000001,.40000001,.47842637,
2010,709,1836.707630188,1053.477989196777,.5735687,598173.2048548609,597908.5909652561,264.6139865218429,600343.8440367132,600079.2301471084,264.6139865218429,645275.5736861378,644866.2757962197,409.2979798613815,30530.23255217075,30520.86712241173,9.365429818630219,37674.014704898,37519.96523018181,154.0494728088379,45224.19274480641,45070.14326699078,154.0494728088379,274588.5547661781,274588.5547661781,0,276759.1939480305,276759.1939480305,0,306996.99914217,306996.99914217,0,0,0,0,0,0,0,293054.4283482878,292799.1799203306,255.2484278975753,.79488003,.79486942,.81181258,.5,.5,.64251518,
2011,709,1836.707630188,1053.477989196777,.5735687,607396.2730724812,607098.5501033068,297.7230654059676,624953.6228325367,624655.8998633623,297.7230654059676,645275.5736861378,644866.2757962197,409.2979798613815,51241.23825585842,51198.76363152266,42.47462463378906,37674.014704898,37519.96523018181,154.0494728088379,45224.19274480641,45070.14326699078,154.0494728088379,263100.5780385435,263100.5780385435,0,280657.927798599,280657.927798599,0,306996.99914217,306996.99914217,0,0,0,0,0,0,0,293054.4283482878,292799.1799203306,255.2484278975753,.84868461,.84863639,.92472506,.80000001,.80000001,.7114132,
2012,709,1836.707630188,1053.477989196777,.5735687,502211.6173784137,501924.8952780664,286.7221978007583,476344.1176454425,476057.3955450952,286.7221978007583,645275.5736861378,644866.2757962197,409.2979798613815,34518.53658425808,34487.06287795305,31.47370624542236,37674.014704898,37519.96523018181,154.0494728088379,45224.19274480641,45070.14326699078,154.0494728088379,174638.6118962765,174638.6118962765,0,148771.1121633053,148771.1121633053,0,306996.99914217,306996.99914217,0,0,0,0,0,0,0,293054.4283482878,292799.1799203306,255.2484278975753,.65357053,.6534344,.86826879,.64999998,.64999998,.3234008,
2013,709,1836.707630188,1053.477989196777,.5735687,487730.0470651835,487436.4568300992,293.5903311072616,498607.5857378691,498313.9955027848,293.5903311072616,645275.5736861378,644866.2757962197,409.2979798613815,31529.04908639193,31490.70724272728,38.3418436050415,37674.014704898,37519.96523018181,154.0494728088379,45224.19274480641,45070.14326699078,154.0494728088379,163146.5666594505,163146.5666594505,0,174024.1053321362,174024.1053321362,0,306996.99914217,306996.99914217,0,0,0,0,0,0,0,293054.4283482878,292799.1799203306,255.2484278975753,.64824933,.64818156,.75535637,.34999999,.34999999,.35640967,
2014,709,1836.707630188,1053.477989196777,.5735687,363786.8192152381,363531.5697259009,255.2495864344965,349473.3547369838,349218.1052477658,255.2495864344965,645275.5736861378,644866.2757962197,409.2979798613815,22827.09163662791,22827.09049212933,.0011444983974798,37674.014704898,37519.96523018181,154.0494728088379,45224.19274480641,45070.14326699078,154.0494728088379,47905.26463162899,47905.26463162899,0,33591.80015349388,33591.80015349388,0,306996.99914217,306996.99914217,0,0,0,0,0,0,0,293054.4283482878,292799.1799203306,255.2484278975753,.45765781,.45754087,.6424439,.050000001,.050000001,0,
2015,709,1836.707630188,1053.477989196777,.5735687,340720.31073419,340451.3557530716,268.9550788699416,341366.8987157717,341097.9437346533,268.9550788699416,645275.5736861378,644866.2757962197,409.2979798613815,22524.09265486896,22510.3861426264,13.70651268959045,37674.014704898,37519.96523018181,154.0494728088379,45224.19274480641,45070.14326699078,154.0494728088379,25141.83427894115,25141.83427894115,0,25788.42226052284,25788.42226052284,0,306996.99914217,306996.99914217,0,0,0,0,0,0,0,293054.4283482878,292799.1799203306,255.2484278975753,.46817061,.46802446,.69890016,.2,.2,0,
2016,709,1836.707630188,1053.477989196777,.5735687,479408.687410593,479142.4140615761,266.2734465895919,512582.1944389343,512315.9210899174,266.2734465895919,645275.5736861378,644866.2757962197,409.2979798613815,28086.91975709796,28075.89480426908,11.02495300769806,37674.014704898,37519.96523018181,154.0494728088379,45224.19274480641,45070.14326699078,154.0494728088379,158267.3225152493,158267.3225152493,0,191440.8295435905,191440.8295435905,0,306996.99914217,306996.99914217,0,0,0,0,0,0,0,293054.4283482878,292799.1799203306,255.2484278975753,.7078523,.70776254,.84945011,.60000002,.60000002,.44486091,
2017,709,1836.707630188,1053.477989196777,.5735687,660254.9335031211,659958.5231407285,296.4104595481185,663130.2320401371,662833.8216777444,296.4104595481185,645275.5736861378,644866.2757962197,409.2979798613815,51354.32790070772,51313.16601800919,41.16188383102417,37674.014704898,37519.96523018181,154.0494728088379,45224.19274480641,45070.14326699078,154.0494728088379,315846.1960279644,315846.1960279644,0,318721.4945649803,318721.4945649803,0,306996.99914217,306996.99914217,0,0,0,0,0,0,0,293054.4283482878,292799.1799203306,255.2484278975753,.98948723,.98951644,.94354379,.85000008,.85000002,1,
2018,709,1836.707630188,1053.477989196777,.5735687,617725.6450642645,617465.5816901624,260.0634714065818,612299.115539223,612039.0521651208,260.0634714065818,645275.5736861378,644866.2757962197,409.2979798613815,26908.47847551107,26903.66357067227,4.814904689788818,37674.014704898,37519.96523018181,154.0494728088379,45224.19274480641,45070.14326699078,154.0494728088379,297762.701561451,297762.701561451,0,292336.1720364094,292336.1720364094,0,306996.99914217,306996.99914217,0,0,0,0,0,0,0,293054.4283482878,292799.1799203306,255.2484278975753,.74911046,.74910665,.75535637,.34999999,.34999999,.5684092,
2019,709,1836.707630188,1053.477989196777,.5735687,657273.0052346736,657006.0862846822,266.9190476237563,650010.8376440555,649743.918694064,266.9190476237563,645275.5736861378,644866.2757962197,409.2979798613815,42944.52254162729,42932.85209213197,11.67044985294342,37674.014704898,37519.96523018181,154.0494728088379,45224.19274480641,45070.14326699078,154.0494728088379,321274.0731010437,321274.0731010437,0,314011.9055104256,314011.9055104256,0,306996.99914217,306996.99914217,0,0,0,0,0,0,0,293054.4283482878,292799.1799203306,255.2484278975753,.96455437,.96459162,.90590632,.75,.75,.96232492,
2020,709,1836.707630188,1053.477989196777,.5735687,515652.8449831605,515391.7217623293,261.1233184038429,493483.480350554,493222.3571297228,261.1233184038429,645275.5736861378,644866.2757962197,409.2979798613815,26390.31196017563,26384.43724985421,5.874710083007813,37674.014704898,37519.96523018181,154.0494728088379,45224.19274480641,45070.14326699078,154.0494728088379,196208.0778448582,196208.0778448582,0,174038.7132122517,174038.7132122517,0,306996.99914217,306996.99914217,0,0,0,0,0,0,0,293054.4283482878,292799.1799203306,255.2484278975753,.64524746,.64521366,.69890016,.2,.2,.37219688,
2021,709,1836.707630188,1053.477989196777,.5735687,402871.4086993188,402614.355418399,257.0533782838611,429661.8258202523,429404.7725393325,257.0533782838611,645275.5736861378,644866.2757962197,409.2979798613815,25968.58596001565,25966.78108598292,1.804874017834663,37674.014704898,37519.96523018181,154.0494728088379,45224.19274480641,45070.14326699078,154.0494728088379,83848.42116165161,83848.42116165161,0,110638.8382825851,110638.8382825851,0,306996.99914217,306996.99914217,0,0,0,0,0,0,0,293054.4283482878,292799.1799203306,255.2484278975753,.55780393,.55775046,.6424439,.050000001,.050000001,.21049652,
2022,709,1836.707630188,1053.477989196777,.5735687,442071.6480541453,441815.2012844607,256.4468669517664,440217.0755198225,439960.628750138,256.4468669517664,645275.5736861378,644866.2757962197,409.2979798613815,21937.81255239248,21936.61426258087,1.198289811611176,37674.014704898,37519.96523018181,154.0494728088379,45224.19274480641,45070.14326699078,154.0494728088379,127079.4299051762,127079.4299051762,0,125224.8573708534,125224.8573708534,0,306996.99914217,306996.99914217,0,0,0,0,0,0,0,293054.4283482878,292799.1799203306,255.2484278975753,.53276742,.53269809,.6424439,.050000001,.050000001,.15787239,
2023,709,1836.707630188,1053.477989196777,.5735687,637526.5102648437,637265.7705128789,260.7398492394714,620026.0476710498,619765.307919085,260.7398492394714,645275.5736861378,644866.2757962197,409.2979798613815,54347.75458389521,54342.2632805109,5.491303503513336,37674.014704898,37519.96523018181,154.0494728088379,45224.19274480641,45070.14326699078,154.0494728088379,290124.35009408,290124.35009408,0,272623.8875002861,272623.8875002861,0,306996.99914217,306996.99914217,0,0,0,0,0,0,0,293054.4283482878,292799.1799203306,255.2484278975753,.95389044,.95386118,1,1,1,.90308249,
2024,709,1836.707630188,1053.477989196777,.5735687,617536.6313760579,617275.2141847014,261.4172882734565,626598.1267562211,626336.7095648646,261.4172882734565,645275.5736861378,644866.2757962197,409.2979798613815,28905.07681617141,28898.90796980262,6.168846249580383,37674.014704898,37519.96523018181,154.0494728088379,45224.19274480641,45070.14326699078,154.0494728088379,295577.1054909229,295577.1054909229,0,304638.6008710861,304638.6008710861,0,306996.99914217,306996.99914217,0,0,0,0,0,0,0,293054.4283482878,292799.1799203306,255.2484278975753,.74336505,.74334562,.77417511,.40000001,.40000001,.54896736,
1993,710,2951.959174022,1729.362152099609,.5858354,1048705.36122942,755385.7818607092,293319.5764623329,1050133.946866512,756814.3674978018,293319.5764623329,1195249.84919548,897825.8127368689,297424.031501834,448622.8021254539,364811.6153111458,83811.18870735168,445423.4219243526,357507.7622611523,87915.65820455551,445423.4219243526,357507.7622611523,87915.65820455551,201913.1885662824,201913.1885662824,0,203341.774203375,203341.774203375,0,351656.8945331573,351656.8945331573,0,0,0,0,0,0,0,398169.4488385364,188661.0578238964,209508.3892446205,.97392559,.96528786,1,1,1,.9113754,
1994,710,2951.959174022,1729.362152099609,.5858354,708097.0246448517,441672.6733941436,266424.3502622291,719825.6587862968,453401.3075355887,266424.3502622291,1195249.84919548,897825.8127368689,297424.031501834,256942.0117330551,200026.0897066593,56915.92236280441,445423.4219243526,357507.7622611523,87915.65820455551,445423.4219243526,357507.7622611523,87915.65820455551,52985.46227359772,52985.46227359772,0,64714.09641495347,64714.09641495347,0,351656.8945331573,351656.8945331573,0,0,0,0,0,0,0,398169.4488385364,188661.0578238964,209508.3892446205,.54622203,.44487128,.85220486,.5,.5,.091003187,
1995,710,2951.959174022,1729.362152099609,.5858354,1258147.956938744,960191.5456166267,297956.4010315582,1288629.501511574,990673.0901894569,297956.4010315582,1195249.84919548,897825.8127368689,297424.031501834,445013.2169492245,356565.2202980518,88447.99714660645,445423.4219243526,357507.7622611523,87915.65820455551,445423.4219243526,357507.7622611523,87915.65820455551,414965.3340720236,414965.3340720236,0,445446.8591136932,445446.8591136932,0,351656.8945331573,351656.8945331573,0,0,0,0,0,0,0,398169.4488385364,188661.0578238964,209508.3892446205,1,1,1,1,1,1,
1996,710,2951.959174022,1729.362152099609,.5858354,1231335.216506004,933222.7503094673,298112.4637189552,1186294.120615959,888181.6544194221,298112.4637189552,1195249.84919548,897825.8127368689,297424.031501834,456852.8880864382,368248.7951179743,88604.09156799316,432671.3258675337,344755.66571033,87915.65820455551,445423.4219243526,357507.7622611523,87915.65820455551,376312.9153089523,376312.9153089523,0,331271.8174657822,331271.8174657822,0,351656.8945331573,351656.8945331573,0,0,0,0,0,0,0,398169.4488385364,188661.0578238964,209508.3892446205,.89048743,.85420901,1,1,1,.62777668,
1997,710,2951.959174022,1729.362152099609,.5858354,1043082.278731108,754731.9357554913,288350.3432117149,1052557.544157743,764207.201182127,288350.3432117149,1195249.84919548,897825.8127368689,297424.031501834,425348.9815210104,346507.0516422987,78841.93131351471,431151.8934499025,343236.2386556864,87915.65820455551,445423.4219243526,357507.7622611523,87915.65820455551,219563.8492113352,219563.8492113352,0,229039.1165910959,229039.1165910959,0,351656.8945331573,351656.8945331573,0,0,0,0,0,0,0,398169.4488385364,188661.0578238964,209508.3892446205,.8957023,.86115146,1,1,1,.64550155,
1998,710,2951.959174022,1729.362152099609,.5858354,844031.3896346092,575891.9130954742,268139.4779630348,872338.0499639511,604198.5734243393,268139.4779630348,1195249.84919548,897825.8127368689,297424.031501834,328419.9955627918,269788.8659245968,58631.12762784958,422379.1247484684,334463.4694707394,87915.65820455551,445423.4219243526,357507.7622611523,87915.65820455551,117442.056728363,117442.056728363,0,145748.7209634781,145748.7209634781,0,351656.8945331573,351656.8945331573,0,0,0,0,0,0,0,398169.4488385364,188661.0578238964,209508.3892446205,.7653302,.68759078,1,1,1,.20237859,
1999,710,2951.959174022,1729.362152099609,.5858354,987505.1095471382,687760.3921890259,299744.7170177146,933730.4673750401,633985.7480638027,299744.7170177146,1195249.84919548,897825.8127368689,297424.031501834,455178.144405961,364941.8029438257,90236.34487438202,422379.1247484684,334463.4694707394,87915.65820455551,445423.4219243526,357507.7622611523,87915.65820455551,134157.5030708313,134157.5030708313,0,80382.85796904564,80382.85796904564,0,351656.8945331573,351656.8945331573,0,0,0,0,0,0,0,398169.4488385364,188661.0578238964,209508.3892446205,.7914046,.72230291,1,1,1,.2910032,
2000,710,2951.959174022,1729.362152099609,.5858354,1026418.131979465,790327.9429001808,236090.1873119518,1029507.844480515,793417.6554012299,236090.1873119518,1195249.84919548,897825.8127368689,297424.031501834,441863.457031846,415281.70721066,26581.75078082085,398868.1075884104,310952.4527989626,87915.65820455551,445423.4219243526,357507.7622611523,87915.65820455551,186385.286403656,186385.286403656,0,189474.998904705,189474.998904705,0,351656.8945331573,351656.8945331573,0,0,0,0,0,0,0,398169.4488385364,188661.0578238964,209508.3892446205,.74631423,.67206997,.97044098,.89999998,.89999998,.2644158,
2001,710,2951.959174022,1729.362152099609,.5858354,666020.2268432975,454476.6219156981,211543.6073215499,667802.528773725,456258.9238461256,211543.6073215499,1195249.84919548,897825.8127368689,297424.031501834,230539.4880631566,228504.2340224385,2035.254140764475,391926.7412500978,304011.0859742761,87915.65820455551,445423.4219243526,357507.7622611523,87915.65820455551,37311.30089712143,37311.30089712143,0,39093.60282754898,39093.60282754898,0,351656.8945331573,351656.8945331573,0,0,0,0,0,0,0,398169.4488385364,188661.0578238964,209508.3892446205,.52495795,.42733705,.81968993,.38999999,.38999999,.15806627,
2002,710,2951.959174022,1729.362152099609,.5858354,752151.69570297,534420.6688536406,217731.0253900334,749716.6502150893,531985.6233657598,217731.0253900334,1195249.84919548,897825.8127368689,297424.031501834,293467.389490366,285244.72773242,8222.661773085594,391926.7412500978,304011.0859742761,87915.65820455551,445423.4219243526,357507.7622611523,87915.65820455551,60514.83945894241,60514.83945894241,0,58079.79397106171,58079.79397106171,0,351656.8945331573,351656.8945331573,0,0,0,0,0,0,0,398169.4488385364,188661.0578238964,209508.3892446205,.6483112,.56119049,.91132289,.69999999,.69999999,.18465367,
2003,710,2951.959174022,1729.362152099609,.5858354,892096.7071422338,651843.9174931645,240252.7869370624,892938.7400983572,652685.9504492879,240252.7869370624,1195249.84919548,897825.8127368689,297424.031501834,352585.5521969199,321841.1961721778,30744.35703277588,391926.7412500978,304011.0859742761,87915.65820455551,445423.4219243526,357507.7622611523,87915.65820455551,141341.6835064888,141341.6835064888,0,142183.7164626122,142183.7164626122,0,351656.8945331573,351656.8945331573,0,0,0,0,0,0,0,398169.4488385364,188661.0578238964,209508.3892446205,.71502495,.63041538,.97044098,.89999998,.89999998,.15806627,
2004,710,2951.959174022,1729.362152099609,.5858354,764791.6615005136,472375.4244804382,292416.2394228622,822795.57793051,530379.3370041847,292416.2394228622,1195249.84919548,897825.8127368689,297424.031501834,332823.9649057984,249916.0966883302,82907.86574792862,391148.0795430541,303232.4232353568,87915.65820455551,445423.4219243526,357507.7622611523,87915.65820455551,33798.28761577606,33798.28761577606,0,91802.20404577255,91802.20404577255,0,351656.8945331573,351656.8945331573,0,0,0,0,0,0,0,398169.4488385364,188661.0578238964,209508.3892446205,.62967718,.54128081,.89654338,.64999998,.64999998,.18465367,
2005,710,2951.959174022,1729.362152099609,.5858354,1310872.145069122,1055907.582383156,254964.5607395812,1314090.72135973,1059126.150861263,254964.5607395812,1195249.84919548,897825.8127368689,297424.031501834,511601.3213126659,466145.1364057064,45456.18675327301,391148.0795430541,303232.4232353568,87915.65820455551,445423.4219243526,357507.7622611523,87915.65820455551,401101.379196167,401101.379196167,0,404319.9515805244,404319.9515805244,0,351656.8945331573,351656.8945331573,0,0,0,0,0,0,0,398169.4488385364,188661.0578238964,209508.3892446205,.96273196,.9601807,.97044098,.89999998,.89999998,1,
2006,710,2951.959174022,1729.362152099609,.5858354,1160684.719982624,822493.4698491096,338191.2521081611,1101633.007181883,763441.7550952435,338191.2521081611,1195249.84919548,897825.8127368689,297424.031501834,472835.3416162729,408695.4429637194,64139.89562797546,391148.0795430541,303232.4232353568,87915.65820455551,445423.4219243526,357507.7622611523,87915.65820455551,289679.9855149388,225136.9855149388,64543,230628.2585513964,166085.2585513964,64543,351656.8945331573,351656.8945331573,0,0,0,0,0,0,0,398169.4488385364,188661.0578238964,209508.3892446205,1,1,1,1,1,1,
2007,710,2951.959174022,1729.362152099609,.5858354,803312.7079533339,542110.4610641003,261202.2510905906,798553.0457953215,537350.7989060879,261202.2510905906,1195249.84919548,897825.8127368689,297424.031501834,384918.9797502756,333225.093870759,51693.88499307632,391148.0795430541,303232.4232353568,87915.65820455551,445423.4219243526,357507.7622611523,87915.65820455551,20224.23591804504,20224.23591804504,0,15464.57440090179,15464.57440090179,0,351656.8945331573,351656.8945331573,0,0,0,0,0,0,0,398169.4488385364,188661.0578238964,209508.3892446205,.57846993,.47800735,.88176388,.60000002,.60000002,.073940091,
2008,710,2951.959174022,1729.362152099609,.5858354,726715.0949393511,501157.2244639397,225557.8670477315,722938.3358489275,497380.4653735161,225557.8670477315,1195249.84919548,897825.8127368689,297424.031501834,264781.6366675496,248732.1280568242,16049.50760436058,391148.0795430541,303232.4232353568,87915.65820455551,445423.4219243526,357507.7622611523,87915.65820455551,63764.12932014465,63764.12932014465,0,59987.37022972107,59987.37022972107,0,351656.8945331573,351656.8945331573,0,0,0,0,0,0,0,398169.4488385364,188661.0578238964,209508.3892446205,.60131127,.53290182,.80786633,.34999999,.34999999,.46825236,
2009,710,2951.959174022,1729.362152099609,.5858354,784777.5719002485,573367.2107499242,211410.3640720143,811367.8773001432,599957.5161498189,211410.3640720143,1195249.84919548,897825.8127368689,297424.031501834,275551.244689405,273649.2356538177,1902.008928984404,391148.0795430541,303232.4232353568,87915.65820455551,445423.4219243526,357507.7622611523,87915.65820455551,111056.8005466461,111056.8005466461,0,137647.1059617996,137647.1059617996,0,351656.8945331573,351656.8945331573,0,0,0,0,0,0,0,398169.4488385364,188661.0578238964,209508.3892446205,.55488396,.46619719,.82264584,.40000001,.40000001,.24711485,
2010,710,2951.959174022,1729.362152099609,.5858354,852879.1703303456,638025.9384429455,214853.2340600535,849331.7741850019,634478.5422976017,214853.2340600535,1195249.84919548,897825.8127368689,297424.031501834,247444.0562566519,242099.2288588285,5344.827805310488,385533.4993712306,297617.8387262225,87915.65820455551,445423.4219243526,357507.7622611523,87915.65820455551,207265.6550035477,207265.6550035477,0,203718.2588582039,203718.2588582039,0,351656.8945331573,351656.8945331573,0,0,0,0,0,0,0,398169.4488385364,188661.0578238964,209508.3892446205,.59202725,.50585043,.85220486,.5,.5,.24669088,
2011,710,2951.959174022,1729.362152099609,.5858354,1092028.657653809,858280.1559042931,233748.5039665147,1088726.624722481,854978.1229729652,233748.5039665147,1195249.84919548,897825.8127368689,297424.031501834,430361.6688110828,406121.5048663616,24240.16493546963,385533.4993712306,297617.8387262225,87915.65820455551,445423.4219243526,357507.7622611523,87915.65820455551,263497.722858429,263497.722858429,0,260195.6899271011,260195.6899271011,0,351656.8945331573,351656.8945331573,0,0,0,0,0,0,0,398169.4488385364,188661.0578238964,209508.3892446205,.71686858,.64266431,.94088197,.80000001,.80000001,.2910032,
2012,710,2951.959174022,1729.362152099609,.5858354,713265.3363896012,485795.0012674332,227470.3370332166,693481.9111066461,466011.575984478,227470.3370332166,1195249.84919548,897825.8127368689,297424.031501834,291522.0768284202,273560.1086034179,17961.96773004532,385533.4993712306,297617.8387262225,87915.65820455551,445423.4219243526,357507.7622611523,87915.65820455551,23573.91956853867,23573.91956853867,0,3790.494285583496,3790.494285583496,0,351656.8945331573,351656.8945331573,0,0,0,0,0,0,0,398169.4488385364,188661.0578238964,209508.3892446205,.59208375,.49123377,.89654338,.64999998,.64999998,.056876995,
2013,710,2951.959174022,1729.362152099609,.5858354,689769.6812655926,458379.7153365016,231389.9647339031,689770.0609855652,458380.0950564742,231389.9647339031,1195249.84919548,897825.8127368689,297424.031501834,271673.8270439506,249792.2316021323,21881.59593117237,385533.4993712306,297617.8387262225,87915.65820455551,445423.4219243526,357507.7622611523,87915.65820455551,19926.34102845192,19926.34102845192,0,19926.72074842453,19926.72074842453,0,351656.8945331573,351656.8945331573,0,0,0,0,0,0,0,398169.4488385364,188661.0578238964,209508.3892446205,.48429582,.37712249,.80786633,.34999999,.34999999,.070527472,
2014,710,2951.959174022,1729.362152099609,.5858354,591158.2078275681,381649.2108902335,209508.9950751476,591157.6311211661,381648.6341838315,209508.9950751476,1195249.84919548,897825.8127368689,297424.031501834,181070.9049776196,181070.2518089414,.6531624449235096,385533.4993712306,297617.8387262225,87915.65820455551,445423.4219243526,357507.7622611523,87915.65820455551,11917.71915584803,11917.71915584803,0,11917.14244944602,11917.14244944602,0,351656.8945331573,351656.8945331573,0,0,0,0,0,0,0,398169.4488385364,188661.0578238964,209508.3892446205,.35174167,.2300407,.71918929,.050000001,.050000001,0,
2015,710,2951.959174022,1729.362152099609,.5858354,587582.5190271139,370251.8341222405,217330.6870878979,587723.5076028109,370392.8226979375,217330.6870878979,1195249.84919548,897825.8127368689,297424.031501834,186380.3428602815,178558.0698962808,7822.273209095001,385533.4993712306,297617.8387262225,87915.65820455551,445423.4219243526,357507.7622611523,87915.65820455551,3032.757926702499,3032.757926702499,0,3173.746502399445,3173.746502399445,0,351656.8945331573,351656.8945331573,0,0,0,0,0,0,0,398169.4488385364,188661.0578238964,209508.3892446205,.40764374,.28976962,.76352781,.2,.2,0,
2016,710,2951.959174022,1729.362152099609,.5858354,710760.4651729465,494960.1793242693,215800.2838744565,762954.6094166636,546347.3235679865,216607.2838744565,1195249.84919548,897825.8127368689,297424.031501834,228997.0083786249,222705.0942860842,6291.913605391979,385533.4993712306,297617.8387262225,87915.65820455551,445423.4219243526,357507.7622611523,87915.65820455551,83593.99538755417,83593.99538755417,0,135788.1396312714,134981.1396312714,807,351656.8945331573,351656.8945331573,0,0,0,0,0,0,0,398169.4488385364,188661.0578238964,209508.3892446205,.61623591,.52828413,.88176388,.60000002,.60000002,.20230331,
2017,710,2951.959174022,1729.362152099609,.5858354,1083871.367397547,850064.958460927,233806.4056666538,1038179.274601221,805179.8656646013,232999.4056666538,1195249.84919548,897825.8127368689,297424.031501834,430519.9608893394,407028.9743285179,23490.98612725735,385533.4993712306,297617.8387262225,87915.65820455551,445423.4219243526,357507.7622611523,87915.65820455551,255181.9207708091,254374.9207708091,807,209489.8279744834,209489.8279744834,0,351656.8945331573,351656.8945331573,0,0,0,0,0,0,0,398169.4488385364,188661.0578238964,209508.3892446205,.94409794,.94027108,.95566148,.85000002,.84999996,1,
2018,710,2951.959174022,1729.362152099609,.5858354,702030.5064982772,489774.2381452322,212256.2662237778,715803.8963817954,503547.6280287504,212256.2662237778,1195249.84919548,897825.8127368689,297424.031501834,216154.5074772239,213406.6531943679,2747.854312628508,385533.4993712306,297617.8387262225,87915.65820455551,445423.4219243526,357507.7622611523,87915.65820455551,87706.5144572258,87706.5144572258,0,101479.904340744,101479.904340744,0,351656.8945331573,351656.8945331573,0,0,0,0,0,0,0,398169.4488385364,188661.0578238964,209508.3892446205,.5171839,.42090547,.80786633,.34999999,.34999999,.18231116,
2019,710,2951.959174022,1729.362152099609,.5858354,1000847.964290619,784679.2383702993,216168.7266230031,984023.4491615295,767854.72324121,216168.7266230031,1195249.84919548,897825.8127368689,297424.031501834,347214.5235632658,340554.22587955,6660.297240078449,385533.4993712306,297617.8387262225,87915.65820455551,445423.4219243526,357507.7622611523,87915.65820455551,255464.0098075867,255464.0098075867,0,238639.4946784973,238639.4946784973,0,351656.8945331573,351656.8945331573,0,0,0,0,0,0,0,398169.4488385364,188661.0578238964,209508.3892446205,.90682989,.90045178,.92610246,.75,.75,1,
2020,710,2951.959174022,1729.362152099609,.5858354,651000.5559235811,438139.4383452535,212861.1199537262,647408.7754532099,434547.6578748822,212861.1199537262,1195249.84919548,897825.8127368689,297424.031501834,212640.7043842077,209288.0218952894,3352.682694852352,385533.4993712306,297617.8387262225,87915.65820455551,445423.4219243526,357507.7622611523,87915.65820455551,40190.33473587036,40190.33473587036,0,36598.55426549911,36598.55426549911,0,351656.8945331573,351656.8945331573,0,0,0,0,0,0,0,398169.4488385364,188661.0578238964,209508.3892446205,.42939779,.31873021,.76352781,.2,.2,.073940091,
2021,710,2951.959174022,1729.362152099609,.5858354,612884.5297040939,402346.1134867072,210538.4145721539,638423.3419634104,427884.9257460237,210538.4145721539,1195249.84919548,897825.8127368689,297424.031501834,207005.1136549115,205975.07630831,1030.037141516805,385533.4993712306,297617.8387262225,87915.65820455551,445423.4219243526,357507.7622611523,87915.65820455551,7709.957817196846,7709.957817196846,0,33248.77007651329,33248.77007651329,0,351656.8945331573,351656.8945331573,0,0,0,0,0,0,0,398169.4488385364,188661.0578238964,209508.3892446205,.36512882,.24786258,.71918929,.050000001,.050000001,.045501594,
2022,710,2951.959174022,1729.362152099609,.5858354,623975.7274359465,413783.4486830831,210192.2810922123,635063.3344243765,424871.0556715131,210192.2810922123,1195249.84919548,897825.8127368689,297424.031501834,174690.6224733591,174006.7612859011,683.8610608503222,385533.4993712306,297617.8387262225,87915.65820455551,445423.4219243526,357507.7622611523,87915.65820455551,51115.74628353119,51115.74628353119,0,62203.35327196121,62203.35327196121,0,351656.8945331573,351656.8945331573,0,0,0,0,0,0,0,398169.4488385364,188661.0578238964,209508.3892446205,.36178201,.24340712,.71918929,.050000001,.050000001,.034126196,
2023,710,2951.959174022,1729.362152099609,.5858354,1089056.182106137,876413.9053053856,212642.2748736187,1053519.230965734,840876.9541649818,212642.2748736187,1195249.84919548,897825.8127368689,297424.031501834,434190.3904336691,431056.5170673132,3133.873313814402,385533.4993712306,297617.8387262225,87915.65820455551,445423.4219243526,357507.7622611523,87915.65820455551,256696.2709321976,256696.2709321976,0,221159.3197917938,221159.3197917938,0,351656.8945331573,351656.8945331573,0,0,0,0,0,0,0,398169.4488385364,188661.0578238964,209508.3892446205,.92177671,.89586359,1,1,1,.73412621,
2024,710,2951.959174022,1729.362152099609,.5858354,736805.7681493163,523776.8769882917,213028.8893863901,735716.2996434569,522687.4084824324,213028.8893863901,1195249.84919548,897825.8127368689,297424.031501834,232753.9678903222,229233.4223962426,3520.545472979546,385533.4993712306,297617.8387262225,87915.65820455551,445423.4219243526,357507.7622611523,87915.65820455551,105882.3643331528,105882.3643331528,0,104792.8958272934,104792.8958272934,0,351656.8945331573,351656.8945331573,0,0,0,0,0,0,0,398169.4488385364,188661.0578238964,209508.3892446205,.51230079,.40950745,.82264584,.40000001,.40000001,.10237858,
1993,801,10234.67077880005,212.0147474743426,.020715347,88385.57582770297,85242.60052654147,3142.975301161501,88385.57582770297,85242.60052654147,3142.975301161501,88387.82475383871,85242.60052654147,3145.224227297229,1.67537449309566,0,1.67537449309566,4.377104529761709,0,4.377104529761709,3.924300628823403,0,3.924300628823403,0,0,0,0,0,0,0,0,0,0,0,0,0,0,0,88383.90045320988,85242.60052654147,3141.299926668406,1,1,1,,1,,
1994,801,10234.67077880005,212.0147474743426,.020715347,88385.756949241,85242.60052654147,3143.156422699525,88385.756949241,85242.60052654147,3143.156422699525,88387.82475383871,85242.60052654147,3145.224227297229,1.856496031119605,0,1.856496031119605,4.528039165896189,0,4.528039165896189,3.924300628823403,0,3.924300628823403,0,0,0,0,0,0,0,0,0,0,0,0,0,0,0,88383.90045320988,85242.60052654147,3141.299926668406,.99997783,1,.99937618,,.5,,
1995,801,10234.67077880005,212.0147474743426,.020715347,88385.06264993304,85242.60052654147,3142.462123391577,88385.06264993304,85242.60052654147,3142.462123391577,88387.82475383871,85242.60052654147,3145.224227297229,1.162196723171292,0,1.162196723171292,4.716707367930212,0,4.716707367930212,3.924300628823403,0,3.924300628823403,0,0,0,0,0,0,0,0,0,0,0,0,0,0,0,88383.90045320988,85242.60052654147,3141.299926668406,1,1,1,,1,,
1996,801,10234.67077880005,212.0147474743426,.020715347,88385.25886495368,85242.60052654147,3142.658338412213,88385.25886495368,85242.60052654147,3142.658338412213,88387.82475383871,85242.60052654147,3145.224227297229,1.358411743807665,0,1.358411743807665,4.905375569956959,0,4.905375569956959,3.924300628823403,0,3.924300628823403,0,0,0,0,0,0,0,0,0,0,0,0,0,0,0,88383.90045320988,85242.60052654147,3141.299926668406,1,1,1,,1,,
1997,801,10234.67077880005,212.0147474743426,.020715347,88384.77210075178,85242.60052654147,3142.171574210318,88384.77210075178,85242.60052654147,3142.171574210318,88387.82475383871,85242.60052654147,3145.224227297229,.8716475419123526,0,.8716475419123526,5.094043891200272,0,5.094043891200272,3.924300628823403,0,3.924300628823403,0,0,0,0,0,0,0,0,0,0,0,0,0,0,0,88383.90045320988,85242.60052654147,3141.299926668406,1,1,1,,1,,
1998,801,10234.67077880005,212.0147474743426,.020715347,88383.90045320988,85242.60052654147,3141.299926668406,88383.90045320988,85242.60052654147,3141.299926668406,88387.82475383871,85242.60052654147,3145.224227297229,0,0,0,5.282712346554035,0,5.282712346554035,3.924300628823403,0,3.924300628823403,0,0,0,0,0,0,0,0,0,0,0,0,0,0,0,88383.90045320988,85242.60052654147,3141.299926668406,1,1,1,,1,,
1999,801,10234.67077880005,212.0147474743426,.020715347,88383.90045320988,85242.60052654147,3141.299926668406,88383.90045320988,85242.60052654147,3141.299926668406,88387.82475383871,85242.60052654147,3145.224227297229,0,0,0,5.471380660346767,0,5.471380660346767,3.924300628823403,0,3.924300628823403,0,0,0,0,0,0,0,0,0,0,0,0,0,0,0,88383.90045320988,85242.60052654147,3141.299926668406,1,1,1,,1,,
2000,801,10234.67077880005,212.0147474743426,.020715347,88383.90045320988,85242.60052654147,3141.299926668406,88383.90045320988,85242.60052654147,3141.299926668406,88387.82475383871,85242.60052654147,3145.224227297229,0,0,0,5.697782562383509,0,5.697782562383509,3.924300628823403,0,3.924300628823403,0,0,0,0,0,0,0,0,0,0,0,0,0,0,0,88383.90045320988,85242.60052654147,3141.299926668406,.99999559,1,.99987525,,.89999998,,
2001,801,10234.67077880005,212.0147474743426,.020715347,88383.90045320988,85242.60052654147,3141.299926668406,88383.90045320988,85242.60052654147,3141.299926668406,88387.82475383871,85242.60052654147,3145.224227297229,0,0,0,5.924184553834493,0,5.924184553834493,3.924300628823403,0,3.924300628823403,0,0,0,0,0,0,0,0,0,0,0,0,0,0,0,88383.90045320988,85242.60052654147,3141.299926668406,.99997294,1,.99923891,,.38999999,,
2002,801,10234.67077880005,212.0147474743426,.020715347,88383.90045320988,85242.60052654147,3141.299926668406,88383.90045320988,85242.60052654147,3141.299926668406,88387.82475383871,85242.60052654147,3145.224227297229,0,0,0,6.150586455878511,0,6.150586455878511,3.924300628823403,0,3.924300628823403,0,0,0,0,0,0,0,0,0,0,0,0,0,0,0,88383.90045320988,85242.60052654147,3141.299926668406,.99998671,1,.99962568,,.69999999,,
2003,801,10234.67077880005,212.0147474743426,.020715347,88383.90045320988,85242.60052654147,3141.299926668406,88383.90045320988,85242.60052654147,3141.299926668406,88387.82475383871,85242.60052654147,3145.224227297229,0,0,0,6.376988484582398,0,6.376988484582398,3.924300628823403,0,3.924300628823403,0,0,0,0,0,0,0,0,0,0,0,0,0,0,0,88383.90045320988,85242.60052654147,3141.299926668406,.99999559,1,.99987525,,.89999998,,
2004,801,10234.67077880005,212.0147474743426,.020715347,88383.90045320988,85242.60052654147,3141.299926668406,88383.90045320988,85242.60052654147,3141.299926668406,88387.82475383871,85242.60052654147,3145.224227297229,0,0,0,0,0,0,3.924300628823403,0,3.924300628823403,0,0,0,0,0,0,0,0,0,0,0,0,0,0,0,88383.90045320988,85242.60052654147,3141.299926668406,.99998444,1,.99956328,,.64999998,,
2005,801,10234.67077880005,212.0147474743426,.020715347,88383.90045320988,85242.60052654147,3141.299926668406,88383.90045320988,85242.60052654147,3141.299926668406,88387.82475383871,85242.60052654147,3145.224227297229,0,0,0,0,0,0,3.924300628823403,0,3.924300628823403,0,0,0,0,0,0,0,0,0,0,0,0,0,0,0,88383.90045320988,85242.60052654147,3141.299926668406,.99999559,1,.99987525,,.89999998,,
2006,801,10234.67077880005,212.0147474743426,.020715347,88383.90045320988,85242.60052654147,3141.299926668406,88383.90045320988,85242.60052654147,3141.299926668406,88387.82475383871,85242.60052654147,3145.224227297229,0,0,0,1.222570558624284,0,1.222570558624284,3.924300628823403,0,3.924300628823403,0,0,0,0,0,0,0,0,0,0,0,0,0,0,0,88383.90045320988,85242.60052654147,3141.299926668406,1,1,1,,1,,
2007,801,10234.67077880005,212.0147474743426,.020715347,88383.90045320988,85242.60052654147,3141.299926668406,88383.90045320988,85242.60052654147,3141.299926668406,88387.82475383871,85242.60052654147,3145.224227297229,0,0,0,2.716823487615329,0,2.716823487615329,3.924300628823403,0,3.924300628823403,0,0,0,0,0,0,0,0,0,0,0,0,0,0,0,88383.90045320988,85242.60052654147,3141.299926668406,.99998224,1,.99950093,,.60000002,,
2008,801,10234.67077880005,212.0147474743426,.020715347,88384.81738113816,85242.60052654147,3142.216854596687,88384.81738113816,85242.60052654147,3142.216854596687,88387.82475383871,85242.60052654147,3145.224227297229,.9169279282814387,0,.9169279282814387,7.622199117176933,0,7.622199117176933,3.924300628823403,0,3.924300628823403,0,0,0,0,0,0,0,0,0,0,0,0,0,0,0,88383.90045320988,85242.60052654147,3141.299926668406,.99997115,1,.99918902,,.34999999,,
2009,801,10234.67077880005,212.0147474743426,.020715347,88384.65512638495,85242.60052654147,3142.054599843475,88384.65512638495,85242.60052654147,3142.054599843475,88387.82475383871,85242.60052654147,3145.224227297229,.7546731750690014,0,.7546731750690014,7.886335061964928,0,7.886335061964928,3.924300628823403,0,3.924300628823403,0,0,0,0,0,0,0,0,0,0,0,0,0,0,0,88383.90045320988,85242.60052654147,3141.299926668406,.99997336,1,.99925137,,.40000001,,
2010,801,10234.67077880005,212.0147474743426,.020715347,88384.81738113816,85242.60052654147,3142.216854596687,88384.81738113816,85242.60052654147,3142.216854596687,88387.82475383871,85242.60052654147,3145.224227297229,.9169279282814387,0,.9169279282814387,8.150470529901213,0,8.150470529901213,3.924300628823403,0,3.924300628823403,0,0,0,0,0,0,0,0,0,0,0,0,0,0,0,88383.90045320988,85242.60052654147,3141.299926668406,.99997783,1,.99937618,,.5,,
2011,801,10234.67077880005,212.0147474743426,.020715347,88384.27024307846,85242.60052654147,3141.669716536986,88384.27024307846,85242.60052654147,3141.669716536986,88387.82475383871,85242.60052654147,3145.224227297229,.3697898685800283,0,.3697898685800283,8.452339563751593,0,8.452339563751593,3.924300628823403,0,3.924300628823403,0,0,0,0,0,0,0,0,0,0,0,0,0,0,0,88383.90045320988,85242.60052654147,3141.299926668406,.99999112,1,.99975044,,.80000001,,
2012,801,10234.67077880005,212.0147474743426,.020715347,88384.19854911661,85242.60052654147,3141.598022575137,88384.19854911661,85242.60052654147,3141.598022575137,88387.82475383871,85242.60052654147,3145.224227297229,.2980959067317599,0,.2980959067317599,8.754209059523419,0,8.754209059523419,3.924300628823403,0,3.924300628823403,0,0,0,0,0,0,0,0,0,0,0,0,0,0,0,88383.90045320988,85242.60052654147,3141.299926668406,.99998444,1,.99956328,,.64999998,,
2013,801,10234.67077880005,212.0147474743426,.020715347,88385.28150513196,85242.60052654147,3142.680978590497,88385.28150513196,85242.60052654147,3142.680978590497,88387.82475383871,85242.60052654147,3145.224227297229,1.381051922091501,0,1.381051922091501,9.093811897691921,0,9.093811897691921,3.924300628823403,0,3.924300628823403,0,0,0,0,0,0,0,0,0,0,0,0,0,0,0,88383.90045320988,85242.60052654147,3141.299926668406,.99997115,1,.99918902,,.34999999,,
2014,801,10234.67077880005,212.0147474743426,.020715347,88384.84756807171,85242.60052654147,3142.247041530247,88384.84756807171,85242.60052654147,3142.247041530247,88387.82475383871,85242.60052654147,3145.224227297229,.9471148618413281,0,.9471148618413281,9.433414735860424,0,9.433414735860424,3.924300628823403,0,3.924300628823403,0,0,0,0,0,0,0,0,0,0,0,0,0,0,0,88383.90045320988,85242.60052654147,3141.299926668406,.9999578,1,.9988147,,.050000001,,
2015,801,10234.67077880005,212.0147474743426,.020715347,88384.9758624979,85242.60052654147,3142.375335956429,88384.9758624979,85242.60052654147,3142.375335956429,88387.82475383871,85242.60052654147,3145.224227297229,1.075409288023366,0,1.075409288023366,9.810751139913918,0,9.810751139913918,3.924300628823403,0,3.924300628823403,0,0,0,0,0,0,0,0,0,0,0,0,0,0,0,88383.90045320988,85242.60052654147,3141.299926668406,.99996448,1,.99900186,,.2,,
2016,801,10234.67077880005,212.0147474743426,.020715347,88385.36074581183,85242.60052654147,3142.760219270369,88385.36074581183,85242.60052654147,3142.760219270369,88387.82475383871,85242.60052654147,3145.224227297229,1.460292601963374,0,1.460292601963374,10.18808778240054,0,10.18808778240054,3.924300628823403,0,3.924300628823403,0,0,0,0,0,0,0,0,0,0,0,0,0,0,0,88383.90045320988,85242.60052654147,3141.299926668406,.99998224,1,.99950093,,.60000002,,
2017,801,10234.67077880005,212.0147474743426,.020715347,88385.2701850391,85242.60052654147,3142.669658497631,88385.2701850391,85242.60052654147,3142.669658497631,88387.82475383871,85242.60052654147,3145.224227297229,1.369731829225202,0,1.369731829225202,10.18808778240054,0,10.18808778240054,3.924300628823403,0,3.924300628823403,0,0,0,0,0,0,0,0,0,0,0,0,0,0,0,88383.90045320988,85242.60052654147,3141.299926668406,.99999332,1,.99981284,,.85000002,,
2018,801,10234.67077880005,212.0147474743426,.020715347,88385.81732317145,85242.60052654147,3143.216796629975,88385.81732317145,85242.60052654147,3143.216796629975,88387.82475383871,85242.60052654147,3145.224227297229,1.916869961569319,0,1.916869961569319,10.18808778240054,0,10.18808778240054,3.924300628823403,0,3.924300628823403,0,0,0,0,0,0,0,0,0,0,0,0,0,0,0,88383.90045320988,85242.60052654147,3141.299926668406,.99997115,1,.99918902,,.34999999,,
2019,801,10234.67077880005,212.0147474743426,.020715347,88385.5456408048,85242.60052654147,3142.945114263332,88385.5456408048,85242.60052654147,3142.945114263332,88387.82475383871,85242.60052654147,3145.224227297229,1.645187594926028,0,1.645187594926028,10.18808778240054,0,10.18808778240054,3.924300628823403,0,3.924300628823403,0,0,0,0,0,0,0,0,0,0,0,0,0,0,0,88383.90045320988,85242.60052654147,3141.299926668406,.99998891,1,.99968809,,.75,,
2020,801,10234.67077880005,212.0147474743426,.020715347,88385.43243976252,85242.60052654147,3142.83191322104,88385.43243976252,85242.60052654147,3142.83191322104,88387.82475383871,85242.60052654147,3145.224227297229,1.531986552634407,0,1.531986552634407,10.18808778240054,0,10.18808778240054,3.924300628823403,0,3.924300628823403,0,0,0,0,0,0,0,0,0,0,0,0,0,0,0,88383.90045320988,85242.60052654147,3141.299926668406,.99996448,1,.99900186,,.2,,
2021,801,10234.67077880005,212.0147474743426,.020715347,88385.33055888201,85242.60052654147,3142.730032340534,88385.33055888201,85242.60052654147,3142.730032340534,88387.82475383871,85242.60052654147,3145.224227297229,1.430105672128775,0,1.430105672128775,10.18808778240054,0,10.18808778240054,3.924300628823403,0,3.924300628823403,0,0,0,0,0,0,0,0,0,0,0,0,0,0,0,88383.90045320988,85242.60052654147,3141.299926668406,.9999578,1,.9988147,,.050000001,,
2022,801,10234.67077880005,212.0147474743426,.020715347,88385.57960104056,85242.60052654147,3142.979074499091,88385.57960104056,85242.60052654147,3142.979074499091,88387.82475383871,85242.60052654147,3145.224227297229,1.679147830685906,0,1.679147830685906,10.18808778240054,0,10.18808778240054,3.924300628823403,0,3.924300628823403,0,0,0,0,0,0,0,0,0,0,0,0,0,0,0,88383.90045320988,85242.60052654147,3141.299926668406,.9999578,1,.9988147,,.050000001,,
2023,801,10234.67077880005,212.0147474743426,.020715347,88385.23999811112,85242.60052654147,3142.639471569659,88385.23999811112,85242.60052654147,3142.639471569659,88387.82475383871,85242.60052654147,3145.224227297229,1.339544901253248,0,1.339544901253248,10.18808778240054,0,10.18808778240054,3.924300628823403,0,3.924300628823403,0,0,0,0,0,0,0,0,0,0,0,0,0,0,0,88383.90045320988,85242.60052654147,3141.299926668406,1,1,1,,1,,
2024,801,10234.67077880005,212.0147474743426,.020715347,88385.38715935007,85242.60052654147,3142.786632808595,88385.38715935007,85242.60052654147,3142.786632808595,88387.82475383871,85242.60052654147,3145.224227297229,1.486706140189199,0,1.486706140189199,10.18808778240054,0,10.18808778240054,3.924300628823403,0,3.924300628823403,0,0,0,0,0,0,0,0,0,0,0,0,0,0,0,88383.90045320988,85242.60052654147,3141.299926668406,.99997336,1,.99925137,,.40000001,,
1993,802,5624.7535597945,2.527322861365974,.00044932152,142554.5945703983,131988.3007441089,10566.29499052465,142554.5945703983,131988.3007441089,10566.29499052465,142554.5945703983,131988.3007441089,10566.29499052465,0,0,0,0,0,0,0,0,0,0,0,0,0,0,0,0,0,0,0,0,0,0,0,0,142554.5945703983,131988.3007441089,10566.29381866008,1,1,1,,,,
1994,802,5624.7535597945,2.527322861365974,.00044932152,142554.5945703983,131988.3007441089,10566.29499052465,142554.5945703983,131988.3007441089,10566.29499052465,142554.5945703983,131988.3007441089,10566.29499052465,0,0,0,0,0,0,0,0,0,0,0,0,0,0,0,0,0,0,0,0,0,0,0,0,142554.5945703983,131988.3007441089,10566.29381866008,1,1,1,,,,
1995,802,5624.7535597945,2.527322861365974,.00044932152,142554.5945703983,131988.3007441089,10566.29499052465,142554.5945703983,131988.3007441089,10566.29499052465,142554.5945703983,131988.3007441089,10566.29499052465,0,0,0,0,0,0,0,0,0,0,0,0,0,0,0,0,0,0,0,0,0,0,0,0,142554.5945703983,131988.3007441089,10566.29381866008,1,1,1,,,,
1996,802,5624.7535597945,2.527322861365974,.00044932152,142554.5945703983,131988.3007441089,10566.29499052465,142554.5945703983,131988.3007441089,10566.29499052465,142554.5945703983,131988.3007441089,10566.29499052465,0,0,0,0,0,0,0,0,0,0,0,0,0,0,0,0,0,0,0,0,0,0,0,0,142554.5945703983,131988.3007441089,10566.29381866008,1,1,1,,,,
1997,802,5624.7535597945,2.527322861365974,.00044932152,142554.5945703983,131988.3007441089,10566.29499052465,142554.5945703983,131988.3007441089,10566.29499052465,142554.5945703983,131988.3007441089,10566.29499052465,0,0,0,0,0,0,0,0,0,0,0,0,0,0,0,0,0,0,0,0,0,0,0,0,142554.5945703983,131988.3007441089,10566.29381866008,1,1,1,,,,
1998,802,5624.7535597945,2.527322861365974,.00044932152,142554.5945703983,131988.3007441089,10566.29499052465,142554.5945703983,131988.3007441089,10566.29499052465,142554.5945703983,131988.3007441089,10566.29499052465,0,0,0,0,0,0,0,0,0,0,0,0,0,0,0,0,0,0,0,0,0,0,0,0,142554.5945703983,131988.3007441089,10566.29381866008,1,1,1,,,,
1999,802,5624.7535597945,2.527322861365974,.00044932152,142554.5945703983,131988.3007441089,10566.29499052465,142554.5945703983,131988.3007441089,10566.29499052465,142554.5945703983,131988.3007441089,10566.29499052465,0,0,0,0,0,0,0,0,0,0,0,0,0,0,0,0,0,0,0,0,0,0,0,0,142554.5945703983,131988.3007441089,10566.29381866008,1,1,1,,,,
2000,802,5624.7535597945,2.527322861365974,.00044932152,142554.5945703983,131988.3007441089,10566.29499052465,142554.5945703983,131988.3007441089,10566.29499052465,142554.5945703983,131988.3007441089,10566.29499052465,0,0,0,0,0,0,0,0,0,0,0,0,0,0,0,0,0,0,0,0,0,0,0,0,142554.5945703983,131988.3007441089,10566.29381866008,1,1,1,,,,
2001,802,5624.7535597945,2.527322861365974,.00044932152,142554.5945703983,131988.3007441089,10566.29499052465,142554.5945703983,131988.3007441089,10566.29499052465,142554.5945703983,131988.3007441089,10566.29499052465,0,0,0,0,0,0,0,0,0,0,0,0,0,0,0,0,0,0,0,0,0,0,0,0,142554.5945703983,131988.3007441089,10566.29381866008,1,1,1,,,,
2002,802,5624.7535597945,2.527322861365974,.00044932152,142554.5945703983,131988.3007441089,10566.29499052465,142554.5945703983,131988.3007441089,10566.29499052465,142554.5945703983,131988.3007441089,10566.29499052465,0,0,0,0,0,0,0,0,0,0,0,0,0,0,0,0,0,0,0,0,0,0,0,0,142554.5945703983,131988.3007441089,10566.29381866008,1,1,1,,,,
2003,802,5624.7535597945,2.527322861365974,.00044932152,142554.5945703983,131988.3007441089,10566.29499052465,142554.5945703983,131988.3007441089,10566.29499052465,142554.5945703983,131988.3007441089,10566.29499052465,0,0,0,0,0,0,0,0,0,0,0,0,0,0,0,0,0,0,0,0,0,0,0,0,142554.5945703983,131988.3007441089,10566.29381866008,1,1,1,,,,
2004,802,5624.7535597945,2.527322861365974,.00044932152,142554.5945703983,131988.3007441089,10566.29499052465,142554.5945703983,131988.3007441089,10566.29499052465,142554.5945703983,131988.3007441089,10566.29499052465,0,0,0,0,0,0,0,0,0,0,0,0,0,0,0,0,0,0,0,0,0,0,0,0,142554.5945703983,131988.3007441089,10566.29381866008,1,1,1,,,,
2005,802,5624.7535597945,2.527322861365974,.00044932152,142554.5945703983,131988.3007441089,10566.29499052465,142554.5945703983,131988.3007441089,10566.29499052465,142554.5945703983,131988.3007441089,10566.29499052465,0,0,0,0,0,0,0,0,0,0,0,0,0,0,0,0,0,0,0,0,0,0,0,0,142554.5945703983,131988.3007441089,10566.29381866008,1,1,1,,,,
2006,802,5624.7535597945,2.527322861365974,.00044932152,142554.5945703983,131988.3007441089,10566.29499052465,142554.5945703983,131988.3007441089,10566.29499052465,142554.5945703983,131988.3007441089,10566.29499052465,0,0,0,0,0,0,0,0,0,0,0,0,0,0,0,0,0,0,0,0,0,0,0,0,142554.5945703983,131988.3007441089,10566.29381866008,1,1,1,,,,
2007,802,5624.7535597945,2.527322861365974,.00044932152,142554.5945703983,131988.3007441089,10566.29499052465,142554.5945703983,131988.3007441089,10566.29499052465,142554.5945703983,131988.3007441089,10566.29499052465,0,0,0,0,0,0,0,0,0,0,0,0,0,0,0,0,0,0,0,0,0,0,0,0,142554.5945703983,131988.3007441089,10566.29381866008,1,1,1,,,,
2008,802,5624.7535597945,2.527322861365974,.00044932152,142554.5945703983,131988.3007441089,10566.29499052465,142554.5945703983,131988.3007441089,10566.29499052465,142554.5945703983,131988.3007441089,10566.29499052465,0,0,0,0,0,0,0,0,0,0,0,0,0,0,0,0,0,0,0,0,0,0,0,0,142554.5945703983,131988.3007441089,10566.29381866008,1,1,1,,,,
2009,802,5624.7535597945,2.527322861365974,.00044932152,142554.5945703983,131988.3007441089,10566.29499052465,142554.5945703983,131988.3007441089,10566.29499052465,142554.5945703983,131988.3007441089,10566.29499052465,0,0,0,0,0,0,0,0,0,0,0,0,0,0,0,0,0,0,0,0,0,0,0,0,142554.5945703983,131988.3007441089,10566.29381866008,1,1,1,,,,
2010,802,5624.7535597945,2.527322861365974,.00044932152,142554.5945703983,131988.3007441089,10566.29499052465,142554.5945703983,131988.3007441089,10566.29499052465,142554.5945703983,131988.3007441089,10566.29499052465,0,0,0,0,0,0,0,0,0,0,0,0,0,0,0,0,0,0,0,0,0,0,0,0,142554.5945703983,131988.3007441089,10566.29381866008,1,1,1,,,,
2011,802,5624.7535597945,2.527322861365974,.00044932152,142554.5945703983,131988.3007441089,10566.29499052465,142554.5945703983,131988.3007441089,10566.29499052465,142554.5945703983,131988.3007441089,10566.29499052465,0,0,0,0,0,0,0,0,0,0,0,0,0,0,0,0,0,0,0,0,0,0,0,0,142554.5945703983,131988.3007441089,10566.29381866008,1,1,1,,,,
2012,802,5624.7535597945,2.527322861365974,.00044932152,142554.5945703983,131988.3007441089,10566.29499052465,142554.5945703983,131988.3007441089,10566.29499052465,142554.5945703983,131988.3007441089,10566.29499052465,0,0,0,0,0,0,0,0,0,0,0,0,0,0,0,0,0,0,0,0,0,0,0,0,142554.5945703983,131988.3007441089,10566.29381866008,1,1,1,,,,
2013,802,5624.7535597945,2.527322861365974,.00044932152,142554.5945703983,131988.3007441089,10566.29499052465,142554.5945703983,131988.3007441089,10566.29499052465,142554.5945703983,131988.3007441089,10566.29499052465,0,0,0,0,0,0,0,0,0,0,0,0,0,0,0,0,0,0,0,0,0,0,0,0,142554.5945703983,131988.3007441089,10566.29381866008,1,1,1,,,,
2014,802,5624.7535597945,2.527322861365974,.00044932152,142554.5945703983,131988.3007441089,10566.29499052465,142554.5945703983,131988.3007441089,10566.29499052465,142554.5945703983,131988.3007441089,10566.29499052465,0,0,0,0,0,0,0,0,0,0,0,0,0,0,0,0,0,0,0,0,0,0,0,0,142554.5945703983,131988.3007441089,10566.29381866008,1,1,1,,,,
2015,802,5624.7535597945,2.527322861365974,.00044932152,142554.5945703983,131988.3007441089,10566.29499052465,142554.5945703983,131988.3007441089,10566.29499052465,142554.5945703983,131988.3007441089,10566.29499052465,0,0,0,0,0,0,0,0,0,0,0,0,0,0,0,0,0,0,0,0,0,0,0,0,142554.5945703983,131988.3007441089,10566.29381866008,1,1,1,,,,
2016,802,5624.7535597945,2.527322861365974,.00044932152,142554.5945703983,131988.3007441089,10566.29499052465,142554.5945703983,131988.3007441089,10566.29499052465,142554.5945703983,131988.3007441089,10566.29499052465,0,0,0,0,0,0,0,0,0,0,0,0,0,0,0,0,0,0,0,0,0,0,0,0,142554.5945703983,131988.3007441089,10566.29381866008,1,1,1,,,,
2017,802,5624.7535597945,2.527322861365974,.00044932152,142554.5945703983,131988.3007441089,10566.29499052465,142554.5945703983,131988.3007441089,10566.29499052465,142554.5945703983,131988.3007441089,10566.29499052465,0,0,0,0,0,0,0,0,0,0,0,0,0,0,0,0,0,0,0,0,0,0,0,0,142554.5945703983,131988.3007441089,10566.29381866008,1,1,1,,,,
2018,802,5624.7535597945,2.527322861365974,.00044932152,142554.5945703983,131988.3007441089,10566.29499052465,142554.5945703983,131988.3007441089,10566.29499052465,142554.5945703983,131988.3007441089,10566.29499052465,0,0,0,0,0,0,0,0,0,0,0,0,0,0,0,0,0,0,0,0,0,0,0,0,142554.5945703983,131988.3007441089,10566.29381866008,1,1,1,,,,
2019,802,5624.7535597945,2.527322861365974,.00044932152,142554.5945703983,131988.3007441089,10566.29499052465,142554.5945703983,131988.3007441089,10566.29499052465,142554.5945703983,131988.3007441089,10566.29499052465,0,0,0,0,0,0,0,0,0,0,0,0,0,0,0,0,0,0,0,0,0,0,0,0,142554.5945703983,131988.3007441089,10566.29381866008,1,1,1,,,,
2020,802,5624.7535597945,2.527322861365974,.00044932152,142554.5945703983,131988.3007441089,10566.29499052465,142554.5945703983,131988.3007441089,10566.29499052465,142554.5945703983,131988.3007441089,10566.29499052465,0,0,0,0,0,0,0,0,0,0,0,0,0,0,0,0,0,0,0,0,0,0,0,0,142554.5945703983,131988.3007441089,10566.29381866008,1,1,1,,,,
2021,802,5624.7535597945,2.527322861365974,.00044932152,142554.5945703983,131988.3007441089,10566.29499052465,142554.5945703983,131988.3007441089,10566.29499052465,142554.5945703983,131988.3007441089,10566.29499052465,0,0,0,0,0,0,0,0,0,0,0,0,0,0,0,0,0,0,0,0,0,0,0,0,142554.5945703983,131988.3007441089,10566.29381866008,1,1,1,,,,
2022,802,5624.7535597945,2.527322861365974,.00044932152,142554.5945703983,131988.3007441089,10566.29499052465,142554.5945703983,131988.3007441089,10566.29499052465,142554.5945703983,131988.3007441089,10566.29499052465,0,0,0,0,0,0,0,0,0,0,0,0,0,0,0,0,0,0,0,0,0,0,0,0,142554.5945703983,131988.3007441089,10566.29381866008,1,1,1,,,,
2023,802,5624.7535597945,2.527322861365974,.00044932152,142554.5945703983,131988.3007441089,10566.29499052465,142554.5945703983,131988.3007441089,10566.29499052465,142554.5945703983,131988.3007441089,10566.29499052465,0,0,0,0,0,0,0,0,0,0,0,0,0,0,0,0,0,0,0,0,0,0,0,0,142554.5945703983,131988.3007441089,10566.29381866008,1,1,1,,,,
2024,802,5624.7535597945,2.527322861365974,.00044932152,142554.5945703983,131988.3007441089,10566.29499052465,142554.5945703983,131988.3007441089,10566.29499052465,142554.5945703983,131988.3007441089,10566.29499052465,0,0,0,0,0,0,0,0,0,0,0,0,0,0,0,0,0,0,0,0,0,0,0,0,142554.5945703983,131988.3007441089,10566.29381866008,1,1,1,,,,
1993,901,11413.25523575939,33.96950315125287,.0029763202,17706.50005358458,15427.40005660057,2279.099996984005,17706.50005358458,15427.40005660057,2279.099996984005,17706.50005358458,15427.40005660057,2279.099996984005,0,0,0,0,0,0,0,0,0,0,0,0,0,0,0,0,0,0,0,0,0,0,0,0,17706.50005358458,15427.40005660057,2279.099996984005,1,1,1,,,,
1994,901,11413.25523575939,33.96950315125287,.0029763202,17706.50005358458,15427.40005660057,2279.099996984005,17706.50005358458,15427.40005660057,2279.099996984005,17706.50005358458,15427.40005660057,2279.099996984005,0,0,0,0,0,0,0,0,0,0,0,0,0,0,0,0,0,0,0,0,0,0,0,0,17706.50005358458,15427.40005660057,2279.099996984005,1,1,1,,,,
1995,901,11413.25523575939,33.96950315125287,.0029763202,17706.50005358458,15427.40005660057,2279.099996984005,17706.50005358458,15427.40005660057,2279.099996984005,17706.50005358458,15427.40005660057,2279.099996984005,0,0,0,0,0,0,0,0,0,0,0,0,0,0,0,0,0,0,0,0,0,0,0,0,17706.50005358458,15427.40005660057,2279.099996984005,1,1,1,,,,
1996,901,11413.25523575939,33.96950315125287,.0029763202,17706.50005358458,15427.40005660057,2279.099996984005,17706.50005358458,15427.40005660057,2279.099996984005,17706.50005358458,15427.40005660057,2279.099996984005,0,0,0,0,0,0,0,0,0,0,0,0,0,0,0,0,0,0,0,0,0,0,0,0,17706.50005358458,15427.40005660057,2279.099996984005,1,1,1,,,,
1997,901,11413.25523575939,33.96950315125287,.0029763202,17706.50005358458,15427.40005660057,2279.099996984005,17706.50005358458,15427.40005660057,2279.099996984005,17706.50005358458,15427.40005660057,2279.099996984005,0,0,0,0,0,0,0,0,0,0,0,0,0,0,0,0,0,0,0,0,0,0,0,0,17706.50005358458,15427.40005660057,2279.099996984005,1,1,1,,,,
1998,901,11413.25523575939,33.96950315125287,.0029763202,17706.50005358458,15427.40005660057,2279.099996984005,17706.50005358458,15427.40005660057,2279.099996984005,17706.50005358458,15427.40005660057,2279.099996984005,0,0,0,0,0,0,0,0,0,0,0,0,0,0,0,0,0,0,0,0,0,0,0,0,17706.50005358458,15427.40005660057,2279.099996984005,1,1,1,,,,
1999,901,11413.25523575939,33.96950315125287,.0029763202,17706.50005358458,15427.40005660057,2279.099996984005,17706.50005358458,15427.40005660057,2279.099996984005,17706.50005358458,15427.40005660057,2279.099996984005,0,0,0,0,0,0,0,0,0,0,0,0,0,0,0,0,0,0,0,0,0,0,0,0,17706.50005358458,15427.40005660057,2279.099996984005,1,1,1,,,,
2000,901,11413.25523575939,33.96950315125287,.0029763202,17706.50005358458,15427.40005660057,2279.099996984005,17706.50005358458,15427.40005660057,2279.099996984005,17706.50005358458,15427.40005660057,2279.099996984005,0,0,0,0,0,0,0,0,0,0,0,0,0,0,0,0,0,0,0,0,0,0,0,0,17706.50005358458,15427.40005660057,2279.099996984005,1,1,1,,,,
2001,901,11413.25523575939,33.96950315125287,.0029763202,17706.50005358458,15427.40005660057,2279.099996984005,17706.50005358458,15427.40005660057,2279.099996984005,17706.50005358458,15427.40005660057,2279.099996984005,0,0,0,0,0,0,0,0,0,0,0,0,0,0,0,0,0,0,0,0,0,0,0,0,17706.50005358458,15427.40005660057,2279.099996984005,1,1,1,,,,
2002,901,11413.25523575939,33.96950315125287,.0029763202,17706.50005358458,15427.40005660057,2279.099996984005,17706.50005358458,15427.40005660057,2279.099996984005,17706.50005358458,15427.40005660057,2279.099996984005,0,0,0,0,0,0,0,0,0,0,0,0,0,0,0,0,0,0,0,0,0,0,0,0,17706.50005358458,15427.40005660057,2279.099996984005,1,1,1,,,,
2003,901,11413.25523575939,33.96950315125287,.0029763202,17706.50005358458,15427.40005660057,2279.099996984005,17706.50005358458,15427.40005660057,2279.099996984005,17706.50005358458,15427.40005660057,2279.099996984005,0,0,0,0,0,0,0,0,0,0,0,0,0,0,0,0,0,0,0,0,0,0,0,0,17706.50005358458,15427.40005660057,2279.099996984005,1,1,1,,,,
2004,901,11413.25523575939,33.96950315125287,.0029763202,17706.50005358458,15427.40005660057,2279.099996984005,17706.50005358458,15427.40005660057,2279.099996984005,17706.50005358458,15427.40005660057,2279.099996984005,0,0,0,0,0,0,0,0,0,0,0,0,0,0,0,0,0,0,0,0,0,0,0,0,17706.50005358458,15427.40005660057,2279.099996984005,1,1,1,,,,
2005,901,11413.25523575939,33.96950315125287,.0029763202,17706.50005358458,15427.40005660057,2279.099996984005,17706.50005358458,15427.40005660057,2279.099996984005,17706.50005358458,15427.40005660057,2279.099996984005,0,0,0,0,0,0,0,0,0,0,0,0,0,0,0,0,0,0,0,0,0,0,0,0,17706.50005358458,15427.40005660057,2279.099996984005,1,1,1,,,,
2006,901,11413.25523575939,33.96950315125287,.0029763202,17706.50005358458,15427.40005660057,2279.099996984005,17706.50005358458,15427.40005660057,2279.099996984005,17706.50005358458,15427.40005660057,2279.099996984005,0,0,0,0,0,0,0,0,0,0,0,0,0,0,0,0,0,0,0,0,0,0,0,0,17706.50005358458,15427.40005660057,2279.099996984005,1,1,1,,,,
2007,901,11413.25523575939,33.96950315125287,.0029763202,17706.50005358458,15427.40005660057,2279.099996984005,17706.50005358458,15427.40005660057,2279.099996984005,17706.50005358458,15427.40005660057,2279.099996984005,0,0,0,0,0,0,0,0,0,0,0,0,0,0,0,0,0,0,0,0,0,0,0,0,17706.50005358458,15427.40005660057,2279.099996984005,1,1,1,,,,
2008,901,11413.25523575939,33.96950315125287,.0029763202,17706.50005358458,15427.40005660057,2279.099996984005,17706.50005358458,15427.40005660057,2279.099996984005,17706.50005358458,15427.40005660057,2279.099996984005,0,0,0,0,0,0,0,0,0,0,0,0,0,0,0,0,0,0,0,0,0,0,0,0,17706.50005358458,15427.40005660057,2279.099996984005,1,1,1,,,,
2009,901,11413.25523575939,33.96950315125287,.0029763202,17706.50005358458,15427.40005660057,2279.099996984005,17706.50005358458,15427.40005660057,2279.099996984005,17706.50005358458,15427.40005660057,2279.099996984005,0,0,0,0,0,0,0,0,0,0,0,0,0,0,0,0,0,0,0,0,0,0,0,0,17706.50005358458,15427.40005660057,2279.099996984005,1,1,1,,,,
2010,901,11413.25523575939,33.96950315125287,.0029763202,17706.50005358458,15427.40005660057,2279.099996984005,17706.50005358458,15427.40005660057,2279.099996984005,17706.50005358458,15427.40005660057,2279.099996984005,0,0,0,0,0,0,0,0,0,0,0,0,0,0,0,0,0,0,0,0,0,0,0,0,17706.50005358458,15427.40005660057,2279.099996984005,1,1,1,,,,
2011,901,11413.25523575939,33.96950315125287,.0029763202,17706.50005358458,15427.40005660057,2279.099996984005,17706.50005358458,15427.40005660057,2279.099996984005,17706.50005358458,15427.40005660057,2279.099996984005,0,0,0,0,0,0,0,0,0,0,0,0,0,0,0,0,0,0,0,0,0,0,0,0,17706.50005358458,15427.40005660057,2279.099996984005,1,1,1,,,,
2012,901,11413.25523575939,33.96950315125287,.0029763202,17706.50005358458,15427.40005660057,2279.099996984005,17706.50005358458,15427.40005660057,2279.099996984005,17706.50005358458,15427.40005660057,2279.099996984005,0,0,0,0,0,0,0,0,0,0,0,0,0,0,0,0,0,0,0,0,0,0,0,0,17706.50005358458,15427.40005660057,2279.099996984005,1,1,1,,,,
2013,901,11413.25523575939,33.96950315125287,.0029763202,17706.50005358458,15427.40005660057,2279.099996984005,17706.50005358458,15427.40005660057,2279.099996984005,17706.50005358458,15427.40005660057,2279.099996984005,0,0,0,0,0,0,0,0,0,0,0,0,0,0,0,0,0,0,0,0,0,0,0,0,17706.50005358458,15427.40005660057,2279.099996984005,1,1,1,,,,
2014,901,11413.25523575939,33.96950315125287,.0029763202,17706.50005358458,15427.40005660057,2279.099996984005,17706.50005358458,15427.40005660057,2279.099996984005,17706.50005358458,15427.40005660057,2279.099996984005,0,0,0,0,0,0,0,0,0,0,0,0,0,0,0,0,0,0,0,0,0,0,0,0,17706.50005358458,15427.40005660057,2279.099996984005,1,1,1,,,,
2015,901,11413.25523575939,33.96950315125287,.0029763202,17706.50005358458,15427.40005660057,2279.099996984005,17706.50005358458,15427.40005660057,2279.099996984005,17706.50005358458,15427.40005660057,2279.099996984005,0,0,0,0,0,0,0,0,0,0,0,0,0,0,0,0,0,0,0,0,0,0,0,0,17706.50005358458,15427.40005660057,2279.099996984005,1,1,1,,,,
2016,901,11413.25523575939,33.96950315125287,.0029763202,17706.50005358458,15427.40005660057,2279.099996984005,17706.50005358458,15427.40005660057,2279.099996984005,17706.50005358458,15427.40005660057,2279.099996984005,0,0,0,0,0,0,0,0,0,0,0,0,0,0,0,0,0,0,0,0,0,0,0,0,17706.50005358458,15427.40005660057,2279.099996984005,1,1,1,,,,
2017,901,11413.25523575939,33.96950315125287,.0029763202,17706.50005358458,15427.40005660057,2279.099996984005,17706.50005358458,15427.40005660057,2279.099996984005,17706.50005358458,15427.40005660057,2279.099996984005,0,0,0,0,0,0,0,0,0,0,0,0,0,0,0,0,0,0,0,0,0,0,0,0,17706.50005358458,15427.40005660057,2279.099996984005,1,1,1,,,,
2018,901,11413.25523575939,33.96950315125287,.0029763202,17706.50005358458,15427.40005660057,2279.099996984005,17706.50005358458,15427.40005660057,2279.099996984005,17706.50005358458,15427.40005660057,2279.099996984005,0,0,0,0,0,0,0,0,0,0,0,0,0,0,0,0,0,0,0,0,0,0,0,0,17706.50005358458,15427.40005660057,2279.099996984005,1,1,1,,,,
2019,901,11413.25523575939,33.96950315125287,.0029763202,17706.50005358458,15427.40005660057,2279.099996984005,17706.50005358458,15427.40005660057,2279.099996984005,17706.50005358458,15427.40005660057,2279.099996984005,0,0,0,0,0,0,0,0,0,0,0,0,0,0,0,0,0,0,0,0,0,0,0,0,17706.50005358458,15427.40005660057,2279.099996984005,1,1,1,,,,
2020,901,11413.25523575939,33.96950315125287,.0029763202,17706.50005358458,15427.40005660057,2279.099996984005,17706.50005358458,15427.40005660057,2279.099996984005,17706.50005358458,15427.40005660057,2279.099996984005,0,0,0,0,0,0,0,0,0,0,0,0,0,0,0,0,0,0,0,0,0,0,0,0,17706.50005358458,15427.40005660057,2279.099996984005,1,1,1,,,,
2021,901,11413.25523575939,33.96950315125287,.0029763202,17706.50005358458,15427.40005660057,2279.099996984005,17706.50005358458,15427.40005660057,2279.099996984005,17706.50005358458,15427.40005660057,2279.099996984005,0,0,0,0,0,0,0,0,0,0,0,0,0,0,0,0,0,0,0,0,0,0,0,0,17706.50005358458,15427.40005660057,2279.099996984005,1,1,1,,,,
2022,901,11413.25523575939,33.96950315125287,.0029763202,17706.50005358458,15427.40005660057,2279.099996984005,17706.50005358458,15427.40005660057,2279.099996984005,17706.50005358458,15427.40005660057,2279.099996984005,0,0,0,0,0,0,0,0,0,0,0,0,0,0,0,0,0,0,0,0,0,0,0,0,17706.50005358458,15427.40005660057,2279.099996984005,1,1,1,,,,
2023,901,11413.25523575939,33.96950315125287,.0029763202,17706.50005358458,15427.40005660057,2279.099996984005,17706.50005358458,15427.40005660057,2279.099996984005,17706.50005358458,15427.40005660057,2279.099996984005,0,0,0,0,0,0,0,0,0,0,0,0,0,0,0,0,0,0,0,0,0,0,0,0,17706.50005358458,15427.40005660057,2279.099996984005,1,1,1,,,,
2024,901,11413.25523575939,33.96950315125287,.0029763202,17706.50005358458,15427.40005660057,2279.099996984005,17706.50005358458,15427.40005660057,2279.099996984005,17706.50005358458,15427.40005660057,2279.099996984005,0,0,0,0,0,0,0,0,0,0,0,0,0,0,0,0,0,0,0,0,0,0,0,0,17706.50005358458,15427.40005660057,2279.099996984005,1,1,1,,,,
1993,902,8419.305714165599,.512574814260006,.000060880888,9950.40985417366,237.1476837396622,9713.262246489525,9950.40985417366,237.1476837396622,9713.262246489525,23044.94138818979,232.5027862787247,22812.43855589628,9942.208145022392,232.0486755371094,9710.159561038017,23952.05304634571,227.4028472900391,23724.65021431446,23036.7384583354,227.4028472900391,22809.33562630415,0,0,0,0,0,0,0,0,0,0,0,0,0,0,0,8.200000166893005,5.100000023841858,3.100000143051147,1,1,1,1,1,,
1994,902,8419.305714165599,.512574814260006,.000060880888,9618.26361232996,132.3325744867325,9485.930946052074,9618.26361232996,132.3325744867325,9485.930946052074,23044.94138818979,232.5027862787247,22812.43855589628,9610.064832866192,127.2322158813477,9482.832655131817,23952.05304634571,227.4028472900391,23724.65021431446,23036.7384583354,227.4028472900391,22809.33562630415,0,0,0,0,0,0,0,0,0,0,0,0,0,0,0,8.200000166893005,5.100000023841858,3.100000143051147,.50017792,.51096761,.50006795,.5,.5,,
1995,902,8419.305714165599,.512574814260006,.000060880888,10743.79774926603,231.9020019769669,10511.89574705064,10743.79774926603,231.9020019769669,10511.89574705064,23044.94138818979,232.5027862787247,22812.43855589628,10735.60312019289,226.8033294677734,10508.79989753664,23952.05304634571,227.4028472900391,23724.65021431446,23036.7384583354,227.4028472900391,22809.33562630415,0,0,0,0,0,0,0,0,0,0,0,0,0,0,0,8.200000166893005,5.100000023841858,3.100000143051147,1,1,1,1,1,,
1996,902,8419.305714165599,.512574814260006,.000060880888,12075.40804386139,239.335626244545,11836.072447896,12075.40804386139,239.335626244545,11836.072447896,23044.94138818979,232.5027862787247,22812.43855589628,12067.21707689762,234.2349853515625,11832.98196947575,23943.94171822071,219.2915344238281,23724.65021431446,23036.7384583354,227.4028472900391,22809.33562630415,0,0,0,0,0,0,0,0,0,0,0,0,0,0,0,8.200000166893005,5.100000023841858,3.100000143051147,1,1,1,1,1,,
1997,902,8419.305714165599,.512574814260006,.000060880888,12537.07711423934,225.5040527582169,12311.5730612427,12537.07711423934,225.5040527582169,12311.5730612427,23044.94138818979,232.5027862787247,22812.43855589628,12528.87760235369,220.4055633544922,12308.47208477557,23942.97516548634,218.3250427246094,23724.65021431446,23036.7384583354,227.4028472900391,22809.33562630415,0,0,0,0,0,0,0,0,0,0,0,0,0,0,0,8.200000166893005,5.100000023841858,3.100000143051147,1,1,1,1,1,,
1998,902,8419.305714165599,.512574814260006,.000060880888,10281.36876145005,176.7057129144669,10104.66304829717,10281.36876145005,176.7057129144669,10104.66304829717,23044.94138818979,232.5027862787247,22812.43855589628,10273.17315581441,171.6067962646484,10101.56646636128,23937.39508736134,212.7448883056641,23724.65021431446,23036.7384583354,227.4028472900391,22809.33562630415,0,0,0,0,0,0,0,0,0,0,0,0,0,0,0,8.200000166893005,5.100000023841858,3.100000143051147,1,1,1,1,1,,
1999,902,8419.305714165599,.512574814260006,.000060880888,13988.0799497366,237.2328735589981,13750.84713697433,13988.0799497366,237.2328735589981,13750.84713697433,23044.94138818979,232.5027862787247,22812.43855589628,13979.88825035095,232.1314849853516,13747.75665855408,23937.39508736134,212.7448883056641,23724.65021431446,23036.7384583354,227.4028472900391,22809.33562630415,0,0,0,0,0,0,0,0,0,0,0,0,0,0,0,8.200000166893005,5.100000023841858,3.100000143051147,1,1,1,1,1,,
2000,902,8419.305714165599,.512574814260006,.000060880888,13508.63501608372,269.2495056390762,13239.38547968864,13508.63501608372,269.2495056390762,13239.38547968864,23044.94138818979,232.5027862787247,22812.43855589628,13500.43159794807,264.151611328125,13236.27998661995,23922.44025337696,197.7900543212891,23724.65021431446,23036.7384583354,227.4028472900391,22809.33562630415,0,0,0,0,0,0,0,0,0,0,0,0,0,0,0,8.200000166893005,5.100000023841858,3.100000143051147,.90003556,.90219349,.90001357,.89999998,.89999998,,
2001,902,8419.305714165599,.512574814260006,.000060880888,9369.634017109871,150.4458862543106,9219.188130617142,9369.634017109871,150.4458862543106,9219.188130617142,23044.94138818979,232.5027862787247,22812.43855589628,9361.428951025009,145.3465423583984,9216.082408666611,23918.02497017384,193.3748016357422,23724.65021431446,23036.7384583354,227.4028472900391,22809.33562630415,0,0,0,0,0,0,0,0,0,0,0,0,0,0,0,8.200000166893005,5.100000023841858,3.100000143051147,.39021704,.40338045,.3900829,.39000002,.38999999,,
2002,902,8419.305714165599,.512574814260006,.000060880888,8979.439388528466,186.53801882267,8792.901399984956,8979.439388528466,186.53801882267,8792.901399984956,23044.94138818979,232.5027862787247,22812.43855589628,8971.249764338136,181.4379425048828,8789.811806574464,24353.8880366087,193.3748016357422,24160.51328074932,23036.7384583354,227.4028472900391,22809.33562630415,0,0,0,0,0,0,0,0,0,0,0,0,0,0,0,8.200000166893005,5.100000023841858,3.100000143051147,.70010674,.70658052,.70004076,.69999999,.69999999,,
2003,902,8419.305714165599,.512574814260006,.000060880888,10199.21022978425,209.8163086175919,9989.39392092824,10199.21022978425,209.8163086175919,9989.39392092824,23044.94138818979,232.5027862787247,22812.43855589628,10191.00876477361,204.7161560058594,9986.29257825017,24353.8880366087,193.3748016357422,24160.51328074932,23036.7384583354,227.4028472900391,22809.33562630415,0,0,0,0,0,0,0,0,0,0,0,0,0,0,0,8.200000166893005,5.100000023841858,3.100000143051147,.90003556,.90219349,.90001357,.89999998,.89999998,,
2004,902,8419.305714165599,.512574814260006,.000060880888,12256.16317333281,164.0667511224747,12092.09637619555,12256.16317333281,164.0667511224747,12092.09637619555,23044.94138818979,232.5027862787247,22812.43855589628,12247.95365168154,158.9661712646484,12088.98758722842,24353.39267528057,192.8794860839844,24160.51328074932,23036.7384583354,227.4028472900391,22809.33562630415,0,0,0,0,0,0,0,0,0,0,0,0,0,0,0,8.200000166893005,5.100000023841858,3.100000143051147,.65012449,.65767729,.65004754,.64999998,.64999998,,
2005,902,8419.305714165599,.512574814260006,.000060880888,10867.4823718667,301.60686647892,10565.87541359663,10867.4823718667,301.60686647892,10565.87541359663,23044.94138818979,232.5027862787247,22812.43855589628,10859.27016466856,296.5046997070313,10562.76540392637,24353.39267528057,192.8794860839844,24160.51328074932,23036.7384583354,227.4028472900391,22809.33562630415,0,0,0,0,0,0,0,0,0,0,0,0,0,0,0,8.200000166893005,5.100000023841858,3.100000143051147,.90003556,.90219349,.90001357,.89999998,.89999998,,
2006,902,8419.305714165599,.512574814260006,.000060880888,14585.66315224767,265.0619140863419,14320.60123792291,14585.66315224767,265.0619140863419,14320.60123792291,23044.94138818979,232.5027862787247,22812.43855589628,14577.46901145577,259.9622192382813,14317.50685325265,24353.39267528057,192.8794860839844,24160.51328074932,23036.7384583354,227.4028472900391,22809.33562630415,0,0,0,0,0,0,0,0,0,0,0,0,0,0,0,8.200000166893005,5.100000023841858,3.100000143051147,1,1,1,1,1,,
2007,902,8419.305714165599,.512574814260006,.000060880888,13999.33497312665,217.0571533441544,13782.27769747376,13999.33497312665,217.0571533441544,13782.27769747376,23044.94138818979,232.5027862787247,22812.43855589628,13991.14254131913,211.9571990966797,13779.18526592851,24353.39267528057,192.8794860839844,24160.51328074932,23036.7384583354,227.4028472900391,22809.33562630415,0,0,0,0,0,0,0,0,0,0,0,0,0,0,0,8.200000166893005,5.100000023841858,3.100000143051147,.60014236,.60877413,.60005438,.60000002,.60000002,,
2008,902,8419.305714165599,.512574814260006,.000060880888,8735.567407414317,163.3135162591934,8572.253906175494,8735.567407414317,163.3135162591934,8572.253906175494,23044.94138818979,232.5027862787247,22812.43855589628,8727.369360372424,158.2130737304688,8569.156286641955,24353.39267528057,192.8794860839844,24160.51328074932,23036.7384583354,227.4028472900391,22809.33562630415,0,0,0,0,0,0,0,0,0,0,0,0,0,0,0,8.200000166893005,5.100000023841858,3.100000143051147,.35023126,.36425787,.3500883,.34999999,.34999999,,
2009,902,8419.305714165599,.512574814260006,.000060880888,6895.811440080404,179.1626678705215,6716.648779600859,6895.811440080404,179.1626678705215,6716.648779600859,23044.94138818979,232.5027862787247,22812.43855589628,6887.602284640074,174.0622863769531,6713.540005892515,24353.39267528057,192.8794860839844,24160.51328074932,23036.7384583354,227.4028472900391,22809.33562630415,0,0,0,0,0,0,0,0,0,0,0,0,0,0,0,8.200000166893005,5.100000023841858,3.100000143051147,.40021351,.41316113,.40008155,.40000001,.40000001,,
2010,902,8419.305714165599,.512574814260006,.000060880888,8879.82132960856,159.0945373773575,8720.726776733994,8879.82132960856,159.0945373773575,8720.726776733994,23044.94138818979,232.5027862787247,22812.43855589628,8871.614524021745,153.9940032958984,8717.620520725846,24349.82138621807,189.3081970214844,24160.51328074932,23036.7384583354,227.4028472900391,22809.33562630415,0,0,0,0,0,0,0,0,0,0,0,0,0,0,0,8.200000166893005,5.100000023841858,3.100000143051147,.50017792,.51096761,.50006795,.5,.5,,
2011,902,8419.305714165599,.512574814260006,.000060880888,14927.49435570836,263.4254394769669,14664.06891599298,14927.49435570836,263.4254394769669,14664.06891599298,23044.94138818979,232.5027862787247,22812.43855589628,14919.29044929147,258.3250122070313,14660.96537604928,24349.82138621807,189.3081970214844,24160.51328074932,23036.7384583354,227.4028472900391,22809.33562630415,0,0,0,0,0,0,0,0,0,0,0,0,0,0,0,8.200000166893005,5.100000023841858,3.100000143051147,.80007118,.80438703,.80002719,.80000001,.80000001,,
2012,902,8419.305714165599,.512574814260006,.000060880888,17078.17315983772,179.1043792963028,16899.06876504421,17078.17315983772,179.1043792963028,16899.06876504421,23044.94138818979,232.5027862787247,22812.43855589628,17069.97157275677,174.0055999755859,16895.96595752239,24349.82138621807,189.3081970214844,24160.51328074932,23036.7384583354,227.4028472900391,22809.33562630415,0,0,0,0,0,0,0,0,0,0,0,0,0,0,0,8.200000166893005,5.100000023841858,3.100000143051147,.65012449,.65767729,.65004754,.64999998,.64999998,,
2013,902,8419.305714165599,.512574814260006,.000060880888,8480.157226547599,163.9860473871231,8316.171178922057,8480.157226547599,163.9860473871231,8316.171178922057,23044.94138818979,232.5027862787247,22812.43855589628,8471.961865052581,158.8873596191406,8313.074474915862,24349.82138621807,189.3081970214844,24160.51328074932,23036.7384583354,227.4028472900391,22809.33562630415,0,0,0,0,0,0,0,0,0,0,0,0,0,0,0,8.200000166893005,5.100000023841858,3.100000143051147,.35023126,.36425787,.3500883,.34999999,.34999999,,
2014,902,8419.305714165599,.512574814260006,.000060880888,2815.870679244399,120.2764602899551,2695.594219766557,2815.870679244399,120.2764602899551,2695.594219766557,23044.94138818979,232.5027862787247,22812.43855589628,2807.674585327506,115.1748123168945,2692.499773181975,24850.19208490849,189.3081970214844,24660.88397943974,23036.7384583354,227.4028472900391,22809.33562630415,0,0,0,0,0,0,0,0,0,0,0,0,0,0,0,8.200000166893005,5.100000023841858,3.100000143051147,.050338037,.070838459,.050129097,.050000001,.050000001,,
2015,902,8419.305714165599,.512574814260006,.000060880888,2522.363284960389,118.6758514642715,2403.687448516488,2522.363284960389,118.6758514642715,2403.687448516488,23044.94138818979,232.5027862787247,22812.43855589628,2514.160049930215,113.5768814086914,2400.583176150918,24850.19208490849,189.3081970214844,24660.88397943974,23036.7384583354,227.4028472900391,22809.33562630415,0,0,0,0,0,0,0,0,0,0,0,0,0,0,0,8.200000166893005,5.100000023841858,3.100000143051147,.20028467,.21754818,.20010872,.2,.2,,
2016,902,8419.305714165599,.512574814260006,.000060880888,6417.214873477817,146.7559753656387,6270.458897873759,6417.214873477817,146.7559753656387,6270.458897873759,23044.94138818979,232.5027862787247,22812.43855589628,6409.026073262095,141.6578369140625,6267.368236348033,24850.19208490849,189.3081970214844,24660.88397943974,23036.7384583354,227.4028472900391,22809.33562630415,0,0,0,0,0,0,0,0,0,0,0,0,0,0,0,8.200000166893005,5.100000023841858,3.100000143051147,.60014236,.60877413,.60005438,.60000002,.60000002,,
2017,902,8419.305714165599,.512574814260006,.000060880888,19290.46026942134,264.0038086175919,19026.45639953017,19290.46026942134,264.0038086175919,19026.45639953017,23044.94138818979,232.5027862787247,22812.43855589628,19282.25953683257,258.9022216796875,19023.35725411773,24850.19208490849,189.3081970214844,24660.88397943974,23036.7384583354,227.4028472900391,22809.33562630415,0,0,0,0,0,0,0,0,0,0,0,0,0,0,0,8.200000166893005,5.100000023841858,3.100000143051147,.85005337,.85329026,.85002041,.85000002,.85000002,,
2018,902,8419.305714165599,.512574814260006,.000060880888,10767.25172275305,140.8422485589981,10626.40946632624,10767.25172275305,140.8422485589981,10626.40946632624,23044.94138818979,232.5027862787247,22812.43855589628,10759.0515242219,135.7433013916016,10623.3082228303,24850.19208490849,189.3081970214844,24660.88397943974,23036.7384583354,227.4028472900391,22809.33562630415,0,0,0,0,0,0,0,0,0,0,0,0,0,0,0,8.200000166893005,5.100000023841858,3.100000143051147,.35023126,.36425787,.3500883,.34999999,.34999999,,
2019,902,8419.305714165599,.512574814260006,.000060880888,11833.43923118711,221.7199798822403,11611.71926632524,11833.43923118711,221.7199798822403,11611.71926632524,23044.94138818979,232.5027862787247,22812.43855589628,11825.24603644013,216.6190795898438,11608.62695685029,24850.19208490849,189.3081970214844,24660.88397943974,23036.7384583354,227.4028472900391,22809.33562630415,0,0,0,0,0,0,0,0,0,0,0,0,0,0,0,8.200000166893005,5.100000023841858,3.100000143051147,.75008893,.75548381,.75003397,.75,.75,,
2020,902,8419.305714165599,.512574814260006,.000060880888,6631.229768171906,138.2238861322403,6493.005881801248,6631.229768171906,138.2238861322403,6493.005881801248,23044.94138818979,232.5027862787247,22812.43855589628,6623.032972350717,133.1235198974609,6489.909467712045,24850.19208490849,189.3081970214844,24660.88397943974,23036.7384583354,227.4028472900391,22809.33562630415,0,0,0,0,0,0,0,0,0,0,0,0,0,0,0,8.200000166893005,5.100000023841858,3.100000143051147,.20028467,.21754818,.20010872,.2,.2,,
2021,902,8419.305714165599,.512574814260006,.000060880888,3109.289760485291,136.116647362709,2973.173109069467,3109.289760485291,136.116647362709,2973.173109069467,23044.94138818979,232.5027862787247,22812.43855589628,3101.085411563516,131.0162353515625,2970.069172397256,24850.19208490849,189.3081970214844,24660.88397943974,23036.7384583354,227.4028472900391,22809.33562630415,0,0,0,0,0,0,0,0,0,0,0,0,0,0,0,8.200000166893005,5.100000023841858,3.100000143051147,.050338037,.070838459,.050129097,.050000001,.050000001,,
2022,902,8419.305714165599,.512574814260006,.000060880888,2234.51779543981,115.783998131752,2118.733802791685,2234.51779543981,115.783998131752,2118.733802791685,23044.94138818979,232.5027862787247,22812.43855589628,2226.310318466276,110.681884765625,2115.628427978605,24850.19208490849,189.3081970214844,24660.88397943974,23036.7384583354,227.4028472900391,22809.33562630415,0,0,0,0,0,0,0,0,0,0,0,0,0,0,0,8.200000166893005,5.100000023841858,3.100000143051147,.050338037,.070838459,.050129097,.050000001,.050000001,,
2023,902,8419.305714165599,.512574814260006,.000060880888,20992.63192778826,279.2835632562637,20713.34836429358,20992.63192778826,279.2835632562637,20713.34836429358,23044.94138818979,232.5027862787247,22812.43855589628,20984.43186658621,274.1856384277344,20710.24622815847,24850.19208490849,189.3081970214844,24660.88397943974,23036.7384583354,227.4028472900391,22809.33562630415,0,0,0,0,0,0,0,0,0,0,0,0,0,0,0,8.200000166893005,5.100000023841858,3.100000143051147,1,1,1,1,1,,
2024,902,8419.305714165599,.512574814260006,.000060880888,8210.634286686778,150.9121643304825,8059.722122117877,8210.634286686778,150.9121643304825,8059.722122117877,23044.94138818979,232.5027862787247,22812.43855589628,8202.434988424182,145.8103637695313,8056.624624654651,24850.19208490849,189.3081970214844,24660.88397943974,23036.7384583354,227.4028472900391,22809.33562630415,0,0,0,0,0,0,0,0,0,0,0,0,0,0,0,8.200000166893005,5.100000023841858,3.100000143051147,.40021351,.41316113,.40008155,.40000001,.40000001,,
1993,903,29114.9558489548,.6950654347310774,.000023873141,1000.199998140335,912.7999999523163,87.3999981880188,1000.199998140335,912.7999999523163,87.3999981880188,1000.199998140335,912.7999999523163,87.3999981880188,0,0,0,0,0,0,0,0,0,0,0,0,0,0,0,0,0,0,0,0,0,0,0,0,1000.199998140335,912.7999999523163,87.3999981880188,1,1,1,,,,
1994,903,29114.9558489548,.6950654347310774,.000023873141,1000.199998140335,912.7999999523163,87.3999981880188,1000.199998140335,912.7999999523163,87.3999981880188,1000.199998140335,912.7999999523163,87.3999981880188,0,0,0,0,0,0,0,0,0,0,0,0,0,0,0,0,0,0,0,0,0,0,0,0,1000.199998140335,912.7999999523163,87.3999981880188,1,1,1,,,,
1995,903,29114.9558489548,.6950654347310774,.000023873141,1000.199998140335,912.7999999523163,87.3999981880188,1000.199998140335,912.7999999523163,87.3999981880188,1000.199998140335,912.7999999523163,87.3999981880188,0,0,0,0,0,0,0,0,0,0,0,0,0,0,0,0,0,0,0,0,0,0,0,0,1000.199998140335,912.7999999523163,87.3999981880188,1,1,1,,,,
1996,903,29114.9558489548,.6950654347310774,.000023873141,1000.199998140335,912.7999999523163,87.3999981880188,1000.199998140335,912.7999999523163,87.3999981880188,1000.199998140335,912.7999999523163,87.3999981880188,0,0,0,0,0,0,0,0,0,0,0,0,0,0,0,0,0,0,0,0,0,0,0,0,1000.199998140335,912.7999999523163,87.3999981880188,1,1,1,,,,
1997,903,29114.9558489548,.6950654347310774,.000023873141,1000.199998140335,912.7999999523163,87.3999981880188,1000.199998140335,912.7999999523163,87.3999981880188,1000.199998140335,912.7999999523163,87.3999981880188,0,0,0,0,0,0,0,0,0,0,0,0,0,0,0,0,0,0,0,0,0,0,0,0,1000.199998140335,912.7999999523163,87.3999981880188,1,1,1,,,,
1998,903,29114.9558489548,.6950654347310774,.000023873141,1000.199998140335,912.7999999523163,87.3999981880188,1000.199998140335,912.7999999523163,87.3999981880188,1000.199998140335,912.7999999523163,87.3999981880188,0,0,0,0,0,0,0,0,0,0,0,0,0,0,0,0,0,0,0,0,0,0,0,0,1000.199998140335,912.7999999523163,87.3999981880188,1,1,1,,,,
1999,903,29114.9558489548,.6950654347310774,.000023873141,1000.199998140335,912.7999999523163,87.3999981880188,1000.199998140335,912.7999999523163,87.3999981880188,1000.199998140335,912.7999999523163,87.3999981880188,0,0,0,0,0,0,0,0,0,0,0,0,0,0,0,0,0,0,0,0,0,0,0,0,1000.199998140335,912.7999999523163,87.3999981880188,1,1,1,,,,
2000,903,29114.9558489548,.6950654347310774,.000023873141,1000.199998140335,912.7999999523163,87.3999981880188,1000.199998140335,912.7999999523163,87.3999981880188,1000.199998140335,912.7999999523163,87.3999981880188,0,0,0,0,0,0,0,0,0,0,0,0,0,0,0,0,0,0,0,0,0,0,0,0,1000.199998140335,912.7999999523163,87.3999981880188,1,1,1,,,,
2001,903,29114.9558489548,.6950654347310774,.000023873141,1000.199998140335,912.7999999523163,87.3999981880188,1000.199998140335,912.7999999523163,87.3999981880188,1000.199998140335,912.7999999523163,87.3999981880188,0,0,0,0,0,0,0,0,0,0,0,0,0,0,0,0,0,0,0,0,0,0,0,0,1000.199998140335,912.7999999523163,87.3999981880188,1,1,1,,,,
2002,903,29114.9558489548,.6950654347310774,.000023873141,1000.199998140335,912.7999999523163,87.3999981880188,1000.199998140335,912.7999999523163,87.3999981880188,1000.199998140335,912.7999999523163,87.3999981880188,0,0,0,0,0,0,0,0,0,0,0,0,0,0,0,0,0,0,0,0,0,0,0,0,1000.199998140335,912.7999999523163,87.3999981880188,1,1,1,,,,
2003,903,29114.9558489548,.6950654347310774,.000023873141,1000.199998140335,912.7999999523163,87.3999981880188,1000.199998140335,912.7999999523163,87.3999981880188,1000.199998140335,912.7999999523163,87.3999981880188,0,0,0,0,0,0,0,0,0,0,0,0,0,0,0,0,0,0,0,0,0,0,0,0,1000.199998140335,912.7999999523163,87.3999981880188,1,1,1,,,,
2004,903,29114.9558489548,.6950654347310774,.000023873141,1000.199998140335,912.7999999523163,87.3999981880188,1000.199998140335,912.7999999523163,87.3999981880188,1000.199998140335,912.7999999523163,87.3999981880188,0,0,0,0,0,0,0,0,0,0,0,0,0,0,0,0,0,0,0,0,0,0,0,0,1000.199998140335,912.7999999523163,87.3999981880188,1,1,1,,,,
2005,903,29114.9558489548,.6950654347310774,.000023873141,1000.199998140335,912.7999999523163,87.3999981880188,1000.199998140335,912.7999999523163,87.3999981880188,1000.199998140335,912.7999999523163,87.3999981880188,0,0,0,0,0,0,0,0,0,0,0,0,0,0,0,0,0,0,0,0,0,0,0,0,1000.199998140335,912.7999999523163,87.3999981880188,1,1,1,,,,
2006,903,29114.9558489548,.6950654347310774,.000023873141,1000.199998140335,912.7999999523163,87.3999981880188,1000.199998140335,912.7999999523163,87.3999981880188,1000.199998140335,912.7999999523163,87.3999981880188,0,0,0,0,0,0,0,0,0,0,0,0,0,0,0,0,0,0,0,0,0,0,0,0,1000.199998140335,912.7999999523163,87.3999981880188,1,1,1,,,,
2007,903,29114.9558489548,.6950654347310774,.000023873141,1000.199998140335,912.7999999523163,87.3999981880188,1000.199998140335,912.7999999523163,87.3999981880188,1000.199998140335,912.7999999523163,87.3999981880188,0,0,0,0,0,0,0,0,0,0,0,0,0,0,0,0,0,0,0,0,0,0,0,0,1000.199998140335,912.7999999523163,87.3999981880188,1,1,1,,,,
2008,903,29114.9558489548,.6950654347310774,.000023873141,1000.199998140335,912.7999999523163,87.3999981880188,1000.199998140335,912.7999999523163,87.3999981880188,1000.199998140335,912.7999999523163,87.3999981880188,0,0,0,0,0,0,0,0,0,0,0,0,0,0,0,0,0,0,0,0,0,0,0,0,1000.199998140335,912.7999999523163,87.3999981880188,1,1,1,,,,
2009,903,29114.9558489548,.6950654347310774,.000023873141,1000.199998140335,912.7999999523163,87.3999981880188,1000.199998140335,912.7999999523163,87.3999981880188,1000.199998140335,912.7999999523163,87.3999981880188,0,0,0,0,0,0,0,0,0,0,0,0,0,0,0,0,0,0,0,0,0,0,0,0,1000.199998140335,912.7999999523163,87.3999981880188,1,1,1,,,,
2010,903,29114.9558489548,.6950654347310774,.000023873141,1000.199998140335,912.7999999523163,87.3999981880188,1000.199998140335,912.7999999523163,87.3999981880188,1000.199998140335,912.7999999523163,87.3999981880188,0,0,0,0,0,0,0,0,0,0,0,0,0,0,0,0,0,0,0,0,0,0,0,0,1000.199998140335,912.7999999523163,87.3999981880188,1,1,1,,,,
2011,903,29114.9558489548,.6950654347310774,.000023873141,1000.199998140335,912.7999999523163,87.3999981880188,1000.199998140335,912.7999999523163,87.3999981880188,1000.199998140335,912.7999999523163,87.3999981880188,0,0,0,0,0,0,0,0,0,0,0,0,0,0,0,0,0,0,0,0,0,0,0,0,1000.199998140335,912.7999999523163,87.3999981880188,1,1,1,,,,
2012,903,29114.9558489548,.6950654347310774,.000023873141,1000.199998140335,912.7999999523163,87.3999981880188,1000.199998140335,912.7999999523163,87.3999981880188,1000.199998140335,912.7999999523163,87.3999981880188,0,0,0,0,0,0,0,0,0,0,0,0,0,0,0,0,0,0,0,0,0,0,0,0,1000.199998140335,912.7999999523163,87.3999981880188,1,1,1,,,,
2013,903,29114.9558489548,.6950654347310774,.000023873141,1000.199998140335,912.7999999523163,87.3999981880188,1000.199998140335,912.7999999523163,87.3999981880188,1000.199998140335,912.7999999523163,87.3999981880188,0,0,0,0,0,0,0,0,0,0,0,0,0,0,0,0,0,0,0,0,0,0,0,0,1000.199998140335,912.7999999523163,87.3999981880188,1,1,1,,,,
2014,903,29114.9558489548,.6950654347310774,.000023873141,1000.199998140335,912.7999999523163,87.3999981880188,1000.199998140335,912.7999999523163,87.3999981880188,1000.199998140335,912.7999999523163,87.3999981880188,0,0,0,0,0,0,0,0,0,0,0,0,0,0,0,0,0,0,0,0,0,0,0,0,1000.199998140335,912.7999999523163,87.3999981880188,1,1,1,,,,
2015,903,29114.9558489548,.6950654347310774,.000023873141,1000.199998140335,912.7999999523163,87.3999981880188,1000.199998140335,912.7999999523163,87.3999981880188,1000.199998140335,912.7999999523163,87.3999981880188,0,0,0,0,0,0,0,0,0,0,0,0,0,0,0,0,0,0,0,0,0,0,0,0,1000.199998140335,912.7999999523163,87.3999981880188,1,1,1,,,,
2016,903,29114.9558489548,.6950654347310774,.000023873141,1000.199998140335,912.7999999523163,87.3999981880188,1000.199998140335,912.7999999523163,87.3999981880188,1000.199998140335,912.7999999523163,87.3999981880188,0,0,0,0,0,0,0,0,0,0,0,0,0,0,0,0,0,0,0,0,0,0,0,0,1000.199998140335,912.7999999523163,87.3999981880188,1,1,1,,,,
2017,903,29114.9558489548,.6950654347310774,.000023873141,1000.199998140335,912.7999999523163,87.3999981880188,1000.199998140335,912.7999999523163,87.3999981880188,1000.199998140335,912.7999999523163,87.3999981880188,0,0,0,0,0,0,0,0,0,0,0,0,0,0,0,0,0,0,0,0,0,0,0,0,1000.199998140335,912.7999999523163,87.3999981880188,1,1,1,,,,
2018,903,29114.9558489548,.6950654347310774,.000023873141,1000.199998140335,912.7999999523163,87.3999981880188,1000.199998140335,912.7999999523163,87.3999981880188,1000.199998140335,912.7999999523163,87.3999981880188,0,0,0,0,0,0,0,0,0,0,0,0,0,0,0,0,0,0,0,0,0,0,0,0,1000.199998140335,912.7999999523163,87.3999981880188,1,1,1,,,,
2019,903,29114.9558489548,.6950654347310774,.000023873141,1000.199998140335,912.7999999523163,87.3999981880188,1000.199998140335,912.7999999523163,87.3999981880188,1000.199998140335,912.7999999523163,87.3999981880188,0,0,0,0,0,0,0,0,0,0,0,0,0,0,0,0,0,0,0,0,0,0,0,0,1000.199998140335,912.7999999523163,87.3999981880188,1,1,1,,,,
2020,903,29114.9558489548,.6950654347310774,.000023873141,1000.199998140335,912.7999999523163,87.3999981880188,1000.199998140335,912.7999999523163,87.3999981880188,1000.199998140335,912.7999999523163,87.3999981880188,0,0,0,0,0,0,0,0,0,0,0,0,0,0,0,0,0,0,0,0,0,0,0,0,1000.199998140335,912.7999999523163,87.3999981880188,1,1,1,,,,
2021,903,29114.9558489548,.6950654347310774,.000023873141,1000.199998140335,912.7999999523163,87.3999981880188,1000.199998140335,912.7999999523163,87.3999981880188,1000.199998140335,912.7999999523163,87.3999981880188,0,0,0,0,0,0,0,0,0,0,0,0,0,0,0,0,0,0,0,0,0,0,0,0,1000.199998140335,912.7999999523163,87.3999981880188,1,1,1,,,,
2022,903,29114.9558489548,.6950654347310774,.000023873141,1000.199998140335,912.7999999523163,87.3999981880188,1000.199998140335,912.7999999523163,87.3999981880188,1000.199998140335,912.7999999523163,87.3999981880188,0,0,0,0,0,0,0,0,0,0,0,0,0,0,0,0,0,0,0,0,0,0,0,0,1000.199998140335,912.7999999523163,87.3999981880188,1,1,1,,,,
2023,903,29114.9558489548,.6950654347310774,.000023873141,1000.199998140335,912.7999999523163,87.3999981880188,1000.199998140335,912.7999999523163,87.3999981880188,1000.199998140335,912.7999999523163,87.3999981880188,0,0,0,0,0,0,0,0,0,0,0,0,0,0,0,0,0,0,0,0,0,0,0,0,1000.199998140335,912.7999999523163,87.3999981880188,1,1,1,,,,
2024,903,29114.9558489548,.6950654347310774,.000023873141,1000.199998140335,912.7999999523163,87.3999981880188,1000.199998140335,912.7999999523163,87.3999981880188,1000.199998140335,912.7999999523163,87.3999981880188,0,0,0,0,0,0,0,0,0,0,0,0,0,0,0,0,0,0,0,0,0,0,0,0,1000.199998140335,912.7999999523163,87.3999981880188,1,1,1,,,,
1993,904,6398.086448609801,91.62696004658937,.014320995,55163.3159209257,3768.874316394329,51394.44160447177,55163.3159209257,3768.874316394329,51394.44160447177,261281.0977912908,3767.679812610149,257513.4179328447,51265.37146711349,59.67456817626953,51205.69690656662,263418.7035284042,58.47983169555664,263360.2236700058,257383.1529712677,58.47983169555664,257324.6731128693,0,0,0,0,0,0,0,0,0,0,0,0,0,0,0,3897.943477249704,3709.199999988079,188.7434772020206,1,1,1,1,1,,
1994,904,6398.086448609801,91.62696004658937,.014320995,69483.55698165949,3741.919642627239,65741.63737711962,69483.55698165949,3741.919642627239,65741.63737711962,261281.0977912908,3767.679812610149,257513.4179328447,65585.61423683167,32.71954727172852,65552.89463233948,263418.7035284042,58.47983169555664,263360.2236700058,257383.1529712677,58.47983169555664,257324.6731128693,0,0,0,0,0,0,0,0,0,0,0,0,0,0,0,3897.943477249704,3709.199999988079,188.7434772020206,.50745928,.9922393,.50036645,.5,.5,,
1995,904,6398.086448609801,91.62696004658937,.014320995,52074.75131950434,3767.525313556194,48307.22600207385,52074.75131950434,3767.525313556194,48307.22600207385,261281.0977912908,3767.679812610149,257513.4179328447,48176.81016159058,58.32565689086914,48118.48447799683,263418.7035284042,58.47983169555664,263360.2236700058,257383.1529712677,58.47983169555664,257324.6731128693,0,0,0,0,0,0,0,0,0,0,0,0,0,0,0,3897.943477249704,3709.199999988079,188.7434772020206,1,1,1,1,1,,
1996,904,6398.086448609801,91.62696004658937,.014320995,63253.30848608073,3769.436976611614,59483.87154755648,63253.30848608073,3769.436976611614,59483.87154755648,261281.0977912908,3767.679812610149,257513.4179328447,59355.36915922165,60.23681259155273,59295.1323428154,263416.6175909042,56.39389419555664,263360.2236700058,257383.1529712677,58.47983169555664,257324.6731128693,0,0,0,0,0,0,0,0,0,0,0,0,0,0,0,3897.943477249704,3709.199999988079,188.7434772020206,1,1,1,1,1,,
1997,904,6398.086448609801,91.62696004658937,.014320995,74331.33476266917,3765.87999266386,70565.45483098086,74331.33476266917,3765.87999266386,70565.45483098086,261281.0977912908,3767.679812610149,257513.4179328447,70433.39140748978,56.68037796020508,70376.7109875679,263416.369055748,56.14534759521484,263360.2236700058,257383.1529712677,58.47983169555664,257324.6731128693,0,0,0,0,0,0,0,0,0,0,0,0,0,0,0,3897.943477249704,3709.199999988079,188.7434772020206,1,1,1,1,1,,
1998,904,6398.086448609801,91.62696004658937,.014320995,52308.94483337458,3753.330813586712,48555.6139739519,52308.94483337458,3753.330813586712,48555.6139739519,261281.0977912908,3767.679812610149,257513.4179328447,48411.00318717957,44.1310920715332,48366.87208366394,288414.9339971542,54.71033096313477,288360.2236700058,257383.1529712677,58.47983169555664,257324.6731128693,0,0,0,0,0,0,0,0,0,0,0,0,0,0,0,3897.943477249704,3709.199999988079,188.7434772020206,1,1,1,1,1,,
1999,904,6398.086448609801,91.62696004658937,.014320995,80766.98205051478,3768.896220386028,76998.08588347491,80766.98205051478,3768.896220386028,76998.08588347491,261281.0977912908,3767.679812610149,257513.4179328447,76869.04260158539,59.69586944580078,76809.34667873383,288414.9339971542,54.71033096313477,288360.2236700058,257383.1529712677,58.47983169555664,257324.6731128693,0,0,0,0,0,0,0,0,0,0,0,0,0,0,0,3897.943477249704,3709.199999988079,188.7434772020206,1,1,1,1,1,,
2000,904,6398.086448609801,91.62696004658937,.014320995,99710.568930245,3777.129748523235,95933.43915114459,99710.568930245,3777.129748523235,95933.43915114459,261281.0977912908,3767.679812610149,257513.4179328447,95812.62343883514,67.93029022216797,95744.69317150116,288411.0881719589,50.86448669433594,288360.2236700058,257383.1529712677,58.47983169555664,257324.6731128693,0,0,0,0,0,0,0,0,0,0,0,0,0,0,0,3897.943477249704,3709.199999988079,188.7434772020206,.90149182,.99844784,.90007329,.89999998,.89999998,,
2001,904,6398.086448609801,91.62696004658937,.014320995,84117.65876588877,3746.577735126019,80371.08103070315,84117.65876588877,3746.577735126019,80371.08103070315,261281.0977912908,3767.679812610149,257513.4179328447,80219.712870121,37.37790298461914,80182.33496332169,288409.952673912,49.72904205322266,288360.2236700058,257383.1529712677,58.47983169555664,257324.6731128693,0,0,0,0,0,0,0,0,0,0,0,0,0,0,0,3897.943477249704,3709.199999988079,188.7434772020206,.39910033,.99053192,.39044708,.38999999,.38999999,,
2002,904,6398.086448609801,91.62696004658937,.014320995,126005.098947621,3755.859328448772,122249.2396152979,126005.098947621,3755.859328448772,122249.2396152979,261281.0977912908,3767.679812610149,257513.4179328447,122107.1601548195,46.65930938720703,122060.5008530617,290760.8892354965,49.72904205322266,290711.1602315903,257383.1529712677,58.47983169555664,257324.6731128693,0,0,0,0,0,0,0,0,0,0,0,0,0,0,0,3897.943477249704,3709.199999988079,188.7434772020206,.70447558,.99534357,.70021987,.69999999,.69999999,,
2003,904,6398.086448609801,91.62696004658937,.014320995,92078.49565563258,3761.845668017864,88316.64996466693,92078.49565563258,3761.845668017864,88316.64996466693,261281.0977912908,3767.679812610149,257513.4179328447,88180.55150699615,52.6456298828125,88127.90587711334,290760.8892354965,49.72904205322266,290711.1602315903,257383.1529712677,58.47983169555664,257324.6731128693,0,0,0,0,0,0,0,0,0,0,0,0,0,0,0,3897.943477249704,3709.199999988079,188.7434772020206,.90149182,.99844784,.90007329,.89999998,.89999998,,
2004,904,6398.086448609801,91.62696004658937,.014320995,122422.0085974699,3750.080527484417,118671.9281042581,122422.0085974699,3750.080527484417,118671.9281042581,261281.0977912908,3767.679812610149,257513.4179328447,118524.0610918999,40.88037872314453,118483.1807208061,290760.7619161606,49.60166549682617,290711.1602315903,257383.1529712677,58.47983169555664,257324.6731128693,0,0,0,0,0,0,0,0,0,0,0,0,0,0,0,3897.943477249704,3709.199999988079,188.7434772020206,.65522146,.99456751,.65025651,.64999998,.64999998,,
2005,904,6398.086448609801,91.62696004658937,.014320995,96719.76960907038,3785.450892627239,92934.31869349536,96719.76960907038,3785.450892627239,92934.31869349536,261281.0977912908,3767.679812610149,257513.4179328447,92821.82106590271,76.25034332275391,92745.57069969177,290760.7619161606,49.60166549682617,290711.1602315903,257383.1529712677,58.47983169555664,257324.6731128693,0,0,0,0,0,0,0,0,0,0,0,0,0,0,0,3897.943477249704,3709.199999988079,188.7434772020206,.90149182,.99844784,.90007329,.89999998,.89999998,,
2006,904,6398.086448609801,91.62696004658937,.014320995,137291.5723234182,3776.052851855755,133515.5194180971,137291.5723234182,3776.052851855755,133515.5194180971,261281.0977912908,3767.679812610149,257513.4179328447,133393.6314096451,66.85293579101563,133326.7785043716,290760.7619161606,49.60166549682617,290711.1602315903,257383.1529712677,58.47983169555664,257324.6731128693,0,0,0,0,0,0,0,0,0,0,0,0,0,0,0,3897.943477249704,3709.199999988079,188.7434772020206,1,1,1,1,1,,
2007,904,6398.086448609801,91.62696004658937,.014320995,170797.6254793173,3763.707751452923,167033.9177278047,170797.6254793173,3763.707751452923,167033.9177278047,261281.0977912908,3767.679812610149,257513.4179328447,166899.6854200363,54.50776290893555,166845.1776685715,290760.7619161606,49.60166549682617,290711.1602315903,257383.1529712677,58.47983169555664,257324.6731128693,0,0,0,0,0,0,0,0,0,0,0,0,0,0,0,3897.943477249704,3709.199999988079,188.7434772020206,.60596746,.9937914,.60029322,.60000002,.60000002,,
2008,904,6398.086448609801,91.62696004658937,.014320995,107104.8686729437,3749.886824786663,103354.9818442827,107104.8686729437,3749.886824786663,103354.9818442827,261281.0977912908,3767.679812610149,257513.4179328447,103206.9261417389,40.68671035766602,103166.2394351959,290760.7619161606,49.60166549682617,290711.1602315903,257383.1529712677,58.47983169555664,257324.6731128693,0,0,0,0,0,0,0,0,0,0,0,0,0,0,0,3897.943477249704,3709.199999988079,188.7434772020206,.35969707,.98991108,.35047641,.34999999,.34999999,,
2009,904,6398.086448609801,91.62696004658937,.014320995,107835.8063875204,3753.962653338909,104081.8437303072,107835.8063875204,3753.962653338909,104081.8437303072,261281.0977912908,3767.679812610149,257513.4179328447,103937.858836174,44.76255798339844,103893.0962820053,290760.7619161606,49.60166549682617,290711.1602315903,257383.1529712677,58.47983169555664,257324.6731128693,0,0,0,0,0,0,0,0,0,0,0,0,0,0,0,3897.943477249704,3709.199999988079,188.7434772020206,.40895116,.99068713,.40043977,.40000001,.40000001,,
2010,904,6398.086448609801,91.62696004658937,.014320995,137216.1281434065,3748.801856219769,133467.3262833124,137216.1281434065,3748.801856219769,133467.3262833124,261281.0977912908,3767.679812610149,257513.4179328447,133318.1816906929,39.60171890258789,133278.579975605,297759.8434591293,48.68325805664063,297711.1602315903,257383.1529712677,58.47983169555664,257324.6731128693,0,0,0,0,0,0,0,0,0,0,0,0,0,0,0,3897.943477249704,3709.199999988079,188.7434772020206,.50745928,.9922393,.50036645,.5,.5,,
2011,904,6398.086448609801,91.62696004658937,.014320995,121181.1768136984,3775.632014453411,117405.5447762972,121181.1768136984,3775.632014453411,117405.5447762972,261281.0977912908,3767.679812610149,257513.4179328447,117283.2316274643,66.43190002441406,117216.7997121811,297759.8434591293,48.68325805664063,297711.1602315903,257383.1529712677,58.47983169555664,257324.6731128693,0,0,0,0,0,0,0,0,0,0,0,0,0,0,0,3897.943477249704,3709.199999988079,188.7434772020206,.8029837,.99689573,.80014658,.80000001,.80000001,,
2012,904,6398.086448609801,91.62696004658937,.014320995,215330.3132005697,3753.947665393353,211576.3655503755,215330.3132005697,3753.947665393353,211576.3655503755,261281.0977912908,3767.679812610149,257513.4179328447,211432.3688077927,44.74797821044922,211387.6208219528,297759.8434591293,48.68325805664063,297711.1602315903,257383.1529712677,58.47983169555664,257324.6731128693,0,0,0,0,0,0,0,0,0,0,0,0,0,0,0,3897.943477249704,3709.199999988079,188.7434772020206,.65522146,.99456751,.65025651,.64999998,.64999998,,
2013,904,6398.086448609801,91.62696004658937,.014320995,83676.01248655375,3750.059771716595,79925.95271477755,83676.01248655375,3750.059771716595,79925.95271477755,261281.0977912908,3767.679812610149,257513.4179328447,79778.07084035873,40.86011505126953,79737.21073293686,297759.8434591293,48.68325805664063,297711.1602315903,257383.1529712677,58.47983169555664,257324.6731128693,0,0,0,0,0,0,0,0,0,0,0,0,0,0,0,3897.943477249704,3709.199999988079,188.7434772020206,.35969707,.98991108,.35047641,.34999999,.34999999,,
2014,904,6398.086448609801,91.62696004658937,.014320995,32871.09593424853,3738.819241702557,29132.27669338137,32871.09593424853,3738.819241702557,29132.27669338137,261281.0977912908,3767.679812610149,257513.4179328447,28973.15454554558,29.61881828308105,28943.53572810255,300458.7204475403,48.68325805664063,300410.0372200012,257383.1529712677,58.47983169555664,257324.6731128693,0,0,0,0,0,0,0,0,0,0,0,0,0,0,0,3897.943477249704,3709.199999988079,188.7434772020206,.064172655,.98525465,.050696298,.050000001,.050000001,,
2015,904,6398.086448609801,91.62696004658937,.014320995,48010.25313267764,3738.407622516155,44271.84550628718,48010.25313267764,3738.407622516155,44271.84550628718,261281.0977912908,3767.679812610149,257513.4179328447,44112.30797696114,29.20788764953613,44083.10009121895,303458.7204475403,48.68325805664063,303410.0372200012,257383.1529712677,58.47983169555664,257324.6731128693,0,0,0,0,0,0,0,0,0,0,0,0,0,0,0,3897.943477249704,3709.199999988079,188.7434772020206,.21193486,.98758286,.20058636,.2,.2,,
2016,904,6398.086448609801,91.62696004658937,.014320995,120312.3758264547,3745.6288215518,116566.747008658,120312.3758264547,3745.6288215518,116566.747008658,261281.0977912908,3767.679812610149,257513.4179328447,116414.437048912,36.42929840087891,116378.0077505112,303458.7204475403,48.68325805664063,303410.0372200012,257383.1529712677,58.47983169555664,257324.6731128693,0,0,0,0,0,0,0,0,0,0,0,0,0,0,0,3897.943477249704,3709.199999988079,188.7434772020206,.60596746,.9937914,.60029322,.60000002,.60000002,,
2017,904,6398.086448609801,91.62696004658937,.014320995,214109.2032228475,3775.780749499798,210333.4224732881,214109.2032228475,3775.780749499798,210333.4224732881,261281.0977912908,3767.679812610149,257513.4179328447,210211.2597150803,66.58033752441406,210144.6793928146,303458.7204475403,48.68325805664063,303410.0372200012,257383.1529712677,58.47983169555664,257324.6731128693,0,0,0,0,0,0,0,0,0,0,0,0,0,0,0,3897.943477249704,3709.199999988079,188.7434772020206,.85223776,.99767178,.85010993,.85000002,.85000002,,
2018,904,6398.086448609801,91.62696004658937,.014320995,109586.6027933126,3744.108023822308,105842.4947732454,109586.6027933126,3744.108023822308,105842.4947732454,261281.0977912908,3767.679812610149,257513.4179328447,105688.6590261459,34.90829467773438,105653.7507314682,303458.7204475403,48.68325805664063,303410.0372200012,257383.1529712677,58.47983169555664,257324.6731128693,0,0,0,0,0,0,0,0,0,0,0,0,0,0,0,3897.943477249704,3709.199999988079,188.7434772020206,.35969707,.98991108,.35047641,.34999999,.34999999,,
2019,904,6398.086448609801,91.62696004658937,.014320995,165505.494465447,3764.906867206097,161740.587601996,165505.494465447,3764.906867206097,161740.587601996,261281.0977912908,3767.679812610149,257513.4179328447,161607.5542535782,55.70663452148438,161551.8476114273,303458.7204475403,48.68325805664063,303410.0372200012,257383.1529712677,58.47983169555664,257324.6731128693,0,0,0,0,0,0,0,0,0,0,0,0,0,0,0,3897.943477249704,3709.199999988079,188.7434772020206,.75372964,.99611962,.75018322,.75,.75,,
2020,904,6398.086448609801,91.62696004658937,.014320995,65081.24338731822,3743.434672534466,61337.80871472415,65081.24338731822,3743.434672534466,61337.80871472415,261281.0977912908,3767.679812610149,257513.4179328447,61183.30144357681,34.23458099365234,61149.06686258316,307458.7204475403,48.68325805664063,307410.0372200012,257383.1529712677,58.47983169555664,257324.6731128693,0,0,0,0,0,0,0,0,0,0,0,0,0,0,0,3897.943477249704,3709.199999988079,188.7434772020206,.21193486,.98758286,.20058636,.2,.2,,
2021,904,6398.086448609801,91.62696004658937,.014320995,38623.55438146647,3742.892768085003,34880.66161141451,38623.55438146647,3742.892768085003,34880.66161141451,261281.0977912908,3767.679812610149,257513.4179328447,34725.60901212692,33.69266128540039,34691.91635084152,307458.7204475403,48.68325805664063,307410.0372200012,257383.1529712677,58.47983169555664,257324.6731128693,0,0,0,0,0,0,0,0,0,0,0,0,0,0,0,3897.943477249704,3709.199999988079,188.7434772020206,.064172655,.98525465,.050696298,.050000001,.050000001,,
2022,904,6398.086448609801,91.62696004658937,.014320995,32093.37219557818,3737.663941562176,28355.7082539564,32093.37219557818,3737.663941562176,28355.7082539564,261281.0977912908,3767.679812610149,257513.4179328447,28195.42574667931,28.46339988708496,28166.96234583855,307458.7204475403,48.68325805664063,307410.0372200012,257383.1529712677,58.47983169555664,257324.6731128693,0,0,0,0,0,0,0,0,0,0,0,0,0,0,0,3897.943477249704,3709.199999988079,188.7434772020206,.064172655,.98525465,.050696298,.050000001,.050000001,,
2023,904,6398.086448609801,91.62696004658937,.014320995,276234.6505466467,3779.710147082806,272454.9403918749,276234.6505466467,3779.710147082806,272454.9403918749,261281.0977912908,3767.679812610149,257513.4179328447,272336.7066268921,70.51068115234375,272266.1959495544,307458.7204475403,48.68325805664063,307410.0372200012,257383.1529712677,58.47983169555664,257324.6731128693,0,0,0,0,0,0,0,0,0,0,0,0,0,0,0,3897.943477249704,3709.199999988079,188.7434772020206,1,1,1,1,1,,
2024,904,6398.086448609801,91.62696004658937,.014320995,117488.8470974928,3746.697642505169,113742.149454928,117488.8470974928,3746.697642505169,113742.149454928,261281.0977912908,3767.679812610149,257513.4179328447,113590.9042992592,37.4971809387207,113553.4071145058,307458.7204475403,48.68325805664063,307410.0372200012,257383.1529712677,58.47983169555664,257324.6731128693,0,0,0,0,0,0,0,0,0,0,0,0,0,0,0,3897.943477249704,3709.199999988079,188.7434772020206,.40895116,.99068713,.40043977,.40000001,.40000001,,
1993,905,14171.78489715476,9.360499745584093,.00066050253,30079.96226467937,835.4000110626221,29244.56225218624,30079.96226467937,835.4000110626221,29244.56225218624,30510.67132880539,835.4000110626221,29675.27131631225,29148.50811934471,0,29148.50811934471,29609.63536190987,0,29609.63536190987,29579.21718335152,0,29579.21718335152,0,0,0,0,0,0,0,0,0,0,0,0,0,0,0,931.4541454538703,835.4000110626221,96.05413391441107,1,1,1,,1,,
1994,905,14171.78489715476,9.360499745584093,.00066050253,18835.02324905246,835.4000110626221,17999.62323655933,18835.02324905246,835.4000110626221,17999.62323655933,30510.67132880539,835.4000110626221,29675.27131631225,17903.56910347939,0,17903.56910347939,29609.63536190987,0,29609.63536190987,29579.21718335152,0,29579.21718335152,0,0,0,0,0,0,0,0,0,0,0,0,0,0,0,931.4541454538703,835.4000110626221,96.05413391441107,.51526779,1,.50161844,,.5,,
1995,905,14171.78489715476,9.360499745584093,.00066050253,30100.06125297397,835.4000110626221,29264.66124048084,30100.06125297397,835.4000110626221,29264.66124048084,30510.67132880539,835.4000110626221,29675.27131631225,29168.60710757971,0,29168.60710757971,29609.63536190987,0,29609.63536190987,29579.21718335152,0,29579.21718335152,0,0,0,0,0,0,0,0,0,0,0,0,0,0,0,931.4541454538703,835.4000110626221,96.05413391441107,1,1,1,,1,,
1996,905,14171.78489715476,9.360499745584093,.00066050253,79152.66860391945,835.4000110626221,78317.26859142631,79152.66860391945,835.4000110626221,78317.26859142631,30510.67132880539,835.4000110626221,29675.27131631225,78221.21445858479,0,78221.21445858479,29609.63536190987,0,29609.63536190987,29579.21718335152,0,29579.21718335152,0,0,0,0,0,0,0,0,0,0,0,0,0,0,0,931.4541454538703,835.4000110626221,96.05413391441107,1,1,1,,1,,
1997,905,14171.78489715476,9.360499745584093,.00066050253,54395.87128200382,835.4000110626221,53560.47126951069,54395.87128200382,835.4000110626221,53560.47126951069,30510.67132880539,835.4000110626221,29675.27131631225,53464.41713643074,0,53464.41713643074,29609.63536190987,0,29609.63536190987,29579.21718335152,0,29579.21718335152,0,0,0,0,0,0,0,0,0,0,0,0,0,0,0,931.4541454538703,835.4000110626221,96.05413391441107,1,1,1,,1,,
1998,905,14171.78489715476,9.360499745584093,.00066050253,54848.58071925491,835.4000110626221,54013.18070676178,54848.58071925491,835.4000110626221,54013.18070676178,30510.67132880539,835.4000110626221,29675.27131631225,53917.12657380104,0,53917.12657380104,29609.63536190987,0,29609.63536190987,29579.21718335152,0,29579.21718335152,0,0,0,0,0,0,0,0,0,0,0,0,0,0,0,931.4541454538703,835.4000110626221,96.05413391441107,1,1,1,,1,,
1999,905,14171.78489715476,9.360499745584093,.00066050253,45397.15255691856,835.4000110626221,44561.75254442543,45397.15255691856,835.4000110626221,44561.75254442543,30510.67132880539,835.4000110626221,29675.27131631225,44465.69841134548,0,44465.69841134548,29609.63536190987,0,29609.63536190987,29579.21718335152,0,29579.21718335152,0,0,0,0,0,0,0,0,0,0,0,0,0,0,0,931.4541454538703,835.4000110626221,96.05413391441107,1,1,1,,1,,
2000,905,14171.78489715476,9.360499745584093,.00066050253,45568.50515796989,835.4000110626221,44733.10514547676,45568.50515796989,835.4000110626221,44733.10514547676,30510.67132880539,835.4000110626221,29675.27131631225,44637.05101263523,0,44637.05101263523,29609.63536190987,0,29609.63536190987,29579.21718335152,0,29579.21718335152,0,0,0,0,0,0,0,0,0,0,0,0,0,0,0,931.4541454538703,835.4000110626221,96.05413391441107,.90305352,1,.90032363,,.89999992,,
2001,905,14171.78489715476,9.360499745584093,.00066050253,12636.16927506775,835.4000110626221,11800.76926257461,12636.16927506775,835.4000110626221,11800.76926257461,30510.67132880539,835.4000110626221,29675.27131631225,11704.71512965858,0,11704.71512965858,29609.63536190987,0,29609.63536190987,29579.21718335152,0,29579.21718335152,0,0,0,0,0,0,0,0,0,0,0,0,0,0,0,931.4541454538703,835.4000110626221,96.05413391441107,.40862668,1,.39197448,,.38999999,,
2002,905,14171.78489715476,9.360499745584093,.00066050253,22208.40353967994,835.4000110626221,21373.00352718681,22208.40353967994,835.4000110626221,21373.00352718681,30510.67132880539,835.4000110626221,29675.27131631225,21276.94939434528,0,21276.94939434528,29624.12019753456,0,29624.12019753456,29579.21718335152,0,29579.21718335152,0,0,0,0,0,0,0,0,0,0,0,0,0,0,0,931.4541454538703,835.4000110626221,96.05413391441107,.70916063,1,.70097101,,.69999999,,
2003,905,14171.78489715476,9.360499745584093,.00066050253,19314.87676241249,835.4000110626221,18479.47674991935,19314.87676241249,835.4000110626221,18479.47674991935,30510.67132880539,835.4000110626221,29675.27131631225,18383.42261707783,0,18383.42261707783,29624.12019753456,0,29624.12019753456,29579.21718335152,0,29579.21718335152,0,0,0,0,0,0,0,0,0,0,0,0,0,0,0,931.4541454538703,835.4000110626221,96.05413391441107,.90305352,1,.90032363,,.89999992,,
2004,905,14171.78489715476,9.360499745584093,.00066050253,17315.89133086056,835.4000110626221,16480.49131836742,17315.89133086056,835.4000110626221,16480.49131836742,30510.67132880539,835.4000110626221,29675.27131631225,16384.43718528748,0,16384.43718528748,29624.12019753456,0,29624.12019753456,29579.21718335152,0,29579.21718335152,0,0,0,0,0,0,0,0,0,0,0,0,0,0,0,931.4541454538703,835.4000110626221,96.05413391441107,.66068739,1,.65113282,,.64999998,,
2005,905,14171.78489715476,9.360499745584093,.00066050253,38507.5574817881,835.4000110626221,37672.15746929497,38507.5574817881,835.4000110626221,37672.15746929497,30510.67132880539,835.4000110626221,29675.27131631225,37576.10333633423,0,37576.10333633423,38662.93269753456,0,38662.93269753456,29579.21718335152,0,29579.21718335152,0,0,0,0,0,0,0,0,0,0,0,0,0,0,0,931.4541454538703,835.4000110626221,96.05413391441107,.90305352,1,.90032363,,.89999992,,
2006,905,14171.78489715476,9.360499745584093,.00066050253,39298.91405989975,835.4000110626221,38463.51404740661,39298.91405989975,835.4000110626221,38463.51404740661,30510.67132880539,835.4000110626221,29675.27131631225,38367.45991456509,0,38367.45991456509,38662.93269753456,0,38662.93269753456,29579.21718335152,0,29579.21718335152,0,0,0,0,0,0,0,0,0,0,0,0,0,0,0,931.4541454538703,835.4000110626221,96.05413391441107,1,1,1,,1,,
2007,905,14171.78489715476,9.360499745584093,.00066050253,24283.64283134788,835.4000110626221,23448.24281885475,24283.64283134788,835.4000110626221,23448.24281885475,30510.67132880539,835.4000110626221,29675.27131631225,23352.18868595362,0,23352.18868595362,38662.93269753456,0,38662.93269753456,29579.21718335152,0,29579.21718335152,0,0,0,0,0,0,0,0,0,0,0,0,0,0,0,931.4541454538703,835.4000110626221,96.05413391441107,.61221427,1,.60129482,,.60000008,,
2008,905,14171.78489715476,9.360499745584093,.00066050253,21268.55172922462,835.4000110626221,20433.15171673149,21268.55172922462,835.4000110626221,20433.15171673149,30510.67132880539,835.4000110626221,29675.27131631225,20337.09758365154,0,20337.09758365154,38662.93269753456,0,38662.93269753456,29579.21718335152,0,29579.21718335152,0,0,0,0,0,0,0,0,0,0,0,0,0,0,0,931.4541454538703,835.4000110626221,96.05413391441107,.36984807,1,.35210392,,.34999999,,
2009,905,14171.78489715476,9.360499745584093,.00066050253,15024.68472101539,835.4000110626221,14189.28470852226,15024.68472101539,835.4000110626221,14189.28470852226,30510.67132880539,835.4000110626221,29675.27131631225,14093.23057556152,0,14093.23057556152,38662.93269753456,0,38662.93269753456,29579.21718335152,0,29579.21718335152,0,0,0,0,0,0,0,0,0,0,0,0,0,0,0,931.4541454538703,835.4000110626221,96.05413391441107,.41832134,1,.4019421,,.40000001,,
2010,905,14171.78489715476,9.360499745584093,.00066050253,24900.6813743338,835.4000110626221,24065.28136184067,24900.6813743338,835.4000110626221,24065.28136184067,30510.67132880539,835.4000110626221,29675.27131631225,23969.22722899914,0,23969.22722899914,43030.42879128456,0,43030.42879128456,29579.21718335152,0,29579.21718335152,0,0,0,0,0,0,0,0,0,0,0,0,0,0,0,931.4541454538703,835.4000110626221,96.05413391441107,.51526779,1,.50161844,,.5,,
2011,905,14171.78489715476,9.360499745584093,.00066050253,29019.3626890406,835.4000110626221,28183.96267654747,29019.3626890406,835.4000110626221,28183.96267654747,30510.67132880539,835.4000110626221,29675.27131631225,28087.90854358673,0,28087.90854358673,43030.42879128456,0,43030.42879128456,29579.21718335152,0,29579.21718335152,0,0,0,0,0,0,0,0,0,0,0,0,0,0,0,931.4541454538703,835.4000110626221,96.05413391441107,.8061071,1,.80064738,,.80000001,,
2012,905,14171.78489715476,9.360499745584093,.00066050253,35727.03614547104,835.4000110626221,34891.6361329779,35727.03614547104,835.4000110626221,34891.6361329779,30510.67132880539,835.4000110626221,29675.27131631225,34795.58200013638,0,34795.58200013638,43030.42879128456,0,43030.42879128456,29579.21718335152,0,29579.21718335152,0,0,0,0,0,0,0,0,0,0,0,0,0,0,0,931.4541454538703,835.4000110626221,96.05413391441107,.66068739,1,.65113282,,.64999998,,
2013,905,14171.78489715476,9.360499745584093,.00066050253,16970.54671289772,835.4000110626221,16135.14670040458,16970.54671289772,835.4000110626221,16135.14670040458,30510.67132880539,835.4000110626221,29675.27131631225,16039.09256750345,0,16039.09256750345,43030.42879128456,0,43030.42879128456,29579.21718335152,0,29579.21718335152,0,0,0,0,0,0,0,0,0,0,0,0,0,0,0,931.4541454538703,835.4000110626221,96.05413391441107,.36984807,1,.35210392,,.34999999,,
2014,905,14171.78489715476,9.360499745584093,.00066050253,3336.926719211042,835.4000110626221,2501.526706717908,3336.926719211042,835.4000110626221,2501.526706717908,30510.67132880539,835.4000110626221,29675.27131631225,2405.472573719919,0,2405.472573719919,43047.05742430687,0,43047.05742430687,29579.21718335152,0,29579.21718335152,0,0,0,0,0,0,0,0,0,0,0,0,0,0,0,931.4541454538703,835.4000110626221,96.05413391441107,.079008758,1,.053075001,,.050000001,,
2015,905,14171.78489715476,9.360499745584093,.00066050253,9520.969935588539,835.4000110626221,8685.569923095405,9520.969935588539,835.4000110626221,8685.569923095405,30510.67132880539,835.4000110626221,29675.27131631225,8589.515790015459,0,8589.515790015459,43047.05742430687,0,43047.05742430687,29579.21718335152,0,29579.21718335152,0,0,0,0,0,0,0,0,0,0,0,0,0,0,0,931.4541454538703,835.4000110626221,96.05413391441107,.22442843,1,.20258948,,.2,,
2016,905,14171.78489715476,9.360499745584093,.00066050253,17761.39184524864,835.4000110626221,16925.99183275551,17761.39184524864,835.4000110626221,16925.99183275551,30510.67132880539,835.4000110626221,29675.27131631225,16829.93769979477,0,16829.93769979477,43047.05742430687,0,43047.05742430687,29579.21718335152,0,29579.21718335152,0,0,0,0,0,0,0,0,0,0,0,0,0,0,0,931.4541454538703,835.4000110626221,96.05413391441107,.61221427,1,.60129482,,.60000008,,
2017,905,14171.78489715476,9.360499745584093,.00066050253,25562.64035298675,835.4000110626221,24727.24034049362,25562.64035298675,835.4000110626221,24727.24034049362,30510.67132880539,835.4000110626221,29675.27131631225,24631.18620753288,0,24631.18620753288,43047.05742430687,0,43047.05742430687,29579.21718335152,0,29579.21718335152,0,0,0,0,0,0,0,0,0,0,0,0,0,0,0,931.4541454538703,835.4000110626221,96.05413391441107,.8545804,1,.85048556,,.85000002,,
2018,905,14171.78489715476,9.360499745584093,.00066050253,37548.07910134643,835.4000110626221,36712.6790888533,37548.07910134643,835.4000110626221,36712.6790888533,30510.67132880539,835.4000110626221,29675.27131631225,36616.62495577335,0,36616.62495577335,43047.05742430687,0,43047.05742430687,29579.21718335152,0,29579.21718335152,0,0,0,0,0,0,0,0,0,0,0,0,0,0,0,931.4541454538703,835.4000110626221,96.05413391441107,.36984807,1,.35210392,,.34999999,,
2019,905,14171.78489715476,9.360499745584093,.00066050253,11896.5537808165,835.4000110626221,11061.15376832336,11896.5537808165,835.4000110626221,11061.15376832336,30510.67132880539,835.4000110626221,29675.27131631225,10965.09963524342,0,10965.09963524342,43047.05742430687,0,43047.05742430687,29579.21718335152,0,29579.21718335152,0,0,0,0,0,0,0,0,0,0,0,0,0,0,0,931.4541454538703,835.4000110626221,96.05413391441107,.75763386,1,.75080919,,.75,,
2020,905,14171.78489715476,9.360499745584093,.00066050253,30911.93730594963,835.4000110626221,30076.53729345649,30911.93730594963,835.4000110626221,30076.53729345649,30510.67132880539,835.4000110626221,29675.27131631225,29980.48316055536,0,29980.48316055536,43047.05742430687,0,43047.05742430687,29579.21718335152,0,29579.21718335152,0,0,0,0,0,0,0,0,0,0,0,0,0,0,0,931.4541454538703,835.4000110626221,96.05413391441107,.22442843,1,.20258948,,.2,,
2021,905,14171.78489715476,9.360499745584093,.00066050253,3704.047397337854,835.4000110626221,2868.64738484472,3704.047397337854,835.4000110626221,2868.64738484472,30510.67132880539,835.4000110626221,29675.27131631225,2772.593251883984,0,2772.593251883984,43047.05742430687,0,43047.05742430687,29579.21718335152,0,29579.21718335152,0,0,0,0,0,0,0,0,0,0,0,0,0,0,0,931.4541454538703,835.4000110626221,96.05413391441107,.079008758,1,.053075001,,.050000001,,
2022,905,14171.78489715476,9.360499745584093,.00066050253,3452.038391403854,835.4000110626221,2616.63837891072,3452.038391403854,835.4000110626221,2616.63837891072,30510.67132880539,835.4000110626221,29675.27131631225,2520.584245987237,0,2520.584245987237,43047.05742430687,0,43047.05742430687,29579.21718335152,0,29579.21718335152,0,0,0,0,0,0,0,0,0,0,0,0,0,0,0,931.4541454538703,835.4000110626221,96.05413391441107,.079008758,1,.053075001,,.050000001,,
2023,905,14171.78489715476,9.360499745584093,.00066050253,15624.22539594024,835.4000110626221,14788.82538344711,15624.22539594024,835.4000110626221,14788.82538344711,30510.67132880539,835.4000110626221,29675.27131631225,14692.77125048637,0,14692.77125048637,43047.05742430687,0,43047.05742430687,29579.21718335152,0,29579.21718335152,0,0,0,0,0,0,0,0,0,0,0,0,0,0,0,931.4541454538703,835.4000110626221,96.05413391441107,1,1,1,,1,,
2024,905,14171.78489715476,9.360499745584093,.00066050253,21774.18966021389,835.4000110626221,20938.78964772075,21774.18966021389,835.4000110626221,20938.78964772075,30510.67132880539,835.4000110626221,29675.27131631225,20842.73551464081,0,20842.73551464081,43047.05742430687,0,43047.05742430687,29579.21718335152,0,29579.21718335152,0,0,0,0,0,0,0,0,0,0,0,0,0,0,0,931.4541454538703,835.4000110626221,96.05413391441107,.41832134,1,.4019421,,.40000001,,
1993,1001,17590.7390784348,.1842671650811099,.000010475237,7239.681674709776,65.49999898672104,7174.181675723055,7239.681674709776,65.49999898672104,7174.181675723055,16036.47461854503,65.49999898672104,15970.97461955831,7157.135356545448,0,7157.135356545448,15953.92830038071,0,15953.92830038071,15953.92830038071,0,15953.92830038071,0,0,0,0,0,0,0,0,0,0,0,0,0,0,0,82.54631816432811,65.49999898672104,17.04631917760707,1,1,1,,1,,
1994,1001,17590.7390784348,.1842671650811099,.000010475237,7845.561865141848,65.49999898672104,7780.061866155127,7845.561865141848,65.49999898672104,7780.061866155127,16036.47461854503,65.49999898672104,15970.97461955831,7763.01554697752,0,7763.01554697752,15953.92830038071,0,15953.92830038071,15953.92830038071,0,15953.92830038071,0,0,0,0,0,0,0,0,0,0,0,0,0,0,0,82.54631816432811,65.49999898672104,17.04631917760707,.50257373,1,.50053364,,.5,,
1995,1001,17590.7390784348,.1842671650811099,.000010475237,6501.927786400774,65.49999898672104,6436.427787414053,6501.927786400774,65.49999898672104,6436.427787414053,16036.47461854503,65.49999898672104,15970.97461955831,6419.381468236446,0,6419.381468236446,15953.92830038071,0,15953.92830038071,15953.92830038071,0,15953.92830038071,0,0,0,0,0,0,0,0,0,0,0,0,0,0,0,82.54631816432811,65.49999898672104,17.04631917760707,1,1,1,,1,,
1996,1001,17590.7390784348,.1842671650811099,.000010475237,10626.89437817619,65.49999898672104,10561.39437918947,10626.89437817619,65.49999898672104,10561.39437918947,16036.47461854503,65.49999898672104,15970.97461955831,10544.34806001186,0,10544.34806001186,15953.92830038071,0,15953.92830038071,15953.92830038071,0,15953.92830038071,0,0,0,0,0,0,0,0,0,0,0,0,0,0,0,82.54631816432811,65.49999898672104,17.04631917760707,1,1,1,,1,,
1997,1001,17590.7390784348,.1842671650811099,.000010475237,11020.67057358311,65.49999898672104,10955.17057459638,11020.67057358311,65.49999898672104,10955.17057459638,16036.47461854503,65.49999898672104,15970.97461955831,10938.12425541878,0,10938.12425541878,15953.92830038071,0,15953.92830038071,15953.92830038071,0,15953.92830038071,0,0,0,0,0,0,0,0,0,0,0,0,0,0,0,82.54631816432811,65.49999898672104,17.04631917760707,1,1,1,,1,,
1998,1001,17590.7390784348,.1842671650811099,.000010475237,8153.574274530867,65.49999898672104,8088.074275544146,8153.574274530867,65.49999898672104,8088.074275544146,16036.47461854503,65.49999898672104,15970.97461955831,8071.027956366539,0,8071.027956366539,15953.92830038071,0,15953.92830038071,15953.92830038071,0,15953.92830038071,0,0,0,0,0,0,0,0,0,0,0,0,0,0,0,82.54631816432811,65.49999898672104,17.04631917760707,1,1,1,,1,,
1999,1001,17590.7390784348,.1842671650811099,.000010475237,12327.4168969302,65.49999898672104,12261.91689794348,12327.4168969302,65.49999898672104,12261.91689794348,16036.47461854503,65.49999898672104,15970.97461955831,12244.87057876587,0,12244.87057876587,15953.92830038071,0,15953.92830038071,15953.92830038071,0,15953.92830038071,0,0,0,0,0,0,0,0,0,0,0,0,0,0,0,82.54631816432811,65.49999898672104,17.04631917760707,1,1,1,,1,,
2000,1001,17590.7390784348,.1842671650811099,.000010475237,8437.609462013701,65.49999898672104,8372.10946302698,8437.609462013701,65.49999898672104,8372.10946302698,16036.47461854503,65.49999898672104,15970.97461955831,8355.063143849373,0,8355.063143849373,19642.69798612595,0,19642.69798612595,15953.92830038071,0,15953.92830038071,0,0,0,0,0,0,0,0,0,0,0,0,0,0,0,82.54631816432811,65.49999898672104,17.04631917760707,.90051472,1,.90010673,,.89999998,,
2001,1001,17590.7390784348,.1842671650811099,.000010475237,9698.246773829916,65.49999898672104,9632.746774843195,9698.246773829916,65.49999898672104,9632.746774843195,16036.47461854503,65.49999898672104,15970.97461955831,9615.700455665588,0,9615.700455665588,19642.69798612595,0,19642.69798612595,15953.92830038071,0,15953.92830038071,0,0,0,0,0,0,0,0,0,0,0,0,0,0,0,82.54631816432811,65.49999898672104,17.04631917760707,.3931399,1,.39065108,,.38999999,,
2002,1001,17590.7390784348,.1842671650811099,.000010475237,17139.41672276543,65.49999898672104,17073.9167237787,17139.41672276543,65.49999898672104,17073.9167237787,16036.47461854503,65.49999898672104,15970.97461955831,17056.8704046011,0,17056.8704046011,19642.69798612595,0,19642.69798612595,15953.92830038071,0,15953.92830038071,0,0,0,0,0,0,0,0,0,0,0,0,0,0,0,82.54631816432811,65.49999898672104,17.04631917760707,.70154423,1,.70032018,,.69999999,,
2003,1001,17590.7390784348,.1842671650811099,.000010475237,10731.10198854492,65.49999898672104,10665.6019895582,10731.10198854492,65.49999898672104,10665.6019895582,16036.47461854503,65.49999898672104,15970.97461955831,10648.55567038059,0,10648.55567038059,19642.69798612595,0,19642.69798612595,15953.92830038071,0,15953.92830038071,0,0,0,0,0,0,0,0,0,0,0,0,0,0,0,82.54631816432811,65.49999898672104,17.04631917760707,.90051472,1,.90010673,,.89999998,,
2004,1001,17590.7390784348,.1842671650811099,.000010475237,11298.25024258182,65.49999898672104,11232.7502435951,11298.25024258182,65.49999898672104,11232.7502435951,16036.47461854503,65.49999898672104,15970.97461955831,11215.7039244175,0,11215.7039244175,19642.69798612595,0,19642.69798612595,15953.92830038071,0,15953.92830038071,0,0,0,0,0,0,0,0,0,0,0,0,0,0,0,82.54631816432811,65.49999898672104,17.04631917760707,.65180153,1,.65037352,,.64999998,,
2005,1001,17590.7390784348,.1842671650811099,.000010475237,10883.26379858539,65.49999898672104,10817.76379959867,10883.26379858539,65.49999898672104,10817.76379959867,16036.47461854503,65.49999898672104,15970.97461955831,10800.71748042107,0,10800.71748042107,19642.69798612595,0,19642.69798612595,15953.92830038071,0,15953.92830038071,0,0,0,0,0,0,0,0,0,0,0,0,0,0,0,82.54631816432811,65.49999898672104,17.04631917760707,.90051472,1,.90010673,,.89999998,,
2006,1001,17590.7390784348,.1842671650811099,.000010475237,11602.57352696941,65.49999898672104,11537.07352798269,11602.57352696941,65.49999898672104,11537.07352798269,16036.47461854503,65.49999898672104,15970.97461955831,11520.02720880508,0,11520.02720880508,19642.69798612595,0,19642.69798612595,15953.92830038071,0,15953.92830038071,0,0,0,0,0,0,0,0,0,0,0,0,0,0,0,82.54631816432811,65.49999898672104,17.04631917760707,1,1,1,,1,,
2007,1001,17590.7390784348,.1842671650811099,.000010475237,18188.87205385254,65.49999898672104,18123.37205486582,18188.87205385254,65.49999898672104,18123.37205486582,16036.47461854503,65.49999898672104,15970.97461955831,18106.32573568821,0,18106.32573568821,19642.69798612595,0,19642.69798612595,15953.92830038071,0,15953.92830038071,0,0,0,0,0,0,0,0,0,0,0,0,0,0,0,82.54631816432811,65.49999898672104,17.04631917760707,.60205901,1,.60042697,,.60000002,,
2008,1001,17590.7390784348,.1842671650811099,.000010475237,13228.39874946163,65.49999898672104,13162.89875047491,13228.39874946163,65.49999898672104,13162.89875047491,16036.47461854503,65.49999898672104,15970.97461955831,13145.8524312973,0,13145.8524312973,19642.69798612595,0,19642.69798612595,15953.92830038071,0,15953.92830038071,0,0,0,0,0,0,0,0,0,0,0,0,0,0,0,82.54631816432811,65.49999898672104,17.04631917760707,.35334581,1,.35069376,,.34999999,,
2009,1001,17590.7390784348,.1842671650811099,.000010475237,14228.05539487884,65.49999898672104,14162.55539589212,14228.05539487884,65.49999898672104,14162.55539589212,16036.47461854503,65.49999898672104,15970.97461955831,14145.50907671452,0,14145.50907671452,19642.69798612595,0,19642.69798612595,15953.92830038071,0,15953.92830038071,0,0,0,0,0,0,0,0,0,0,0,0,0,0,0,82.54631816432811,65.49999898672104,17.04631917760707,.40308845,1,.4006404,,.40000001,,
2010,1001,17590.7390784348,.1842671650811099,.000010475237,10198.0745624213,65.49999898672104,10132.57456343458,10198.0745624213,65.49999898672104,10132.57456343458,16036.47461854503,65.49999898672104,15970.97461955831,10115.52824425697,0,10115.52824425697,19642.69798612595,0,19642.69798612595,15953.92830038071,0,15953.92830038071,0,0,0,0,0,0,0,0,0,0,0,0,0,0,0,82.54631816432811,65.49999898672104,17.04631917760707,.50257373,1,.50053364,,.5,,
2011,1001,17590.7390784348,.1842671650811099,.000010475237,15650.07639836357,65.49999898672104,15584.57639937685,15650.07639836357,65.49999898672104,15584.57639937685,16036.47461854503,65.49999898672104,15970.97461955831,15567.53008019924,0,15567.53008019924,19642.69798612595,0,19642.69798612595,15953.92830038071,0,15953.92830038071,0,0,0,0,0,0,0,0,0,0,0,0,0,0,0,82.54631816432811,65.49999898672104,17.04631917760707,.8010295,1,.80021346,,.80000001,,
2012,1001,17590.7390784348,.1842671650811099,.000010475237,17509.21652041958,65.49999898672104,17443.71652143286,17509.21652041958,65.49999898672104,17443.71652143286,16036.47461854503,65.49999898672104,15970.97461955831,17426.67020225525,0,17426.67020225525,19642.69798612595,0,19642.69798612595,15953.92830038071,0,15953.92830038071,0,0,0,0,0,0,0,0,0,0,0,0,0,0,0,82.54631816432811,65.49999898672104,17.04631917760707,.65180153,1,.65037352,,.64999998,,
2013,1001,17590.7390784348,.1842671650811099,.000010475237,9827.353269389132,65.49999898672104,9761.853270402411,9827.353269389132,65.49999898672104,9761.853270402411,16036.47461854503,65.49999898672104,15970.97461955831,9744.806951224804,0,9744.806951224804,19642.69798612595,0,19642.69798612595,15953.92830038071,0,15953.92830038071,0,0,0,0,0,0,0,0,0,0,0,0,0,0,0,82.54631816432811,65.49999898672104,17.04631917760707,.35334581,1,.35069376,,.34999999,,
2014,1001,17590.7390784348,.1842671650811099,.000010475237,7834.495695701102,65.49999898672104,7768.995696714381,7834.495695701102,65.49999898672104,7768.995696714381,16036.47461854503,65.49999898672104,15970.97461955831,7751.949377536774,0,7751.949377536774,19642.69798612595,0,19642.69798612595,15953.92830038071,0,15953.92830038071,0,0,0,0,0,0,0,0,0,0,0,0,0,0,0,82.54631816432811,65.49999898672104,17.04631917760707,.05489004,1,.051013965,,.050000001,,
2015,1001,17590.7390784348,.1842671650811099,.000010475237,5464.461081495741,65.49999898672104,5398.96108250902,5464.461081495741,65.49999898672104,5398.96108250902,16036.47461854503,65.49999898672104,15970.97461955831,5381.914763331413,0,5381.914763331413,19642.69798612595,0,19642.69798612595,15953.92830038071,0,15953.92830038071,0,0,0,0,0,0,0,0,0,0,0,0,0,0,0,82.54631816432811,65.49999898672104,17.04631917760707,.20411792,1,.20085387,,.2,,
2016,1001,17590.7390784348,.1842671650811099,.000010475237,9780.321663847426,65.49999898672104,9714.821664860705,9780.321663847426,65.49999898672104,9714.821664860705,16036.47461854503,65.49999898672104,15970.97461955831,9697.775345683098,0,9697.775345683098,19642.69798612595,0,19642.69798612595,15953.92830038071,0,15953.92830038071,0,0,0,0,0,0,0,0,0,0,0,0,0,0,0,82.54631816432811,65.49999898672104,17.04631917760707,.60205901,1,.60042697,,.60000002,,
2017,1001,17590.7390784348,.1842671650811099,.000010475237,13186.90040420578,65.49999898672104,13121.40040521906,13186.90040420578,65.49999898672104,13121.40040521906,16036.47461854503,65.49999898672104,15970.97461955831,13104.35408604145,0,13104.35408604145,19642.69798612595,0,19642.69798612595,15953.92830038071,0,15953.92830038071,0,0,0,0,0,0,0,0,0,0,0,0,0,0,0,82.54631816432811,65.49999898672104,17.04631917760707,.85077214,1,.85016012,,.85000002,,
2018,1001,17590.7390784348,.1842671650811099,.000010475237,9498.130535295466,65.49999898672104,9432.630536308745,9498.130535295466,65.49999898672104,9432.630536308745,16036.47461854503,65.49999898672104,15970.97461955831,9415.584217131138,0,9415.584217131138,19642.69798612595,0,19642.69798612595,15953.92830038071,0,15953.92830038071,0,0,0,0,0,0,0,0,0,0,0,0,0,0,0,82.54631816432811,65.49999898672104,17.04631917760707,.35334581,1,.35069376,,.34999999,,
2019,1001,17590.7390784348,.1842671650811099,.000010475237,11209.71972714947,65.49999898672104,11144.21972816275,11209.71972714947,65.49999898672104,11144.21972816275,16036.47461854503,65.49999898672104,15970.97461955831,11127.17340898514,0,11127.17340898514,19642.69798612595,0,19642.69798612595,15953.92830038071,0,15953.92830038071,0,0,0,0,0,0,0,0,0,0,0,0,0,0,0,82.54631816432811,65.49999898672104,17.04631917760707,.75128686,1,.75026685,,.75,,
2020,1001,17590.7390784348,.1842671650811099,.000010475237,6552.648165932158,65.49999898672104,6487.148166945437,6552.648165932158,65.49999898672104,6487.148166945437,16036.47461854503,65.49999898672104,15970.97461955831,6470.10184776783,0,6470.10184776783,19642.69798612595,0,19642.69798612595,15953.92830038071,0,15953.92830038071,0,0,0,0,0,0,0,0,0,0,0,0,0,0,0,82.54631816432811,65.49999898672104,17.04631917760707,.20411792,1,.20085387,,.2,,
2021,1001,17590.7390784348,.1842671650811099,.000010475237,8692.134640446166,65.49999898672104,8626.634641459445,8692.134640446166,65.49999898672104,8626.634641459445,16036.47461854503,65.49999898672104,15970.97461955831,8609.588322281837,0,8609.588322281837,19642.69798612595,0,19642.69798612595,15953.92830038071,0,15953.92830038071,0,0,0,0,0,0,0,0,0,0,0,0,0,0,0,82.54631816432811,65.49999898672104,17.04631917760707,.05489004,1,.051013965,,.050000001,,
2022,1001,17590.7390784348,.1842671650811099,.000010475237,3960.365294745425,65.49999898672104,3894.865295758704,3960.365294745425,65.49999898672104,3894.865295758704,16036.47461854503,65.49999898672104,15970.97461955831,3877.818976581097,0,3877.818976581097,19642.69798612595,0,19642.69798612595,15953.92830038071,0,15953.92830038071,0,0,0,0,0,0,0,0,0,0,0,0,0,0,0,82.54631816432811,65.49999898672104,17.04631917760707,.05489004,1,.051013965,,.050000001,,
2023,1001,17590.7390784348,.1842671650811099,.000010475237,14868.05743538425,65.49999898672104,14802.55743639753,14868.05743538425,65.49999898672104,14802.55743639753,16036.47461854503,65.49999898672104,15970.97461955831,14785.51111721992,0,14785.51111721992,19642.69798612595,0,19642.69798612595,15953.92830038071,0,15953.92830038071,0,0,0,0,0,0,0,0,0,0,0,0,0,0,0,82.54631816432811,65.49999898672104,17.04631917760707,1,1,1,,1,,
2024,1001,17590.7390784348,.1842671650811099,.000010475237,8585.160315981368,65.49999898672104,8519.660316994647,8585.160315981368,65.49999898672104,8519.660316994647,16036.47461854503,65.49999898672104,15970.97461955831,8502.613997817039,0,8502.613997817039,19642.69798612595,0,19642.69798612595,15953.92830038071,0,15953.92830038071,0,0,0,0,0,0,0,0,0,0,0,0,0,0,0,82.54631816432811,65.49999898672104,17.04631917760707,.40308845,1,.4006404,,.40000001,,
1993,1002,5603.45019597305,306.0444537050789,.054617144,380440.0701411515,362278.0411541462,18162.01568503678,380440.0701411515,362278.0411541462,18162.01568503678,75906.54423940182,32764.0260444954,43142.5201305151,16271.24783603102,0,16271.24783603102,42644.34286817908,0,42644.34286817908,41251.75246462226,0,41251.75246462226,0,0,0,0,0,0,0,0,0,0,0,0,329514.0091204643,329514.0091204643,0,34654.79396598041,32764.0260444954,1890.767921485007,1,1,1,,1,,
1994,1002,5603.45019597305,306.0444537050789,.054617144,390097.4044291526,369089.1444374323,21008.2637013942,390097.4044291526,369089.1444374323,21008.2637013942,75906.54423940182,32764.0260444954,43142.5201305151,19117.49566929042,0,19117.49566929042,42644.34286817908,0,42644.34286817908,41251.75246462226,0,41251.75246462226,0,0,0,0,0,0,0,0,0,0,0,0,336325.1124038696,336325.1124038696,0,34654.79396598041,32764.0260444954,1890.767921485007,.72255486,1,.52191305,,.5,,
1995,1002,5603.45019597305,306.0444537050789,.054617144,387858.9617583752,367380.4268493652,20478.53636598587,387858.9617583752,367380.4268493652,20478.53636598587,75906.54423940182,32764.0260444954,43142.5201305151,18587.76842542365,0,18587.76842542365,42644.34286817908,0,42644.34286817908,41251.75246462226,0,41251.75246462226,0,0,0,0,0,0,0,0,0,0,0,0,334616.3949378133,334616.3949378133,0,34654.79396598041,32764.0260444954,1890.767921485007,1,1,1,,1,,
1996,1002,5603.45019597305,306.0444537050789,.054617144,397582.7402005494,373346.574549675,24236.16088464856,397582.7402005494,373346.574549675,24236.16088464856,75906.54423940182,32764.0260444954,43142.5201305151,22345.39306615666,0,22345.39306615666,42644.34286817908,0,42644.34286817908,41251.75246462226,0,41251.75246462226,0,0,0,0,0,0,0,0,0,0,0,0,340582.5425159931,340582.5425159931,0,34654.79396598041,32764.0260444954,1890.767921485007,1,1,1,,1,,
1997,1002,5603.45019597305,306.0444537050789,.054617144,397306.3680235893,375982.4733077288,21323.90188713372,397306.3680235893,375982.4733077288,21323.90188713372,75906.54423940182,32764.0260444954,43142.5201305151,19433.1338550169,0,19433.1338550169,42644.34286817908,0,42644.34286817908,41251.75246462226,0,41251.75246462226,0,0,0,0,0,0,0,0,0,0,0,0,343218.4100241661,343218.4100241661,0,34654.79396598041,32764.0260444954,1890.767921485007,1,1,1,,1,,
1998,1002,5603.45019597305,306.0444537050789,.054617144,387969.885197185,372127.1923437119,15842.67881187052,387969.885197185,372127.1923437119,15842.67881187052,75906.54423940182,32764.0260444954,43142.5201305151,13951.9108713083,0,13951.9108713083,42644.34286817908,0,42644.34286817908,41251.75246462226,0,41251.75246462226,0,0,0,0,0,0,0,0,0,0,0,0,339363.1603101492,339363.1603101492,0,34654.79396598041,32764.0260444954,1890.767921485007,1,1,1,,1,,
1999,1002,5603.45019597305,306.0444537050789,.054617144,392094.3685221225,367087.2213853598,25007.15155167878,392094.3685221225,367087.2213853598,25007.15155167878,75906.54423940182,32764.0260444954,43142.5201305151,23116.38370266743,0,23116.38370266743,42644.34286817908,0,42644.34286817908,41251.75246462226,0,41251.75246462226,0,0,0,0,0,0,0,0,0,0,0,0,334323.1893517375,334323.1893517375,0,34654.79396598041,32764.0260444954,1890.767921485007,1,1,1,,1,,
2000,1002,5603.45019597305,306.0444537050789,.054617144,407534.9622622207,378219.1430009604,29315.82447154075,407534.9622622207,378219.1430009604,29315.82447154075,75906.54423940182,32764.0260444954,43142.5201305151,27425.05656149983,0,27425.05656149983,68908.39520177245,0,68908.39520177245,41251.75246462226,0,41251.75246462226,0,0,0,0,0,0,0,0,0,0,0,0,345455.1109672785,345455.1109672785,0,34654.79396598041,32764.0260444954,1890.767921485007,.94451094,1,.90438259,,.89999998,,
2001,1002,5603.45019597305,306.0444537050789,.054617144,389303.0196494535,365525.1222457886,23777.89188403636,389303.0196494535,365525.1222457886,23777.89188403636,75906.54423940182,32764.0260444954,43142.5201305151,21887.12397399545,0,21887.12397399545,68908.39520177245,0,68908.39520177245,41251.75246462226,0,41251.75246462226,0,0,0,0,0,0,0,0,0,0,0,0,332761.0590842366,332761.0590842366,0,34654.79396598041,32764.0260444954,1890.767921485007,.6615169,1,.41673389,,.38999999,,
2002,1002,5603.45019597305,306.0444537050789,.054617144,417734.206784822,369065.3776735067,48668.828142263,417734.206784822,369065.3776735067,48668.828142263,75906.54423940182,32764.0260444954,43142.5201305151,46778.06023222208,0,46778.06023222208,68908.39520177245,0,68908.39520177245,41251.75246462226,0,41251.75246462226,0,0,0,0,0,0,0,0,0,0,0,0,336301.3457618952,336301.3457618952,0,34654.79396598041,32764.0260444954,1890.767921485007,.83353293,1,.71314782,,.69999999,,
2003,1002,5603.45019597305,306.0444537050789,.054617144,375138.821839191,335799.3718500733,39339.44510445744,375138.821839191,335799.3718500733,39339.44510445744,75906.54423940182,32764.0260444954,43142.5201305151,37448.67719441652,0,37448.67719441652,68908.39520177245,0,68908.39520177245,41251.75246462226,0,41251.75246462226,0,0,0,0,0,0,0,0,0,0,0,0,303035.339938581,303035.339938581,0,34654.79396598041,32764.0260444954,1890.767921485007,.94451094,1,.90438259,,.89999998,,
2004,1002,5603.45019597305,306.0444537050789,.054617144,415484.6763397232,357997.8488889933,57486.8384982124,415484.6763397232,357997.8488889933,57486.8384982124,75906.54423940182,32764.0260444954,43142.5201305151,55596.07058817148,0,55596.07058817148,68908.39520177245,0,68908.39520177245,41251.75246462226,0,41251.75246462226,0,0,0,0,0,0,0,0,0,0,0,0,325233.7857275009,325233.7857275009,0,34654.79396598041,32764.0260444954,1890.767921485007,.8057884,1,.66533911,,.64999998,,
2005,1002,5603.45019597305,306.0444537050789,.054617144,387348.6715393737,346255.7183009386,41092.94605857879,387348.6715393737,346255.7183009386,41092.94605857879,75906.54423940182,32764.0260444954,43142.5201305151,39202.17814853787,0,39202.17814853787,68908.39520177245,0,68908.39520177245,41251.75246462226,0,41251.75246462226,0,0,0,0,0,0,0,0,0,0,0,0,313491.6862673759,313491.6862673759,0,34654.79396598041,32764.0260444954,1890.767921485007,.94451094,1,.90438259,,.89999998,,
2006,1002,5603.45019597305,306.0444537050789,.054617144,411733.6763398424,368628.5363137722,43105.15215823799,411733.6763398424,368628.5363137722,43105.15215823799,75906.54423940182,32764.0260444954,43142.5201305151,41214.38424819708,0,41214.38424819708,68908.39520177245,0,68908.39520177245,41251.75246462226,0,41251.75246462226,0,0,0,0,0,0,0,0,0,0,0,0,335864.5044021606,335864.5044021606,0,34654.79396598041,32764.0260444954,1890.767921485007,1,1,1,,1,,
2007,1002,5603.45019597305,306.0444537050789,.054617144,393860.9642105475,350906.4124335051,42954.5552373305,393860.9642105475,350906.4124335051,42954.5552373305,75906.54423940182,32764.0260444954,43142.5201305151,41063.78732728958,0,41063.78732728958,68908.39520177245,0,68908.39520177245,41251.75246462226,0,41251.75246462226,0,0,0,0,0,0,0,0,0,0,0,0,318142.3803998828,318142.3803998828,0,34654.79396598041,32764.0260444954,1890.767921485007,.77804393,1,.61753047,,.60000002,,
2008,1002,5603.45019597305,306.0444537050789,.054617144,370850.4845790863,339995.3918060064,30855.08094024658,370850.4845790863,339995.3918060064,30855.08094024658,75906.54423940182,32764.0260444954,43142.5201305151,28964.31300922541,0,28964.31300922541,68908.39520177245,0,68908.39520177245,41251.75246462226,0,41251.75246462226,0,0,0,0,0,0,0,0,0,0,0,0,307231.3597724438,307231.3597724438,0,34654.79396598041,32764.0260444954,1890.767921485007,.63932133,1,.37848696,,.34999999,,
2009,1002,5603.45019597305,306.0444537050789,.054617144,382939.3971250355,352447.7273619175,30491.66661813855,382939.3971250355,352447.7273619175,30491.66661813855,75906.54423940182,32764.0260444954,43142.5201305151,28600.8986585096,0,28600.8986585096,68908.39520177245,0,68908.39520177245,41251.75246462226,0,41251.75246462226,0,0,0,0,0,0,0,0,0,0,0,0,319683.6954503655,319683.6954503655,0,34654.79396598041,32764.0260444954,1890.767921485007,.6670658,1,.42629564,,.40000001,,
2010,1002,5603.45019597305,306.0444537050789,.054617144,388534.6910203323,348850.0175392628,39684.66933580488,388534.6910203323,348850.0175392628,39684.66933580488,75906.54423940182,32764.0260444954,43142.5201305151,37793.90142576396,0,37793.90142576396,68908.39520177245,0,68908.39520177245,41251.75246462226,0,41251.75246462226,0,0,0,0,0,0,0,0,0,0,0,0,316085.9856277108,316085.9856277108,0,34654.79396598041,32764.0260444954,1890.767921485007,.72255486,1,.52191305,,.5,,
2011,1002,5603.45019597305,306.0444537050789,.054617144,374910.1143871471,350311.0848224163,24599.01466356963,374910.1143871471,350311.0848224163,24599.01466356963,75906.54423940182,32764.0260444954,43142.5201305151,22708.24675352871,0,22708.24675352871,68908.39520177245,0,68908.39520177245,41251.75246462226,0,41251.75246462226,0,0,0,0,0,0,0,0,0,0,0,0,317547.052910924,317547.052910924,0,34654.79396598041,32764.0260444954,1890.767921485007,.88902193,1,.80876523,,.80000001,,
2012,1002,5603.45019597305,306.0444537050789,.054617144,410248.381181486,374431.2372682095,35817.14875269681,410248.381181486,374431.2372682095,35817.14875269681,75906.54423940182,32764.0260444954,43142.5201305151,33926.3808426559,0,33926.3808426559,68908.39520177245,0,68908.39520177245,41251.75246462226,0,41251.75246462226,0,0,0,0,0,0,0,0,0,0,0,0,341667.2053567171,341667.2053567171,0,34654.79396598041,32764.0260444954,1890.767921485007,.8057884,1,.66533911,,.64999998,,
2013,1002,5603.45019597305,306.0444537050789,.054617144,418019.9603513852,375105.8079134226,42914.16556302458,418019.9603513852,375105.8079134226,42914.16556302458,75906.54423940182,32764.0260444954,43142.5201305151,41023.39765298367,0,41023.39765298367,68908.39520177245,0,68908.39520177245,41251.75246462226,0,41251.75246462226,0,0,0,0,0,0,0,0,0,0,0,0,342341.7758797407,342341.7758797407,0,34654.79396598041,32764.0260444954,1890.767921485007,.63932133,1,.37848696,,.34999999,,
2014,1002,5603.45019597305,306.0444537050789,.054617144,418267.7550260797,396080.9467715025,22186.80983708054,418267.7550260797,396080.9467715025,22186.80983708054,75906.54423940182,32764.0260444954,43142.5201305151,20296.04192703962,0,20296.04192703962,68908.39520177245,0,68908.39520177245,41251.75246462226,0,41251.75246462226,0,0,0,0,0,0,0,0,0,0,0,0,363316.9148293734,363316.9148293734,0,34654.79396598041,32764.0260444954,1890.767921485007,.47285423,1,.091634788,,.050000001,,
2015,1002,5603.45019597305,306.0444537050789,.054617144,411582.475296922,389743.3238730431,21839.14308542758,411582.475296922,389743.3238730431,21839.14308542758,75906.54423940182,32764.0260444954,43142.5201305151,19948.37517538667,0,19948.37517538667,68908.39520177245,0,68908.39520177245,41251.75246462226,0,41251.75246462226,0,0,0,0,0,0,0,0,0,0,0,0,356979.2919615507,356979.2919615507,0,34654.79396598041,32764.0260444954,1890.767921485007,.55608773,1,.23506087,,.2,,
2016,1002,5603.45019597305,306.0444537050789,.054617144,429154.6056421772,401620.1427900791,27534.45966777951,429154.6056421772,401620.1427900791,27534.45966777951,75906.54423940182,32764.0260444954,43142.5201305151,25643.69175773859,0,25643.69175773859,68908.39520177245,0,68908.39520177245,41251.75246462226,0,41251.75246462226,0,0,0,0,0,0,0,0,0,0,0,0,368856.1107563972,368856.1107563972,0,34654.79396598041,32764.0260444954,1890.767921485007,.77804393,1,.61753047,,.60000002,,
2017,1002,5603.45019597305,306.0444537050789,.054617144,430104.9837625101,373447.6062840223,56657.3884313181,430104.9837625101,373447.6062840223,56657.3884313181,75906.54423940182,32764.0260444954,43142.5201305151,54766.62052127719,0,54766.62052127719,68908.39520177245,0,68908.39520177245,41251.75246462226,0,41251.75246462226,0,0,0,0,0,0,0,0,0,0,0,0,340683.5743724108,340683.5743724108,0,34654.79396598041,32764.0260444954,1890.767921485007,.91676646,1,.85657394,,.85000002,,
2018,1002,5603.45019597305,306.0444537050789,.054617144,406669.4528302923,375861.5994733572,30807.84334800392,406669.4528302923,375861.5994733572,30807.84334800392,75906.54423940182,32764.0260444954,43142.5201305151,28917.07543796301,0,28917.07543796301,68908.39520177245,0,68908.39520177245,41251.75246462226,0,41251.75246462226,0,0,0,0,0,0,0,0,0,0,0,0,343097.5675617456,343097.5675617456,0,34654.79396598041,32764.0260444954,1890.767921485007,.63932133,1,.37848696,,.34999999,,
2019,1002,5603.45019597305,306.0444537050789,.054617144,422242.5386163741,388053.4438045025,34189.09923262894,422242.5386163741,388053.4438045025,34189.09923262894,75906.54423940182,32764.0260444954,43142.5201305151,32298.33141413331,0,32298.33141413331,68908.39520177245,0,68908.39520177245,41251.75246462226,0,41251.75246462226,0,0,0,0,0,0,0,0,0,0,0,0,355289.3806428909,355289.3806428909,0,34654.79396598041,32764.0260444954,1890.767921485007,.8612774,1,.76095653,,.75,,
2020,1002,5603.45019597305,306.0444537050789,.054617144,437365.7285688818,400844.5403800011,36521.19500431418,437365.7285688818,400844.5403800011,36521.19500431418,75906.54423940182,32764.0260444954,43142.5201305151,34630.42709428072,0,34630.42709428072,68908.39520177245,0,68908.39520177245,41251.75246462226,0,41251.75246462226,0,0,0,0,0,0,0,0,0,0,0,0,368080.5084990263,368080.5084990263,0,34654.79396598041,32764.0260444954,1890.767921485007,.55608773,1,.23506087,,.2,,
2021,1002,5603.45019597305,306.0444537050789,.054617144,444254.3108997196,409905.2168678045,34349.10093258321,444254.3108997196,409905.2168678045,34349.10093258321,75906.54423940182,32764.0260444954,43142.5201305151,32458.33302254602,0,32458.33302254602,68908.39520177245,0,68908.39520177245,41251.75246462226,0,41251.75246462226,0,0,0,0,0,0,0,0,0,0,0,0,377141.1537368298,377141.1537368298,0,34654.79396598041,32764.0260444954,1890.767921485007,.47285423,1,.091634788,,.050000001,,
2022,1002,5603.45019597305,306.0444537050789,.054617144,411445.5784732997,380044.747015357,31400.81794378161,411445.5784732997,380044.747015357,31400.81794378161,75906.54423940182,32764.0260444954,43142.5201305151,29510.05004136817,0,29510.05004136817,68908.39520177245,0,68908.39520177245,41251.75246462226,0,41251.75246462226,0,0,0,0,0,0,0,0,0,0,0,0,347280.7151038647,347280.7151038647,0,34654.79396598041,32764.0260444954,1890.767921485007,.47285423,1,.091634788,,.050000001,,
2023,1002,5603.45019597305,306.0444537050789,.054617144,385251.1732105315,332186.780543983,53064.38521257043,385251.1732105315,332186.780543983,53064.38521257043,75906.54423940182,32764.0260444954,43142.5201305151,51173.61731778667,0,51173.61731778667,68908.39520177245,0,68908.39520177245,41251.75246462226,0,41251.75246462226,0,0,0,0,0,0,0,0,0,0,0,0,299422.7485713959,299422.7485713959,0,34654.79396598041,32764.0260444954,1890.767921485007,1,1,1,,1,,
2024,1002,5603.45019597305,306.0444537050789,.054617144,407519.1228320301,366654.3357869387,40864.79703816772,407519.1228320301,366654.3357869387,40864.79703816772,75906.54423940182,32764.0260444954,43142.5201305151,38974.02912814915,0,38974.02912814915,68908.39520177245,0,68908.39520177245,41251.75246462226,0,41251.75246462226,0,0,0,0,0,0,0,0,0,0,0,0,333890.3038753867,333890.3038753867,0,34654.79396598041,32764.0260444954,1890.767921485007,.6670658,1,.42629564,,.40000001,,
1993,1004,9426.091858791,548.6938210725784,.058210108,890807,886978,3829,890807,886978,3829,71878.79998779297,71616,262.7999877929688,0,0,0,0,0,0,0,0,0,0,0,0,0,0,0,0,0,0,71878.8,71616,262.7999877929688,890807,886978,3829,0,0,0,1,1,1,,,,
1994,1004,9426.091858791,548.6938210725784,.058210108,956535,953112,3423,956535,953112,3423,71878.79998779297,71616,262.7999877929688,0,0,0,0,0,0,0,0,0,0,0,0,0,0,0,0,0,0,71878.8,71616,262.7999877929688,956535,953112,3423,0,0,0,1,1,1,,,,
1995,1004,9426.091858791,548.6938210725784,.058210108,1012115,1008867,3248,1012115,1008867,3248,71878.79998779297,71616,262.7999877929688,0,0,0,0,0,0,0,0,0,0,0,0,0,0,0,0,0,0,71878.8,71616,262.7999877929688,1012115,1008867,3248,0,0,0,1,1,1,,,,
1996,1004,9426.091858791,548.6938210725784,.058210108,1108209,1104925,3284,1108209,1104925,3284,71878.79998779297,71616,262.7999877929688,0,0,0,0,0,0,0,0,0,0,0,0,0,0,0,0,0,0,71878.8,71616,262.7999877929688,1108209,1104925,3284,0,0,0,1,1,1,,,,
1997,1004,9426.091858791,548.6938210725784,.058210108,1054458,1051495,2963,1054458,1051495,2963,71878.79998779297,71616,262.7999877929688,0,0,0,0,0,0,0,0,0,0,0,0,0,0,0,0,0,0,71878.8,71616,262.7999877929688,1054458,1051495,2963,0,0,0,1,1,1,,,,
1998,1004,9426.091858791,548.6938210725784,.058210108,1062253,1059601,2652,1062253,1059601,2652,71878.79998779297,71616,262.7999877929688,0,0,0,0,0,0,0,0,0,0,0,0,0,0,0,0,0,0,71878.8,71616,262.7999877929688,1062253,1059601,2652,0,0,0,1,1,1,,,,
1999,1004,9426.091858791,548.6938210725784,.058210108,1062546,1059834,2712,1062546,1059834,2712,71878.79998779297,71616,262.7999877929688,0,0,0,0,0,0,0,0,0,0,0,0,0,0,0,0,0,0,71878.8,71616,262.7999877929688,1062546,1059834,2712,0,0,0,1,1,1,,,,
2000,1004,9426.091858791,548.6938210725784,.058210108,1091647,1089048,2599,1091647,1089048,2599,71878.79998779297,71616,262.7999877929688,0,0,0,0,0,0,0,0,0,0,0,0,0,0,0,0,0,0,71878.8,71616,262.7999877929688,1091647,1089048,2599,0,0,0,1,1,1,,,,
2001,1004,9426.091858791,548.6938210725784,.058210108,1071284,1068435,2849,1071284,1068435,2849,71878.79998779297,71616,262.7999877929688,0,0,0,0,0,0,0,0,0,0,0,0,0,0,0,0,0,0,71878.8,71616,262.7999877929688,1071284,1068435,2849,0,0,0,1,1,1,,,,
2002,1004,9426.091858791,548.6938210725784,.058210108,1132127,1129440,2687,1132127,1129440,2687,71878.79998779297,71616,262.7999877929688,0,0,0,0,0,0,0,0,0,0,0,0,0,0,0,0,0,0,71878.8,71616,262.7999877929688,1132127,1129440,2687,0,0,0,1,1,1,,,,
2003,1004,9426.091858791,548.6938210725784,.058210108,1051664,1048953,2711,1051664,1048953,2711,71878.79998779297,71616,262.7999877929688,0,0,0,0,0,0,0,0,0,0,0,0,0,0,0,0,0,0,71878.8,71616,262.7999877929688,1051664,1048953,2711,0,0,0,1,1,1,,,,
2004,1004,9426.091858791,548.6938210725784,.058210108,1094862,1092641,2221,1094862,1092641,2221,71878.79998779297,71616,262.7999877929688,0,0,0,0,0,0,0,0,0,0,0,0,0,0,0,0,0,0,71878.8,71616,262.7999877929688,1094862,1092641,2221,0,0,0,1,1,1,,,,
2005,1004,9426.091858791,548.6938210725784,.058210108,931261,928696,2565,931261,928696,2565,71878.79998779297,71616,262.7999877929688,0,0,0,0,0,0,0,0,0,0,0,0,0,0,0,0,0,0,71878.8,71616,262.7999877929688,931261,928696,2565,0,0,0,1,1,1,,,,
2006,1004,9426.091858791,548.6938210725784,.058210108,971048,968316,2732,971048,968316,2732,71878.79998779297,71616,262.7999877929688,0,0,0,0,0,0,0,0,0,0,0,0,0,0,0,0,0,0,71878.8,71616,262.7999877929688,971048,968316,2732,0,0,0,1,1,1,,,,
2007,1004,9426.091858791,548.6938210725784,.058210108,1003799,1001106,2693,1003799,1001106,2693,71878.79998779297,71616,262.7999877929688,0,0,0,0,0,0,0,0,0,0,0,0,0,0,0,0,0,0,71878.8,71616,262.7999877929688,1003799,1001106,2693,0,0,0,1,1,1,,,,
2008,1004,9426.091858791,548.6938210725784,.058210108,961813,959224,2589,961813,959224,2589,71878.79998779297,71616,262.7999877929688,0,0,0,0,0,0,0,0,0,0,0,0,0,0,0,0,0,0,71878.8,71616,262.7999877929688,961813,959224,2589,0,0,0,1,1,1,,,,
2009,1004,9426.091858791,548.6938210725784,.058210108,827836,825296,2540,827836,825296,2540,71878.79998779297,71616,262.7999877929688,0,0,0,0,0,0,0,0,0,0,0,0,0,0,0,0,0,0,71878.8,71616,262.7999877929688,827836,825296,2540,0,0,0,1,1,1,,,,
2010,1004,9426.091858791,548.6938210725784,.058210108,784581,782134,2447,784581,782134,2447,71878.79998779297,71616,262.7999877929688,0,0,0,0,0,0,0,0,0,0,0,0,0,0,0,0,0,0,71878.8,71616,262.7999877929688,784581,782134,2447,0,0,0,1,1,1,,,,
2011,1004,9426.091858791,548.6938210725784,.058210108,937856,935777,2079,937856,935777,2079,71878.79998779297,71616,262.7999877929688,0,0,0,0,0,0,0,0,0,0,0,0,0,0,0,0,0,0,71878.8,71616,262.7999877929688,937856,935777,2079,0,0,0,1,1,1,,,,
2012,1004,9426.091858791,548.6938210725784,.058210108,1027791,1025462,2329,1027791,1025462,2329,71878.79998779297,71616,262.7999877929688,0,0,0,0,0,0,0,0,0,0,0,0,0,0,0,0,0,0,71878.8,71616,262.7999877929688,1027791,1025462,2329,0,0,0,1,1,1,,,,
2013,1004,9426.091858791,548.6938210725784,.058210108,1104384,1102081,2303,1104384,1102081,2303,71878.79998779297,71616,262.7999877929688,0,0,0,0,0,0,0,0,0,0,0,0,0,0,0,0,0,0,71878.8,71616,262.7999877929688,1104384,1102081,2303,0,0,0,1,1,1,,,,
2014,1004,9426.091858791,548.6938210725784,.058210108,1083729,1081688,2041,1083729,1081688,2041,71878.79998779297,71616,262.7999877929688,0,0,0,0,0,0,0,0,0,0,0,0,0,0,0,0,0,0,71878.8,71616,262.7999877929688,1083729,1081688,2041,0,0,0,1,1,1,,,,
2015,1004,9426.091858791,548.6938210725784,.058210108,995562,993743,1819,995562,993743,1819,71878.79998779297,71616,262.7999877929688,0,0,0,0,0,0,0,0,0,0,0,0,0,0,0,0,0,0,71878.8,71616,262.7999877929688,995562,993743,1819,0,0,0,1,1,1,,,,
2016,1004,9426.091858791,548.6938210725784,.058210108,886042,884108,1934,886042,884108,1934,71878.79998779297,71616,262.7999877929688,0,0,0,0,0,0,0,0,0,0,0,0,0,0,0,0,0,0,71878.8,71616,262.7999877929688,886042,884108,1934,0,0,0,1,1,1,,,,
2017,1004,9426.091858791,548.6938210725784,.058210108,833983,831999,1984,833983,831999,1984,71878.79998779297,71616,262.7999877929688,0,0,0,0,0,0,0,0,0,0,0,0,0,0,0,0,0,0,71878.8,71616,262.7999877929688,833983,831999,1984,0,0,0,1,1,1,,,,
2018,1004,9426.091858791,548.6938210725784,.058210108,875047,873202,1845,875047,873202,1845,71878.79998779297,71616,262.7999877929688,0,0,0,0,0,0,0,0,0,0,0,0,0,0,0,0,0,0,71878.8,71616,262.7999877929688,875047,873202,1845,0,0,0,1,1,1,,,,
2019,1004,9426.091858791,548.6938210725784,.058210108,891680,889768,1912,891680,889768,1912,71878.79998779297,71616,262.7999877929688,0,0,0,0,0,0,0,0,0,0,0,0,0,0,0,0,0,0,71878.8,71616,262.7999877929688,891680,889768,1912,0,0,0,1,1,1,,,,
2020,1004,9426.091858791,548.6938210725784,.058210108,901673,899625,2048,901673,899625,2048,71878.79998779297,71616,262.7999877929688,0,0,0,0,0,0,0,0,0,0,0,0,0,0,0,0,0,0,71878.8,71616,262.7999877929688,901673,899625,2048,0,0,0,1,1,1,,,,
2021,1004,9426.091858791,548.6938210725784,.058210108,913958,911946,2012,913958,911946,2012,71878.79998779297,71616,262.7999877929688,0,0,0,0,0,0,0,0,0,0,0,0,0,0,0,0,0,0,71878.8,71616,262.7999877929688,913958,911946,2012,0,0,0,1,1,1,,,,
2022,1004,9426.091858791,548.6938210725784,.058210108,895005,892930,2075,895005,892930,2075,71878.79998779297,71616,262.7999877929688,0,0,0,0,0,0,0,0,0,0,0,0,0,0,0,0,0,0,71878.8,71616,262.7999877929688,895005,892930,2075,0,0,0,1,1,1,,,,
2023,1004,9426.091858791,548.6938210725784,.058210108,794808,792856,1952,794808,792856,1952,71878.79998779297,71616,262.7999877929688,0,0,0,0,0,0,0,0,0,0,0,0,0,0,0,0,0,0,71878.8,71616,262.7999877929688,794808,792856,1952,0,0,0,1,1,1,,,,
2024,1004,9426.091858791,548.6938210725784,.058210108,790766,788758,2008,790766,788758,2008,71878.79998779297,71616,262.7999877929688,0,0,0,0,0,0,0,0,0,0,0,0,0,0,0,0,0,0,71878.8,71616,262.7999877929688,790766,788758,2008,0,0,0,1,1,1,,,,
1993,1005,4794.6255914661,28.97875568713062,.0060440078,41431.2327314429,41375.3006419912,55.93213522806764,41431.2327314429,41375.3006419912,55.93213522806764,862.7704038098454,203.2297210469842,659.5406598746777,50.87583285942674,0,50.87583285942674,654.4843581020832,0,654.4843581020832,654.4843581020832,0,654.4843581020832,0,0,0,0,0,0,0,0,0,0,0,0,41172.07083702087,41172.07083702087,0,208.286023773253,203.2297210469842,5.056302726268768,1,1,1,,1,,
1994,1005,4794.6255914661,28.97875568713062,.0060440078,45461.35027547926,45365.83280370384,95.51752518117428,45461.35027547926,45365.83280370384,95.51752518117428,862.7704038098454,203.2297210469842,659.5406598746777,90.46122269332409,0,90.46122269332409,654.4843581020832,0,654.4843581020832,654.4843581020832,0,654.4843581020832,0,0,0,0,0,0,0,0,0,0,0,0,45162.60299873352,45162.60299873352,0,208.286023773253,203.2297210469842,5.056302726268768,.92755622,1,.50383317,,.5,,
1995,1005,4794.6255914661,28.97875568713062,.0060440078,45410.21936876327,45358.25107381493,51.9682682454586,45410.21936876327,45358.25107381493,51.9682682454586,862.7704038098454,203.2297210469842,659.5406598746777,46.91196551918983,0,46.91196551918983,654.4843581020832,0,654.4843581020832,654.4843581020832,0,654.4843581020832,0,0,0,0,0,0,0,0,0,0,0,0,45155.02139091492,45155.02139091492,0,208.286023773253,203.2297210469842,5.056302726268768,1,1,1,,1,,
1996,1005,4794.6255914661,28.97875568713062,.0060440078,46876.7929985337,46816.28724668175,60.50570226088166,46876.7929985337,46816.28724668175,60.50570226088166,862.7704038098454,203.2297210469842,659.5406598746777,55.44939989224076,0,55.44939989224076,654.4843581020832,0,654.4843581020832,654.4843581020832,0,654.4843581020832,0,0,0,0,0,0,0,0,0,0,0,0,46613.05744171143,46613.05744171143,0,208.286023773253,203.2297210469842,5.056302726268768,1,1,1,,1,,
1997,1005,4794.6255914661,28.97875568713062,.0060440078,46344.89595678076,46265.93529508263,78.96068458631635,46344.89595678076,46265.93529508263,78.96068458631635,862.7704038098454,203.2297210469842,659.5406598746777,73.90438186004758,0,73.90438186004758,654.4843581020832,0,654.4843581020832,654.4843581020832,0,654.4843581020832,0,0,0,0,0,0,0,0,0,0,0,0,46062.7054901123,46062.7054901123,0,208.286023773253,203.2297210469842,5.056302726268768,1,1,1,,1,,
1998,1005,4794.6255914661,28.97875568713062,.0060440078,45069.95105645433,45043.00503728539,26.94607638940215,45069.95105645433,45043.00503728539,26.94607638940215,862.7704038098454,203.2297210469842,659.5406598746777,21.88977366313338,0,21.88977366313338,654.4843581020832,0,654.4843581020832,654.4843581020832,0,654.4843581020832,0,0,0,0,0,0,0,0,0,0,0,0,44839.77523231506,44839.77523231506,0,208.286023773253,203.2297210469842,5.056302726268768,1,1,1,,1,,
1999,1005,4794.6255914661,28.97875568713062,.0060440078,44802.5063964054,44669.96831319481,132.5381289869547,44802.5063964054,44669.96831319481,132.5381289869547,862.7704038098454,203.2297210469842,659.5406598746777,127.4818264991045,0,127.4818264991045,654.4843581020832,0,654.4843581020832,654.4843581020832,0,654.4843581020832,0,0,0,0,0,0,0,0,0,0,0,0,44466.7386302948,44466.7386302948,0,208.286023773253,203.2297210469842,5.056302726268768,1,1,1,,1,,
2000,1005,4794.6255914661,28.97875568713062,.0060440078,45395.90295414627,45257.24474523216,138.6582318022847,45395.90295414627,45257.24474523216,138.6582318022847,862.7704038098454,203.2297210469842,659.5406598746777,133.6019290760159,0,133.6019290760159,654.4843581020832,0,654.4843581020832,654.4843581020832,0,654.4843581020832,0,0,0,0,0,0,0,0,0,0,0,0,45054.01494026184,45054.01494026184,0,208.286023773253,203.2297210469842,5.056302726268768,.98551118,1,.90076667,,.90000004,,
2001,1005,4794.6255914661,28.97875568713062,.0060440078,45739.79962132871,45616.47096822411,123.3286988809705,45739.79962132871,45616.47096822411,123.3286988809705,862.7704038098454,203.2297210469842,659.5406598746777,118.2723961547017,0,118.2723961547017,654.4843581020832,0,654.4843581020832,654.4843581020832,0,654.4843581020832,0,0,0,0,0,0,0,0,0,0,0,0,45413.24116325378,45413.24116325378,0,208.286023773253,203.2297210469842,5.056302726268768,.91161853,1,.39467651,,.38999999,,
2002,1005,4794.6255914661,28.97875568713062,.0060440078,46425.74359600991,46175.75038526207,249.9931802302599,46425.74359600991,46175.75038526207,249.9931802302599,862.7704038098454,203.2297210469842,659.5406598746777,244.9368775039911,0,244.9368775039911,654.4843581020832,0,654.4843581020832,654.4843581020832,0,654.4843581020832,0,0,0,0,0,0,0,0,0,0,0,0,45972.52070236206,45972.52070236206,0,208.286023773253,203.2297210469842,5.056302726268768,.95653373,1,.70229995,,.69999999,,
2003,1005,4794.6255914661,28.97875568713062,.0060440078,43970.43550951034,43790.48822209984,179.9472721517086,43970.43550951034,43790.48822209984,179.9472721517086,862.7704038098454,203.2297210469842,659.5406598746777,174.8909694254398,0,174.8909694254398,654.4843581020832,0,654.4843581020832,654.4843581020832,0,654.4843581020832,0,0,0,0,0,0,0,0,0,0,0,0,43587.25841712952,43587.25841712952,0,208.286023773253,203.2297210469842,5.056302726268768,.98551118,1,.90076667,,.90000004,,
2004,1005,4794.6255914661,28.97875568713062,.0060440078,40704.75936492532,40475.24282453209,229.5164946168661,40704.75936492532,40475.24282453209,229.5164946168661,862.7704038098454,203.2297210469842,659.5406598746777,224.4601918905973,0,224.4601918905973,654.4843581020832,0,654.4843581020832,654.4843581020832,0,654.4843581020832,0,0,0,0,0,0,0,0,0,0,0,0,40272.01314163208,40272.01314163208,0,208.286023773253,203.2297210469842,5.056302726268768,.94928932,1,.6526832,,.64999998,,
2005,1005,4794.6255914661,28.97875568713062,.0060440078,41057.80005521327,40962.44498250633,95.35509559512138,41057.80005521327,40962.44498250633,95.35509559512138,862.7704038098454,203.2297210469842,659.5406598746777,90.29879286885262,0,90.29879286885262,654.4843581020832,0,654.4843581020832,654.4843581020832,0,654.4843581020832,0,0,0,0,0,0,0,0,0,0,0,0,40759.21517753601,40759.21517753601,0,208.286023773253,203.2297210469842,5.056302726268768,.98551118,1,.90076667,,.90000004,,
2006,1005,4794.6255914661,28.97875568713062,.0060440078,42970.19650664181,42893.41583821923,76.78062264621258,42970.19650664181,42893.41583821923,76.78062264621258,862.7704038098454,203.2297210469842,659.5406598746777,71.72431991994381,0,71.72431991994381,654.4843581020832,0,654.4843581020832,654.4843581020832,0,654.4843581020832,0,0,0,0,0,0,0,0,0,0,0,0,42690.1860332489,42690.1860332489,0,208.286023773253,203.2297210469842,5.056302726268768,1,1,1,,1,,
2007,1005,4794.6255914661,28.97875568713062,.0060440078,42458.96886775643,42256.08320233971,202.8856348991394,42458.96886775643,42256.08320233971,202.8856348991394,862.7704038098454,203.2297210469842,659.5406598746777,197.8293321728706,0,197.8293321728706,654.4843581020832,0,654.4843581020832,654.4843581020832,0,654.4843581020832,0,0,0,0,0,0,0,0,0,0,0,0,42052.85339736938,42052.85339736938,0,208.286023773253,203.2297210469842,5.056302726268768,.94204491,1,.60306662,,.60000002,,
2008,1005,4794.6255914661,28.97875568713062,.0060440078,41856.89328620583,41756.89079091698,100.0025105476379,41856.89328620583,41756.89079091698,100.0025105476379,862.7704038098454,203.2297210469842,659.5406598746777,94.9462080039084,0,94.9462080039084,654.4843581020832,0,654.4843581020832,654.4843581020832,0,654.4843581020832,0,0,0,0,0,0,0,0,0,0,0,0,41553.66110801697,41553.66110801697,0,208.286023773253,203.2297210469842,5.056302726268768,.90582305,1,.35498315,,.34999999,,
2009,1005,4794.6255914661,28.97875568713062,.0060440078,38568.91052115709,38463.7202815786,105.1902853548527,38568.91052115709,38463.7202815786,105.1902853548527,862.7704038098454,203.2297210469842,659.5406598746777,100.1339826062322,0,100.1339826062322,654.4843581020832,0,654.4843581020832,654.4843581020832,0,654.4843581020832,0,0,0,0,0,0,0,0,0,0,0,0,38260.49053764343,38260.49053764343,0,208.286023773253,203.2297210469842,5.056302726268768,.91306746,1,.40459985,,.40000001,,
2010,1005,4794.6255914661,28.97875568713062,.0060440078,37960.90579150245,37915.90323636681,45.00260854139924,37960.90579150245,37915.90323636681,45.00260854139924,862.7704038098454,203.2297210469842,659.5406598746777,39.94630581513047,0,39.94630581513047,654.4843581020832,0,654.4843581020832,654.4843581020832,0,654.4843581020832,0,0,0,0,0,0,0,0,0,0,0,0,37712.6735534668,37712.6735534668,0,208.286023773253,203.2297210469842,5.056302726268768,.92755622,1,.50383317,,.5,,
2011,1005,4794.6255914661,28.97875568713062,.0060440078,41573.14426840842,41515.05003926903,58.09425584226847,41573.14426840842,41515.05003926903,58.09425584226847,862.7704038098454,203.2297210469842,659.5406598746777,53.0379531159997,0,53.0379531159997,654.4843581020832,0,654.4843581020832,654.4843581020832,0,654.4843581020832,0,0,0,0,0,0,0,0,0,0,0,0,41311.82029533386,41311.82029533386,0,208.286023773253,203.2297210469842,5.056302726268768,.97102249,1,.80153328,,.80000001,,
2012,1005,4794.6255914661,28.97875568713062,.0060440078,41642.20559195057,41567.32719037682,74.87841683253646,41642.20559195057,41567.32719037682,74.87841683253646,862.7704038098454,203.2297210469842,659.5406598746777,69.82211410626769,0,69.82211410626769,654.4843581020832,0,654.4843581020832,654.4843581020832,0,654.4843581020832,0,0,0,0,0,0,0,0,0,0,0,0,41364.09738540649,41364.09738540649,0,208.286023773253,203.2297210469842,5.056302726268768,.94928932,1,.6526832,,.64999998,,
2013,1005,4794.6255914661,28.97875568713062,.0060440078,36693.44898013771,36535.32106778771,158.1278665736318,36693.44898013771,36535.32106778771,158.1278665736318,862.7704038098454,203.2297210469842,659.5406598746777,153.071563847363,0,153.071563847363,654.4843581020832,0,654.4843581020832,654.4843581020832,0,654.4843581020832,0,0,0,0,0,0,0,0,0,0,0,0,36332.09126281738,36332.09126281738,0,208.286023773253,203.2297210469842,5.056302726268768,.90582305,1,.35498315,,.34999999,,
2014,1005,4794.6255914661,28.97875568713062,.0060440078,36202.51200392842,36059.48994443566,143.0221205279231,36202.51200392842,36059.48994443566,143.0221205279231,862.7704038098454,203.2297210469842,659.5406598746777,137.9658178016543,0,137.9658178016543,654.4843581020832,0,654.4843581020832,654.4843581020832,0,654.4843581020832,0,0,0,0,0,0,0,0,0,0,0,0,35856.26026153564,35856.26026153564,0,208.286023773253,203.2297210469842,5.056302726268768,.86235678,1,.057283081,,.050000001,,
2015,1005,4794.6255914661,28.97875568713062,.0060440078,35617.75886073709,35472.49879834801,145.2600013539195,35617.75886073709,35472.49879834801,145.2600013539195,862.7704038098454,203.2297210469842,659.5406598746777,140.2036986276507,0,140.2036986276507,654.4843581020832,0,654.4843581020832,654.4843581020832,0,654.4843581020832,0,0,0,0,0,0,0,0,0,0,0,0,35269.26899337769,35269.26899337769,0,208.286023773253,203.2297210469842,5.056302726268768,.88408989,1,.20613311,,.2,,
2016,1005,4794.6255914661,28.97875568713062,.0060440078,35718.7708555758,35592.42105672508,126.3498522564769,35718.7708555758,35592.42105672508,126.3498522564769,862.7704038098454,203.2297210469842,659.5406598746777,121.2935495302081,0,121.2935495302081,654.4843581020832,0,654.4843581020832,654.4843581020832,0,654.4843581020832,0,0,0,0,0,0,0,0,0,0,0,0,35389.19125175476,35389.19125175476,0,208.286023773253,203.2297210469842,5.056302726268768,.94204491,1,.60306662,,.60000002,,
2017,1005,4794.6255914661,28.97875568713062,.0060440078,35984.41154309362,35878.98594281822,105.4255926460028,35984.41154309362,35878.98594281822,105.4255926460028,862.7704038098454,203.2297210469842,659.5406598746777,100.369289919734,0,100.369289919734,654.4843581020832,0,654.4843581020832,654.4843581020832,0,654.4843581020832,0,0,0,0,0,0,0,0,0,0,0,0,35675.7561378479,35675.7561378479,0,208.286023773253,203.2297210469842,5.056302726268768,.97826684,1,.85114998,,.85000002,,
2018,1005,4794.6255914661,28.97875568713062,.0060440078,36394.95898952335,36256.41269300133,138.5463422983885,36394.95898952335,36256.41269300133,138.5463422983885,862.7704038098454,203.2297210469842,659.5406598746777,133.4900395721197,0,133.4900395721197,654.4843581020832,0,654.4843581020832,654.4843581020832,0,654.4843581020832,0,0,0,0,0,0,0,0,0,0,0,0,36053.18301010132,36053.18301010132,0,208.286023773253,203.2297210469842,5.056302726268768,.90582305,1,.35498315,,.34999999,,
2019,1005,4794.6255914661,28.97875568713062,.0060440078,36549.03013549373,36497.84312818199,51.18696535006166,36549.03013549373,36497.84312818199,51.18696535006166,862.7704038098454,203.2297210469842,659.5406598746777,46.13066274300218,0,46.13066274300218,654.4843581020832,0,654.4843581020832,654.4843581020832,0,654.4843581020832,0,0,0,0,0,0,0,0,0,0,0,0,36294.61332321167,36294.61332321167,0,208.286023773253,203.2297210469842,5.056302726268768,.96377814,1,.75191659,,.75,,
2020,1005,4794.6255914661,28.97875568713062,.0060440078,36037.49567408487,35948.7902412191,88.70540234819055,36037.49567408487,35948.7902412191,88.70540234819055,862.7704038098454,203.2297210469842,659.5406598746777,83.64910009875894,0,83.64910009875894,654.4843581020832,0,654.4843581020832,654.4843581020832,0,654.4843581020832,0,0,0,0,0,0,0,0,0,0,0,0,35745.56043624878,35745.56043624878,0,208.286023773253,203.2297210469842,5.056302726268768,.88408989,1,.20613311,,.2,,
2021,1005,4794.6255914661,28.97875568713062,.0060440078,37960.76822432131,37792.0906848684,168.6775852292776,37960.76822432131,37792.0906848684,168.6775852292776,862.7704038098454,203.2297210469842,659.5406598746777,163.6212827414274,0,163.6212827414274,654.4843581020832,0,654.4843581020832,654.4843581020832,0,654.4843581020832,0,0,0,0,0,0,0,0,0,0,0,0,37588.86100196838,37588.86100196838,0,208.286023773253,203.2297210469842,5.056302726268768,.86235678,1,.057283081,,.050000001,,
2022,1005,4794.6255914661,28.97875568713062,.0060440078,37712.08916350082,37629.4709090963,82.61825440451503,37712.08916350082,37629.4709090963,82.61825440451503,862.7704038098454,203.2297210469842,659.5406598746777,77.56195206008852,0,77.56195206008852,654.4843581020832,0,654.4843581020832,654.4843581020832,0,654.4843581020832,0,0,0,0,0,0,0,0,0,0,0,0,37426.24110412598,37426.24110412598,0,208.286023773253,203.2297210469842,5.056302726268768,.86235678,1,.057283081,,.050000001,,
2023,1005,4794.6255914661,28.97875568713062,.0060440078,34934.42498354614,34842.42864987999,91.99630314856768,34934.42498354614,34842.42864987999,91.99630314856768,862.7704038098454,203.2297210469842,659.5406598746777,86.94000083208084,0,86.94000083208084,654.4843581020832,0,654.4843581020832,654.4843581020832,0,654.4843581020832,0,0,0,0,0,0,0,0,0,0,0,0,34639.19884490967,34639.19884490967,0,208.286023773253,203.2297210469842,5.056302726268768,1,1,1,,1,,
2024,1005,4794.6255914661,28.97875568713062,.0060440078,33161.87733814865,33100.18527791649,61.69206023216248,33161.87733814865,33100.18527791649,61.69206023216248,862.7704038098454,203.2297210469842,659.5406598746777,56.63575845956802,0,56.63575845956802,654.4843581020832,0,654.4843581020832,654.4843581020832,0,654.4843581020832,0,0,0,0,0,0,0,0,0,0,0,0,32896.95547294617,32896.95547294617,0,208.286023773253,203.2297210469842,5.056302726268768,.91306746,1,.40459985,,.40000001,,
1993,1006,8355.586055267901,1821.147374870256,.21795568,2849437.468431473,2848723.678697586,713.7897053956985,2849437.468431473,2848723.678697586,713.7897053956985,1311.163505554199,190.845091342926,1120.318435668945,33.28970539569855,0,33.28970539569855,439.8184356689453,0,439.8184356689453,439.8184356689453,0,439.8184356689453,0,0,0,0,0,0,0,0,0,0,0,0,2848532.833534241,2848532.833534241,0,871.345091342926,190.845091342926,680.5,1,1,1,,1,,
1994,1006,8355.586055267901,1821.147374870256,.21795568,3131055.169635773,3130315.142477036,740.027149438858,3131055.169635773,3130315.142477036,740.027149438858,1311.163505554199,190.845091342926,1120.318435668945,59.52714943885803,0,59.52714943885803,439.8184356689453,0,439.8184356689453,439.8184356689453,0,439.8184356689453,0,0,0,0,0,0,0,0,0,0,0,0,3130124.297315598,3130124.297315598,0,871.345091342926,190.845091342926,680.5,.96139079,1,.80370831,,.5,,
1995,1006,8355.586055267901,1821.147374870256,.21795568,3130862.93466568,3130151.419872284,711.5147829055786,3130862.93466568,3130151.419872284,711.5147829055786,1311.163505554199,190.845091342926,1120.318435668945,31.01478290557861,0,31.01478290557861,439.8184356689453,0,439.8184356689453,439.8184356689453,0,439.8184356689453,0,0,0,0,0,0,0,0,0,0,0,0,3129960.574710846,3129960.574710846,0,871.345091342926,190.845091342926,680.5,1,1,1,,1,,
1996,1006,8355.586055267901,1821.147374870256,.21795568,3232993.511026382,3232276.233156204,717.2779203653336,3232993.511026382,3232276.233156204,717.2779203653336,1311.163505554199,190.845091342926,1120.318435668945,36.77792036533356,0,36.77792036533356,439.8184356689453,0,439.8184356689453,439.8184356689453,0,439.8184356689453,0,0,0,0,0,0,0,0,0,0,0,0,3232085.387992859,3232085.387992859,0,871.345091342926,190.845091342926,680.5,1,1,1,,1,,
1997,1006,8355.586055267901,1821.147374870256,.21795568,3193387.552854538,3192657.687074661,729.8658285140991,3193387.552854538,3192657.687074661,729.8658285140991,1311.163505554199,190.845091342926,1120.318435668945,49.36582851409912,0,49.36582851409912,439.8184356689453,0,439.8184356689453,439.8184356689453,0,439.8184356689453,0,0,0,0,0,0,0,0,0,0,0,0,3192466.841791153,3192466.841791153,0,871.345091342926,190.845091342926,680.5,1,1,1,,1,,
1998,1006,8355.586055267901,1821.147374870256,.21795568,3107443.698753357,3106749.018356323,694.6803529858589,3107443.698753357,3106749.018356323,694.6803529858589,1311.163505554199,190.845091342926,1120.318435668945,14.18035298585892,0,14.18035298585892,439.8184356689453,0,439.8184356689453,439.8184356689453,0,439.8184356689453,0,0,0,0,0,0,0,0,0,0,0,0,3106558.173192978,3106558.173192978,0,871.345091342926,190.845091342926,680.5,1,1,1,,1,,
1999,1006,8355.586055267901,1821.147374870256,.21795568,3082156.326164246,3081389.985782623,766.3404264450073,3082156.326164246,3081389.985782623,766.3404264450073,1311.163505554199,190.845091342926,1120.318435668945,85.84042644500732,0,85.84042644500732,439.8184356689453,0,439.8184356689453,439.8184356689453,0,439.8184356689453,0,0,0,0,0,0,0,0,0,0,0,0,3081199.140636444,3081199.140636444,0,871.345091342926,190.845091342926,680.5,1,1,1,,1,,
2000,1006,8355.586055267901,1821.147374870256,.21795568,3121383.662895203,3120612.620943069,771.0419316291809,3121383.662895203,3120612.620943069,771.0419316291809,1311.163505554199,190.845091342926,1120.318435668945,90.54193162918091,0,90.54193162918091,439.8184356689453,0,439.8184356689453,439.8184356689453,0,439.8184356689453,0,0,0,0,0,0,0,0,0,0,0,0,3120421.775781631,3120421.775781631,0,871.345091342926,190.845091342926,680.5,.99227816,1,.96074164,,.89999998,,
2001,1006,8355.586055267901,1821.147374870256,.21795568,3149636.223796844,3148875.570709229,760.6531181335449,3149636.223796844,3148875.570709229,760.6531181335449,1311.163505554199,190.845091342926,1120.318435668945,80.15311813354492,0,80.15311813354492,439.8184356689453,0,439.8184356689453,439.8184356689453,0,439.8184356689453,0,0,0,0,0,0,0,0,0,0,0,0,3148684.725547791,3148684.725547791,0,871.345091342926,190.845091342926,680.5,.95289671,1,.76052409,,.38999999,,
2002,1006,8355.586055267901,1821.147374870256,.21795568,3188621.510513306,3187775.017049789,846.4935436248779,3188621.510513306,3187775.017049789,846.4935436248779,1311.163505554199,190.845091342926,1120.318435668945,165.9935436248779,0,165.9935436248779,439.8184356689453,0,439.8184356689453,439.8184356689453,0,439.8184356689453,0,0,0,0,0,0,0,0,0,0,0,0,3187584.171888351,3187584.171888351,0,871.345091342926,190.845091342926,680.5,.97683442,1,.88222498,,.69999999,,
2003,1006,8355.586055267901,1821.147374870256,.21795568,3026651.358650208,3025852.335191727,799.0234837532043,3026651.358650208,3025852.335191727,799.0234837532043,1311.163505554199,190.845091342926,1120.318435668945,118.5234837532043,0,118.5234837532043,439.8184356689453,0,439.8184356689453,439.8184356689453,0,439.8184356689453,0,0,0,0,0,0,0,0,0,0,0,0,3025661.490030289,3025661.490030289,0,871.345091342926,190.845091342926,680.5,.99227816,1,.96074164,,.89999998,,
2004,1006,8355.586055267901,1821.147374870256,.21795568,2786644.649303436,2785812.032840729,832.6165142059326,2786644.649303436,2785812.032840729,832.6165142059326,1311.163505554199,190.845091342926,1120.318435668945,152.1165142059326,0,152.1165142059326,439.8184356689453,0,439.8184356689453,439.8184356689453,0,439.8184356689453,0,0,0,0,0,0,0,0,0,0,0,0,2785621.187679291,2785621.187679291,0,871.345091342926,190.845091342926,680.5,.97297353,1,.8625958,,.64999998,,
2005,1006,8355.586055267901,1821.147374870256,.21795568,2823686.555221558,2822944.859777451,741.6954274177551,2823686.555221558,2822944.859777451,741.6954274177551,1311.163505554199,190.845091342926,1120.318435668945,61.19542741775513,0,61.19542741775513,439.8184356689453,0,439.8184356689453,439.8184356689453,0,439.8184356689453,0,0,0,0,0,0,0,0,0,0,0,0,2822754.014616013,2822754.014616013,0,871.345091342926,190.845091342926,680.5,.99227816,1,.96074164,,.89999998,,
2006,1006,8355.586055267901,1821.147374870256,.21795568,2955755.258079529,2955026.150531769,729.1075196266174,2955755.258079529,2955026.150531769,729.1075196266174,1311.163505554199,190.845091342926,1120.318435668945,48.60751962661743,0,48.60751962661743,439.8184356689453,0,439.8184356689453,439.8184356689453,0,439.8184356689453,0,0,0,0,0,0,0,0,0,0,0,0,2954835.305370331,2954835.305370331,0,871.345091342926,190.845091342926,680.5,1,1,1,,1,,
2007,1006,8355.586055267901,1821.147374870256,.21795568,2914510.127269745,2913695.558530807,814.5687918663025,2914510.127269745,2913695.558530807,814.5687918663025,1311.163505554199,190.845091342926,1120.318435668945,134.0687918663025,0,134.0687918663025,439.8184356689453,0,439.8184356689453,439.8184356689453,0,439.8184356689453,0,0,0,0,0,0,0,0,0,0,0,0,2913504.713367462,2913504.713367462,0,871.345091342926,190.845091342926,680.5,.96911258,1,.84296668,,.60000002,,
2008,1006,8355.586055267901,1821.147374870256,.21795568,2881417.657505035,2880672.852977753,744.8044888973236,2881417.657505035,2880672.852977753,744.8044888973236,1311.163505554199,190.845091342926,1120.318435668945,64.30448889732361,0,64.30448889732361,439.8184356689453,0,439.8184356689453,439.8184356689453,0,439.8184356689453,0,0,0,0,0,0,0,0,0,0,0,0,2880482.007814407,2880482.007814407,0,871.345091342926,190.845091342926,680.5,.949808,1,.74482077,,.34999999,,
2009,1006,8355.586055267901,1821.147374870256,.21795568,2645081.078594208,2644332.785930634,748.2927029132843,2645081.078594208,2644332.785930634,748.2927029132843,1311.163505554199,190.845091342926,1120.318435668945,67.7927029132843,0,67.7927029132843,439.8184356689453,0,439.8184356689453,439.8184356689453,0,439.8184356689453,0,0,0,0,0,0,0,0,0,0,0,0,2644141.940769196,2644141.940769196,0,871.345091342926,190.845091342926,680.5,.95366889,1,.76444995,,.40000001,,
2010,1006,8355.586055267901,1821.147374870256,.21795568,2606966.682775497,2606259.11120224,707.5715825557709,2606966.682775497,2606259.11120224,707.5715825557709,1311.163505554199,190.845091342926,1120.318435668945,27.07158255577087,0,27.07158255577087,439.8184356689453,0,439.8184356689453,439.8184356689453,0,439.8184356689453,0,0,0,0,0,0,0,0,0,0,0,0,2606068.266160965,2606068.266160965,0,871.345091342926,190.845091342926,680.5,.96139079,1,.80370831,,.5,,
2011,1006,8355.586055267901,1821.147374870256,.21795568,2861974.317699432,2861257.873962402,716.4437824487686,2861974.317699432,2861257.873962402,716.4437824487686,1311.163505554199,190.845091342926,1120.318435668945,35.94378244876862,0,35.94378244876862,439.8184356689453,0,439.8184356689453,439.8184356689453,0,439.8184356689453,0,0,0,0,0,0,0,0,0,0,0,0,2861067.028799057,2861067.028799057,0,871.345091342926,190.845091342926,680.5,.98455632,1,.92148334,,.80000001,,
2012,1006,8355.586055267901,1821.147374870256,.21795568,2860412.337852478,2859684.519414902,727.8183982372284,2860412.337852478,2859684.519414902,727.8183982372284,1311.163505554199,190.845091342926,1120.318435668945,47.31839823722839,0,47.31839823722839,439.8184356689453,0,439.8184356689453,439.8184356689453,0,439.8184356689453,0,0,0,0,0,0,0,0,0,0,0,0,2859493.674131393,2859493.674131393,0,871.345091342926,190.845091342926,680.5,.97297353,1,.8625958,,.64999998,,
2013,1006,8355.586055267901,1821.147374870256,.21795568,2503357.116889954,2502572.880495071,784.2364864349365,2503357.116889954,2502572.880495071,784.2364864349365,1311.163505554199,190.845091342926,1120.318435668945,103.7364864349365,0,103.7364864349365,439.8184356689453,0,439.8184356689453,439.8184356689453,0,439.8184356689453,0,0,0,0,0,0,0,0,0,0,0,0,2502382.035455704,2502382.035455704,0,871.345091342926,190.845091342926,680.5,.949808,1,.74482077,,.34999999,,
2014,1006,8355.586055267901,1821.147374870256,.21795568,2464998.724693298,2464224.725486755,773.9993329048157,2464998.724693298,2464224.725486755,773.9993329048157,1311.163505554199,190.845091342926,1120.318435668945,93.49933290481567,0,93.49933290481567,439.8184356689453,0,439.8184356689453,439.8184356689453,0,439.8184356689453,0,0,0,0,0,0,0,0,0,0,0,0,2464033.880205154,2464033.880205154,0,871.345091342926,190.845091342926,680.5,.92664242,1,.62704575,,.050000001,,
2015,1006,8355.586055267901,1821.147374870256,.21795568,2424747.745658875,2423972.229736328,775.5159506797791,2424747.745658875,2423972.229736328,775.5159506797791,1311.163505554199,190.845091342926,1120.318435668945,95.01595067977905,0,95.01595067977905,439.8184356689453,0,439.8184356689453,439.8184356689453,0,439.8184356689453,0,0,0,0,0,0,0,0,0,0,0,0,2423781.384588242,2423781.384588242,0,871.345091342926,190.845091342926,680.5,.93822521,1,.68593329,,.2,,
2016,1006,8355.586055267901,1821.147374870256,.21795568,2430641.121986389,2429878.421440125,762.7005505561829,2430641.121986389,2429878.421440125,762.7005505561829,1311.163505554199,190.845091342926,1120.318435668945,82.20055055618286,0,82.20055055618286,439.8184356689453,0,439.8184356689453,439.8184356689453,0,439.8184356689453,0,0,0,0,0,0,0,0,0,0,0,0,2429687.576263428,2429687.576263428,0,871.345091342926,190.845091342926,680.5,.96911258,1,.84296668,,.60000002,,
2017,1006,8355.586055267901,1821.147374870256,.21795568,2457125.028652191,2456376.508377075,748.5201964378357,2457125.028652191,2456376.508377075,748.5201964378357,1311.163505554199,190.845091342926,1120.318435668945,68.02019643783569,0,68.02019643783569,439.8184356689453,0,439.8184356689453,439.8184356689453,0,439.8184356689453,0,0,0,0,0,0,0,0,0,0,0,0,2456185.663217545,2456185.663217545,0,871.345091342926,190.845091342926,680.5,.98841721,1,.94111252,,.85000002,,
2018,1006,8355.586055267901,1821.147374870256,.21795568,2483393.020973206,2482622.05493927,770.9661011695862,2483393.020973206,2482622.05493927,770.9661011695862,1311.163505554199,190.845091342926,1120.318435668945,90.46610116958618,0,90.46610116958618,439.8184356689453,0,439.8184356689453,439.8184356689453,0,439.8184356689453,0,0,0,0,0,0,0,0,0,0,0,0,2482431.209899902,2482431.209899902,0,871.345091342926,190.845091342926,680.5,.949808,1,.74482077,,.34999999,,
2019,1006,8355.586055267901,1821.147374870256,.21795568,2497789.894441605,2497078.834747314,711.0597975254059,2497789.894441605,2497078.834747314,711.0597975254059,1311.163505554199,190.845091342926,1120.318435668945,30.55979752540588,0,30.55979752540588,439.8184356689453,0,439.8184356689453,439.8184356689453,0,439.8184356689453,0,0,0,0,0,0,0,0,0,0,0,0,2496887.98956871,2496887.98956871,0,871.345091342926,190.845091342926,680.5,.98069537,1,.90185416,,.75,,
2020,1006,8355.586055267901,1821.147374870256,.21795568,2456063.577823639,2455328.858774185,734.7189955711365,2456063.577823639,2455328.858774185,734.7189955711365,1311.163505554199,190.845091342926,1120.318435668945,54.21899557113647,0,54.21899557113647,439.8184356689453,0,439.8184356689453,439.8184356689453,0,439.8184356689453,0,0,0,0,0,0,0,0,0,0,0,0,2455138.013490677,2455138.013490677,0,871.345091342926,190.845091342926,680.5,.93822521,1,.68593329,,.2,,
2021,1006,8355.586055267901,1821.147374870256,.21795568,2584895.851303101,2584105.851718903,789.9996242523193,2584895.851303101,2584105.851718903,789.9996242523193,1311.163505554199,190.845091342926,1120.318435668945,109.4996242523193,0,109.4996242523193,439.8184356689453,0,439.8184356689453,439.8184356689453,0,439.8184356689453,0,0,0,0,0,0,0,0,0,0,0,0,2583915.006679535,2583915.006679535,0,871.345091342926,190.845091342926,680.5,.92664242,1,.62704575,,.050000001,,
2022,1006,8355.586055267901,1821.147374870256,.21795568,2579842.006713867,2579108.955944061,733.0507197380066,2579842.006713867,2579108.955944061,733.0507197380066,1311.163505554199,190.845091342926,1120.318435668945,52.55071973800659,0,52.55071973800659,439.8184356689453,0,439.8184356689453,439.8184356689453,0,439.8184356689453,0,0,0,0,0,0,0,0,0,0,0,0,2578918.110660553,2578918.110660553,0,871.345091342926,190.845091342926,680.5,.92664242,1,.62704575,,.050000001,,
2023,1006,8355.586055267901,1821.147374870256,.21795568,2392619.243709564,2391879.898986816,739.3446729183197,2392619.243709564,2391879.898986816,739.3446729183197,1311.163505554199,190.845091342926,1120.318435668945,58.8446729183197,0,58.8446729183197,439.8184356689453,0,439.8184356689453,439.8184356689453,0,439.8184356689453,0,0,0,0,0,0,0,0,0,0,0,0,2391689.053945541,2391689.053945541,0,871.345091342926,190.845091342926,680.5,1,1,1,,1,,
2024,1006,8355.586055267901,1821.147374870256,.21795568,2261454.642528534,2260739.639474869,715.0029988288879,2261454.642528534,2260739.639474869,715.0029988288879,1311.163505554199,190.845091342926,1120.318435668945,34.50299882888794,0,34.50299882888794,439.8184356689453,0,439.8184356689453,439.8184356689453,0,439.8184356689453,0,0,0,0,0,0,0,0,0,0,0,0,2260548.794311523,2260548.794311523,0,871.345091342926,190.845091342926,680.5,.95366889,1,.76444995,,.40000001,,
